date,open,high,low,close,volume,symbol
2023-01-02,79.16482381855681,81.25465414973692,78.8165124363158,79.76191711425781,18024909,RELIANCE.NS
2023-01-03,80.25949557140834,80.85658886298282,79.46336612100694,79.96094512939453,14562959,RELIANCE.NS
2023-01-04,80.20973582417957,80.20973582417957,77.22426172953924,78.81651306152344,19770399,RELIANCE.NS
2023-01-05,78.81650773680433,81.7522282870066,78.81650773680433,81.55319213867188,32813046,RELIANCE.NS
2023-01-06,81.90150404452781,83.09569057266282,80.70730992394003,81.35416412353516,25418809,RELIANCE.NS
2023-01-09,81.95125431549087,82.34931900743119,80.3590031401821,81.05561065673828,14591225,RELIANCE.NS
2023-01-10,81.05561490624677,81.25465105887807,77.92087332494613,79.46336364746094,15654141,RELIANCE.NS
2023-01-11,79.51312346484895,81.05561376565832,78.71699405043245,80.60779571533203,12606176,RELIANCE.NS
2023-01-12,81.00586310601503,81.00586310601503,78.7169966580841,79.61264038085938,11149830,RELIANCE.NS
2023-01-13,79.86142421515082,80.90634308298426,79.21457003946595,80.30924224853516,11720884,RELIANCE.NS
2023-01-16,80.5580323178724,81.40392264200894,79.11505633984987,79.36384582519531,8801145,RELIANCE.NS
2023-01-17,79.51312664839588,79.81166949641553,78.11990391361155,79.41361236572266,9659104,RELIANCE.NS
2023-01-18,79.61263423938286,80.80682071599261,79.16481620876732,80.5082778930664,12217656,RELIANCE.NS
2023-01-19,80.55803744840087,81.40392782640993,79.21457566046448,79.61264038085938,11636323,RELIANCE.NS
2023-01-20,80.30924582838253,82.94641598991169,79.91118871094275,80.40876770019531,34188777,RELIANCE.NS
2023-01-23,80.70731211261237,81.05561589339287,79.1150608344351,79.8116683959961,10598963,RELIANCE.NS
2023-01-24,79.96094228662585,80.30924606162365,77.82135110813527,78.16966247558594,11680665,RELIANCE.NS
2023-01-25,78.11990847312434,78.21942276160577,75.88080281625135,76.32862091064453,12122314,RELIANCE.NS
2023-01-27,76.32861682689993,76.82619583513906,71.30307339915669,72.89532470703125,24286328,RELIANCE.NS
2023-01-30,72.79580831894417,74.38805958077792,72.3479826690062,73.69145202636719,15140765,RELIANCE.NS
2023-01-31,74.03975389403969,78.51796472320598,73.64168919073437,78.0203857421875,21605272,RELIANCE.NS
2023-02-01,78.76675391324753,79.31408623480834,73.54217463248348,75.23394012451172,25871135,RELIANCE.NS
2023-02-02,74.63684686805779,77.92087116723341,73.49241369759037,75.23394012451172,19704904,RELIANCE.NS
2023-02-03,75.83102928986949,75.83102928986949,73.04459171259569,74.58708190917969,20381422,RELIANCE.NS
2023-02-06,74.53733319274147,76.42813484716095,73.89047899616997,74.28854370117188,18279464,RELIANCE.NS
2023-02-07,74.83588055613244,75.93056045924959,74.0895120362543,74.73636627197266,10950829,RELIANCE.NS
2023-02-08,74.7861245518537,75.98031110422762,73.69145228010211,75.73152160644531,10258753,RELIANCE.NS
2023-02-09,75.831033320607,76.22909802207701,74.43781825414102,75.98030853271484,10229353,RELIANCE.NS
2023-02-10,75.23394066547317,76.27885956612043,74.53733312667683,75.034912109375,9331734,RELIANCE.NS
2023-02-13,75.53249577485236,76.12958907261755,70.20840184839524,71.20355987548828,39475505,RELIANCE.NS
2023-02-14,71.20355174239089,71.7508840393021,69.11371405024089,70.65621185302734,23192868,RELIANCE.NS
2023-02-15,70.65621937608886,71.70113833342073,69.46203278981227,71.402587890625,11358552,RELIANCE.NS
2023-02-16,71.85041030993106,72.94509027145078,71.10404175023322,72.5967788696289,13731805,RELIANCE.NS
2023-02-17,71.90016326271683,72.94508216718378,71.25330906435407,72.0494384765625,11520434,RELIANCE.NS
2023-02-20,71.90016333186354,72.198713759842,70.25815116288751,71.30307006835938,14307992,RELIANCE.NS
2023-02-21,71.25331538639281,72.09919821663328,69.95961446733487,70.40743255615234,10208971,RELIANCE.NS
2023-02-22,70.15863872534115,70.15863872534115,68.06880845201306,68.46687316894531,12057163,RELIANCE.NS
2023-02-23,68.81517843193069,69.46203266182748,67.67074519325993,68.61614227294922,9376810,RELIANCE.NS
2023-02-24,68.71566373528275,69.36251036883506,67.86977335149325,68.06880950927734,6920781,RELIANCE.NS
2023-02-27,68.019048215953,68.26783771754205,65.97897885839471,66.77510070800781,10127233,RELIANCE.NS
2023-02-28,66.92438002427853,69.90985422610508,66.92438002427853,69.4620361328125,17700910,RELIANCE.NS
2023-03-01,69.41226733753635,72.74604496715688,69.16347784887134,72.44750213623047,19033336,RELIANCE.NS
2023-03-02,72.54701874154203,75.383217484858,72.14895402841194,74.43782043457031,33846022,RELIANCE.NS
2023-03-03,74.9354035107596,75.13443208194236,73.74120930630309,74.33830261230469,12536302,RELIANCE.NS
2023-03-06,75.13443155867915,75.13443155867915,73.89048401631692,74.53733825683594,8700081,RELIANCE.NS
2023-03-08,74.13927451840976,77.97063148174294,73.84072406726033,77.67208862304688,23004128,RELIANCE.NS
2023-03-09,77.97062746691923,79.56287874200433,76.8261942530461,77.02523040771484,23650904,RELIANCE.NS
2023-03-10,75.63200873833198,77.82135332272351,75.38321923590325,76.62716674804688,17430705,RELIANCE.NS
2023-03-13,76.67692542348452,77.22425775720914,73.64169054641467,73.8904800415039,13019179,RELIANCE.NS
2023-03-14,73.98999478512911,74.6368489949089,72.99483679853033,74.43782043457031,11433968,RELIANCE.NS
2023-03-15,74.78612721027915,75.8807995209431,74.43782341949333,74.73636627197266,9616546,RELIANCE.NS
2023-03-16,74.63684686805779,75.63200482629857,72.89532044113645,75.23394012451172,10750873,RELIANCE.NS
2023-03-17,75.68176775486255,76.37837530700062,75.13442782643058,75.93055725097656,8659283,RELIANCE.NS
2023-03-20,75.88079600221782,75.98031028176294,73.24362583578132,73.8904800415039,9561209,RELIANCE.NS
2023-03-21,74.28854808711883,75.6320099024212,74.18903380310628,75.48273468017578,6583494,RELIANCE.NS
2023-03-22,75.73152286338959,76.07982664757517,73.64169256582306,73.8407211303711,8870115,RELIANCE.NS
2023-03-23,73.84072470248971,74.58709324433072,73.54218184122536,73.94024658203125,9246419,RELIANCE.NS
2023-03-24,73.89048084310119,74.13927034088941,71.05428208680607,71.45234680175781,8853059,RELIANCE.NS
2023-03-27,71.750889730052,71.94992588399406,70.3079136781235,70.70597839355469,9250889,RELIANCE.NS
2023-03-28,71.10403612347193,71.10403612347193,69.26299534039727,69.76057434082031,8741706,RELIANCE.NS
2023-03-29,69.86008811203163,70.90500704226729,69.3625091152438,69.95960998535156,21242210,RELIANCE.NS
2023-03-31,70.35766200462292,72.04943502644129,69.46202594934238,69.7108154296875,17429246,RELIANCE.NS
2023-04-03,70.65622277656172,71.10404086985429,69.16348567564845,69.4620361328125,20010201,RELIANCE.NS
2023-04-05,69.76057197672337,69.76057197672337,67.47171320781568,67.77025604248047,33221018,RELIANCE.NS
2023-04-06,67.77025337353466,70.65621288302182,67.27267440956972,70.25814819335938,36406171,RELIANCE.NS
2023-04-10,70.55670061882124,72.39774131945076,70.45718634168367,70.95476531982422,19229627,RELIANCE.NS
2023-04-11,70.95476927211081,72.44750628968015,70.85524739697705,71.60161590576172,12046522,RELIANCE.NS
2023-04-12,73.64168977934811,73.84071833636524,71.20355578985081,71.30307006835938,30215325,RELIANCE.NS
2023-04-13,71.75088964363191,72.04944007795895,71.15379636743077,71.45234680175781,13653616,RELIANCE.NS
2023-04-17,71.4523426776654,72.64652916114152,70.65621329371298,72.29822540283203,10021225,RELIANCE.NS
2023-04-18,72.74605114688316,75.3334605303073,72.64653686145402,75.08467102050781,36556170,RELIANCE.NS
2023-04-19,75.184187322675,76.57740240026769,74.63684740472591,75.034912109375,19669027,RELIANCE.NS
2023-04-20,75.18419076911495,76.27886306274011,74.88564032882941,75.88079833984375,10833263,RELIANCE.NS
2023-04-21,75.63200383487333,76.07982187323037,74.28854212734966,74.88563537597656,9544452,RELIANCE.NS
2023-04-24,74.88563580411423,76.5276479415654,74.63684631639292,76.1793441772461,10625904,RELIANCE.NS
2023-04-25,76.57740172892665,77.47304540842194,75.980308473414,76.72667694091797,15881484,RELIANCE.NS
2023-04-26,76.77643683894478,77.87110905801096,76.22909693318539,77.12474060058594,15774821,RELIANCE.NS
2023-04-27,77.07498020401326,77.32376969155682,76.47788695239925,76.92571258544922,8190609,RELIANCE.NS
2023-04-28,77.42329248345587,78.26917523269674,77.17450299294663,78.0203857421875,14254949,RELIANCE.NS
2023-05-02,78.0203923099235,82.00102449315986,77.77160279847122,81.20489501953125,35606484,RELIANCE.NS
2023-05-03,81.10536891787191,87.52413434126247,80.40876142426987,86.52897644042969,89592598,RELIANCE.NS
2023-05-04,86.57874359436767,87.47438728797238,84.38939909218087,85.63334655761719,24553286,RELIANCE.NS
2023-05-05,85.13577024322637,85.23528452509375,79.21457556645522,80.3590087890625,64424735,RELIANCE.NS
2023-05-08,81.00586644735077,82.00102449315986,79.26433986718486,81.20489501953125,31172930,RELIANCE.NS
2023-05-09,81.20489332414445,81.602958052648,78.41845540952595,79.01554870605469,20842146,RELIANCE.NS
2023-05-10,78.81650935846608,80.55803583185033,77.82135137367509,80.20973205566406,15936655,RELIANCE.NS
2023-05-11,80.35900420543884,81.50343736276842,80.35900420543884,80.65755462646484,10982435,RELIANCE.NS
2023-05-12,80.65755867784188,81.5034414566336,79.61263974421782,80.55803680419922,14913713,RELIANCE.NS
2023-05-15,80.55803430523173,80.9063456672702,79.7619124879576,80.06045532226562,6660341,RELIANCE.NS
2023-05-16,80.20973697372216,82.05077783997831,80.15998362690371,81.20489501953125,17397846,RELIANCE.NS
2023-05-17,81.60294849894329,82.7971349521908,79.8116612266197,81.85173797607422,23479447,RELIANCE.NS
2023-05-18,82.54834705158633,83.19520122297097,81.10537109364962,81.25464630126953,15242495,RELIANCE.NS
2023-05-19,81.45367909953134,81.45367909953134,79.11505936631329,79.66239929199219,14458238,RELIANCE.NS
2023-05-22,79.96094220775176,80.11021742330439,78.76675566823643,78.91603088378906,16522857,RELIANCE.NS
2023-05-23,79.11505829161112,80.80682379671478,78.81650786485035,80.06045532226562,13196912,RELIANCE.NS
2023-05-24,79.81166894483032,80.60779838562011,79.46336516165466,79.61264038085938,7944636,RELIANCE.NS
2023-05-25,79.66240009488547,81.80198369830595,79.51312487797283,81.5034408569336,15727153,RELIANCE.NS
2023-05-26,81.70246762232266,81.80198190059315,78.0203861791453,78.56771850585938,34064193,RELIANCE.NS
2023-05-29,78.71699629453886,83.1952072952801,76.87595551272473,82.59811401367188,69936887,RELIANCE.NS
2023-05-30,82.54834601045594,83.49375058515659,81.15513100344843,81.6527099609375,21708061,RELIANCE.NS
2023-05-31,81.75223035430369,82.05077319567604,80.45852193099802,81.5034408569336,14009026,RELIANCE.NS
2023-06-01,81.60295867919922,82.89666715865563,81.40393010964588,81.60295867919922,11738032,RELIANCE.NS
2023-06-02,82.05077353362418,83.4937571797858,81.60295547349473,82.7971420288086,18339998,RELIANCE.NS
2023-06-05,83.09568624577899,85.5835810435568,82.94641103942185,85.18551635742188,27799817,RELIANCE.NS
2023-06-06,83.64302876027905,84.09084680093613,81.80198047824912,83.4439926147461,33451773,RELIANCE.NS
2023-06-07,83.59326880786266,84.53866583478002,83.44399359507237,83.79229736328125,14636223,RELIANCE.NS
2023-06-08,83.79230094053062,85.48407410362442,83.69278665857289,83.8918228149414,17859626,RELIANCE.NS
2023-06-09,83.99132940478013,86.18067377715745,82.6478677402553,85.38455200195312,27565304,RELIANCE.NS
2023-06-12,85.78260909332911,86.47922418814179,84.78745117998446,85.38455200195312,13270970,RELIANCE.NS
2023-06-13,85.8821366353022,86.32995468892645,84.38939966661759,84.68794250488281,15766317,RELIANCE.NS
2023-06-14,84.68794005262977,84.88697619816273,82.94641363959262,83.4439926147461,12406707,RELIANCE.NS
2023-06-15,83.7425450331084,85.18552105847067,83.34448032500588,84.14060974121094,13288056,RELIANCE.NS
2023-06-16,85.58357999510311,86.9270416509544,84.78745063258636,86.32994842529297,34525441,RELIANCE.NS
2023-06-19,87.47438765355277,89.713493100696,86.67825823536516,86.92704772949219,48262241,RELIANCE.NS
2023-06-20,86.23043861384852,87.97196504104848,85.53382348749692,87.52413940429688,20356316,RELIANCE.NS
2023-06-21,87.97196980654846,87.97196980654846,86.03140712707533,86.47923278808594,12787420,RELIANCE.NS
2023-06-22,86.47923396848095,86.77777682077655,84.68794648489458,85.33480072021484,14017753,RELIANCE.NS
2023-06-23,85.08600265248762,85.08600265248762,82.94641159361294,84.24011993408203,17269470,RELIANCE.NS
2023-06-26,84.68794214489692,84.68794214489692,82.89666234556135,83.39424133300781,12716576,RELIANCE.NS
2023-06-27,83.74254553765569,84.93673207670541,83.69278460167325,83.94157409667969,8859692,RELIANCE.NS
2023-06-28,84.28987984800449,85.38455972566801,84.09085128431276,84.63819122314453,14368143,RELIANCE.NS
2023-06-30,85.08600995381366,88.02172304974178,84.68794523086076,87.22560119628906,25365133,RELIANCE.NS
2023-07-03,87.22560515651074,88.71834224101765,86.6782651885435,87.8724594116211,19684273,RELIANCE.NS
2023-07-04,88.07148408928867,88.32027359236575,86.23044328500885,86.47923278808594,16087313,RELIANCE.NS
2023-07-05,87.17583765337494,92.94775698255724,86.67825866266794,92.49993133544922,83791105,RELIANCE.NS
2023-07-06,92.99751184955758,94.83856021929415,92.25114335127076,92.64920806884766,56439123,RELIANCE.NS
2023-07-07,92.10187590761174,92.54969397048774,88.81785147167774,91.1564712524414,31284507,RELIANCE.NS
2023-07-10,91.30574753596481,91.70381225897191,89.66373529884376,90.75840759277344,11075931,RELIANCE.NS
2023-07-11,91.25598127513176,94.04242658118497,91.05695272146481,93.49508666992188,22800419,RELIANCE.NS
2023-07-12,94.24145615951343,95.28637505875766,93.3458200658215,93.84339904785156,25725680,RELIANCE.NS
2023-07-13,94.44049516024648,96.03274643234397,90.90768124414798,91.35550689697266,36009798,RELIANCE.NS
2023-07-14,92.05210980098877,92.45017449699708,90.60913381946781,91.65404510498047,12918080,RELIANCE.NS
2023-07-17,92.05211885513798,93.19655212155739,91.7535684056535,92.54969787597656,11898240,RELIANCE.NS
2023-07-18,92.54969108794202,95.4854040585892,91.60429405466996,94.39073181152344,37436831,RELIANCE.NS
2023-07-19,94.88831435468418,95.83371901586672,93.8931563486729,94.49024963378906,20977209,RELIANCE.NS
2023-07-20,94.73903702502929,96.48056349675743,94.24145803310697,95.286376953125,24047166,RELIANCE.NS
2023-07-21,94.73903459684415,96.77911144841916,93.64436236116234,94.04242706298828,26435192,RELIANCE.NS
2023-07-24,94.54000627158776,98.22208768939483,94.34097771641812,97.57524108886719,29251662,RELIANCE.NS
2023-07-25,98.22209232178686,99.11773604719633,96.72935531025543,97.27669525146484,27110132,RELIANCE.NS
2023-07-26,97.52548134922077,101.35683802659246,97.32645279161164,100.7099838256836,41205469,RELIANCE.NS
2023-07-27,101.2075606120721,103.3471517258966,101.0582929933365,102.99884796142578,31217241,RELIANCE.NS
2023-07-28,102.998849004808,103.49642798550755,100.85925786930936,102.60078430175781,19471153,RELIANCE.NS
2023-07-31,103.09837031523739,104.93941115092046,102.35200179327508,103.54619598388672,20986122,RELIANCE.NS
2023-08-01,104.19303894042969,106.58141964464889,103.79498181677062,104.19303894042969,22397728,RELIANCE.NS
2023-08-02,103.94424310602064,104.34230779786873,98.52063540600442,100.0631332397461,28667271,RELIANCE.NS
2023-08-03,100.01337177286076,102.0036876290371,98.52063488072852,100.26216125488281,19267199,RELIANCE.NS
2023-08-04,100.85926707429425,102.65055460527672,98.12258243068143,98.47088623046875,31396068,RELIANCE.NS
2023-08-07,94.98782240389097,99.11772937633243,94.34097581639081,96.13225555419922,36847815,RELIANCE.NS
2023-08-08,97.17718182543696,100.46119872427049,96.77911710036386,98.37136840820312,26841111,RELIANCE.NS
2023-08-09,98.8689485939346,101.45635794904543,98.12258007270341,100.75975036621094,20454065,RELIANCE.NS
2023-08-10,100.95877500753889,101.90417965312689,98.76943046740872,99.36652374267578,14663080,RELIANCE.NS
2023-08-11,100.36568480307548,103.86274709757973,99.76618993433007,102.96350860595703,30945987,RELIANCE.NS
2023-08-14,102.91354352389583,102.91354352389583,100.36568090202063,101.71455383300781,12302674,RELIANCE.NS
2023-08-16,100.91522584956576,101.36484509375859,98.56719984202057,99.76618957519531,17684303,RELIANCE.NS
2023-08-17,99.76618577069604,101.66459246165428,99.5163956172276,99.81614685058594,11091212,RELIANCE.NS
2023-08-18,100.01597562645519,100.2657657791801,97.66794971543915,97.91773986816406,12953826,RELIANCE.NS
2023-08-21,98.56719996398449,101.11505505588119,97.41816368819227,100.86526489257812,20365580,RELIANCE.NS
2023-08-22,101.41480735246896,112.755279359403,100.96518810305831,110.95679473876953,100869823,RELIANCE.NS
2023-08-23,112.90515087946365,112.90515087946365,108.45888913738898,109.40808868408203,52947192,RELIANCE.NS
2023-08-24,111.40641362402188,112.95511569669118,106.9601517348604,107.55964660644531,43168726,RELIANCE.NS
2023-08-25,107.55964634420667,109.10834079010925,104.91186907625539,105.16165924072266,26019715,RELIANCE.NS
2023-08-28,106.71036176792612,110.4072531687232,105.96099127130583,109.45805358886719,41415363,RELIANCE.NS
2023-08-29,109.70784426329821,115.50297155691523,108.9584737632019,114.55377197265625,65979986,RELIANCE.NS
2023-08-30,115.40305369255636,119.39969624467952,113.90431273551016,118.6003646850586,80676360,RELIANCE.NS
2023-08-31,120.79852679566979,121.89760201051062,118.60036874299715,121.14823150634766,68540952,RELIANCE.NS
2023-09-01,121.89760326608707,136.98493567036445,121.29810838117993,136.0357208251953,192280009,RELIANCE.NS
2023-09-04,137.13480389569256,140.53194412331322,134.48703418116312,138.633544921875,92488417,RELIANCE.NS
2023-09-05,139.58274063775505,143.47947634496546,137.03487791496008,138.28382873535156,52060353,RELIANCE.NS
2023-09-06,138.38375448378184,138.48367665039402,134.38711175500836,135.4362335205078,26583311,RELIANCE.NS
2023-09-07,135.68601257879217,138.83336237155027,134.88668104930383,137.58441162109375,25911001,RELIANCE.NS
2023-09-08,138.48366651903717,146.27710707319778,138.48366651903717,145.17803955078125,71729474,RELIANCE.NS
2023-09-11,146.27711017062913,148.77501174626133,138.88332760515033,139.7326202392578,76013022,RELIANCE.NS
2023-09-12,141.33127450489442,141.38123558786745,124.09575285195652,125.54454040527344,86077435,RELIANCE.NS
2023-09-13,126.84344123377508,130.59029366434729,121.49793329075688,128.69189453125,74638974,RELIANCE.NS
2023-09-14,129.4412575308049,134.13730925631785,126.04410999897047,129.79095458984375,63995422,RELIANCE.NS
2023-09-15,130.6902156779132,131.93916648667388,126.59365092678557,127.4928970336914,23253842,RELIANCE.NS
2023-09-18,128.34218579307478,129.59113663817277,125.89424518587909,126.34386444091797,16251908,RELIANCE.NS
2023-09-20,125.89424103541502,127.34302091876913,123.04663472706925,123.49625396728516,20538834,RELIANCE.NS
2023-09-21,122.8967629630321,126.89340566101689,122.04747791430853,124.14571380615234,32859985,RELIANCE.NS
2023-09-22,124.89508049409774,125.49457535587126,123.19651044857432,124.29558563232422,18256470,RELIANCE.NS
2023-09-25,124.74520877806309,126.84344467145118,123.59617247694858,125.1448745727539,37608586,RELIANCE.NS
2023-09-26,125.64445482591574,125.84428391163134,122.99667751373363,124.2456283569336,16917591,RELIANCE.NS
2023-09-27,124.24562485139079,127.49289695209013,122.74688388183723,126.79348754882812,28571024,RELIANCE.NS
2023-09-28,127.19315713603679,131.0898776750256,125.84428412470422,126.543701171875,54115299,RELIANCE.NS
2023-09-29,128.19231445988186,131.58945457190487,127.99248537905372,130.89004516601562,29692801,RELIANCE.NS
2023-10-03,130.89004898868487,132.28886784131618,129.79096614305882,131.0399169921875,18947214,RELIANCE.NS
2023-10-04,130.69021958761786,130.69021958761786,125.59449403703891,127.44294738769531,21432884,RELIANCE.NS
2023-10-05,128.19231403888386,130.39046441273754,126.99331668888031,127.2930679321289,14679290,RELIANCE.NS
2023-10-06,127.9924775488296,129.79095441223856,127.44293617568546,128.7917938232422,13871322,RELIANCE.NS
2023-10-09,126.9433669449578,127.79265199502625,124.24562854575152,126.34386444091797,17709670,RELIANCE.NS
2023-10-10,126.89340258559722,131.3396644301482,126.89340258559722,131.08987426757812,23073503,RELIANCE.NS
2023-10-11,131.68937288047846,132.48870442637443,129.19147132829178,130.74017333984375,18607776,RELIANCE.NS
2023-10-12,130.94000237531014,133.63773300166147,130.1406708296554,130.5403289794922,18231128,RELIANCE.NS
2023-10-13,129.84092698911047,130.09071715848003,127.392986378485,128.24227905273438,14077735,RELIANCE.NS
2023-10-16,127.99248911709917,131.48955149465945,126.89340627147313,131.0399169921875,15014283,RELIANCE.NS
2023-10-17,131.7892800195192,133.4878652746851,129.99080309566548,132.3388214111328,23757135,RELIANCE.NS
2023-10-18,132.6385760856741,133.58777565253345,128.09239208589534,129.091552734375,25434863,RELIANCE.NS
2023-10-19,128.09239208589534,129.84092322073474,126.99331689716588,129.091552734375,18139312,RELIANCE.NS
2023-10-20,128.84176208561547,129.99080597461602,124.44546134730258,125.09490966796875,17288411,RELIANCE.NS
2023-10-23,125.0949127611639,125.64445417853678,116.75192269617335,117.65116882324219,19539996,RELIANCE.NS
2023-10-25,117.9509160607183,120.14906640944959,113.95427351903183,116.20238494873047,20235803,RELIANCE.NS
2023-10-26,115.30314278298543,118.150749166415,113.40473598636873,117.75108337402344,18497619,RELIANCE.NS
2023-10-27,118.55041494180104,120.44882173814541,117.30146410512592,117.55125427246094,13964054,RELIANCE.NS
2023-10-30,118.1007846178587,121.34805669838262,117.60120429777808,120.59868621826172,18259367,RELIANCE.NS
2023-10-31,121.34806055236652,122.29726776446068,119.39970029136902,120.74856567382812,13504849,RELIANCE.NS
2023-11-01,121.19819261996811,122.89676271397298,120.59869011809253,121.44798278808594,11853409,RELIANCE.NS
2023-11-02,122.4471367444268,128.392139370356,122.24730004709883,127.94252014160156,22803638,RELIANCE.NS
2023-11-03,128.8917235904902,132.3388247768535,127.94252402409762,128.4920654296875,27932123,RELIANCE.NS
2023-11-06,129.29137812424295,131.08987028936454,127.54285466230607,129.9408416748047,13327821,RELIANCE.NS
2023-11-07,130.1406782878017,130.69021970980648,128.24227909831103,128.84176635742188,10828413,RELIANCE.NS
2023-11-08,129.49122567016985,130.14067399092582,124.44546136451156,125.19483184814453,15189519,RELIANCE.NS
2023-11-09,123.94588110212149,127.29306773937178,121.84763764854031,125.69441223144531,33342195,RELIANCE.NS
2023-11-10,125.44461874232537,130.09070952145623,123.69608765938649,128.94168090820312,24894388,RELIANCE.NS
2023-11-13,128.8417561818682,137.88416265131352,128.59196603213755,136.3854217529297,77439295,RELIANCE.NS
2023-11-15,137.88417046044898,138.23388278827034,135.18643973976697,137.28466796875,24142281,RELIANCE.NS
2023-11-16,137.28466432605606,140.73178069288727,137.13479633009874,138.5336151123047,29402772,RELIANCE.NS
2023-11-17,138.63353771432492,143.07979947830881,137.43454800491082,141.73094177246094,28788415,RELIANCE.NS
2023-11-20,142.48031983512476,143.02984601530403,139.7326279503,140.83169555664062,19703693,RELIANCE.NS
2023-11-21,141.38123301284776,141.43119409491084,136.08567847977798,139.4828338623047,19689241,RELIANCE.NS
2023-11-22,139.88249596828507,141.63102716788865,139.13312545416926,141.03152465820312,14276386,RELIANCE.NS
2023-11-23,141.38123713024027,144.07896793441236,140.98157895406,142.63018798828125,22350588,RELIANCE.NS
2023-11-24,143.5793811090838,155.26955756338003,142.13060122836006,152.12220764160156,109749908,RELIANCE.NS
2023-11-28,152.3719982696602,157.66755273412994,151.372837625269,155.9190216064453,48716588,RELIANCE.NS
2023-11-29,160.86486481988945,165.8606680751655,158.1171730294876,164.91146850585938,66299728,RELIANCE.NS
2023-11-30,165.61087851416545,176.3518555520374,160.66503632266725,170.3069305419922,125768226,RELIANCE.NS
2023-12-01,171.20618045328135,174.00381802710433,169.3577271850228,170.3568878173828,37623687,RELIANCE.NS
2023-12-04,174.95303714435133,176.45177812989638,170.65664326992584,173.90391540527344,43592841,RELIANCE.NS
2023-12-05,173.9039119287495,181.49752362278437,173.15454145095768,176.5516815185547,43939364,RELIANCE.NS
2023-12-06,177.55084618002743,180.8480794062437,174.70324744746293,178.3002166748047,24652623,RELIANCE.NS
2023-12-07,178.74983271035967,184.24521623997475,176.20198527068695,183.14614868164062,28058369,RELIANCE.NS
2023-12-08,183.64572814004308,183.69568922109212,173.05461928885956,176.5516815185547,36422560,RELIANCE.NS
2023-12-11,177.30105613927896,181.29769878089013,176.90139797351054,179.49920654296875,20541517,RELIANCE.NS
2023-12-12,179.8489148247332,180.5982853031696,176.10206243255126,177.75067138671875,14211330,RELIANCE.NS
2023-12-13,177.85059755169684,181.74731802887504,176.20198856042495,179.49920654296875,21665601,RELIANCE.NS
2023-12-14,180.0987130127866,184.0453946592934,180.0987130127866,181.24774169921875,23427830,RELIANCE.NS
2023-12-15,183.84555399404994,186.04370430782606,180.8480721354513,181.39761352539062,25157198,RELIANCE.NS
2023-12-18,181.39762543828644,188.09199897959897,179.74900116019867,187.24270629882812,25404383,RELIANCE.NS
2023-12-19,187.24269447684117,188.1419481842896,182.296852446809,184.5949249267578,19460688,RELIANCE.NS
2023-12-20,185.8438860871071,190.29014805451084,169.45765706814208,171.8556365966797,39496283,RELIANCE.NS
2023-12-21,168.80819060779808,180.99794762143293,165.66084062439418,180.2985382080078,31883299,RELIANCE.NS
2023-12-22,180.89803660381202,181.19778784448238,175.7523501692512,178.1503448486328,19064120,RELIANCE.NS
2023-12-26,179.34934256978613,184.14531689661473,178.50004989097928,182.0470733642578,37756996,RELIANCE.NS
2023-12-27,183.24605157807005,185.49416297268314,179.84891156904717,181.79727172851562,17855973,RELIANCE.NS
2023-12-28,182.3468109924123,193.78719690684963,181.8472306883235,192.43833923339844,80428777,RELIANCE.NS
2023-12-29,191.78887962037516,199.5323744924209,191.1394313101445,193.38754272460938,56016618,RELIANCE.NS
2024-01-01,198.83296573113822,204.4782172024991,196.73472230593467,197.98367309570312,75665268,RELIANCE.NS
2024-01-02,202.82960495146193,204.72800402256595,197.43414372602237,201.8304443359375,72765808,RELIANCE.NS
2024-01-03,201.6306140648178,201.6306140648178,193.3375779560098,194.23681640625,52393773,RELIANCE.NS
2024-01-04,195.68562308816425,196.5848615917158,191.68898041285615,194.88629150390625,30243640,RELIANCE.NS
2024-01-05,195.88544078745403,197.73387876975974,192.68812988223848,195.63565063476562,31168193,RELIANCE.NS
2024-01-08,195.73556126820546,199.98199394461201,193.33758185521546,194.98619079589844,24173941,RELIANCE.NS
2024-01-09,196.6847722964624,199.0827516635278,194.58652891579442,195.43582153320312,20766773,RELIANCE.NS
2024-01-10,195.83549152409208,200.83129487929853,191.83884883992692,199.482421875,39855938,RELIANCE.NS
2024-01-11,200.8312869451742,201.78048649596758,196.5848542610101,197.58401489257812,26199838,RELIANCE.NS
2024-01-12,197.83381256055065,198.9828412320803,195.43583305214887,196.2851104736328,14384270,RELIANCE.NS
2024-01-15,204.32835738851418,204.32835738851418,198.83297369346855,201.08108520507812,39361703,RELIANCE.NS
2024-01-16,201.88040556628005,203.57897556474057,196.83464140492708,202.82960510253906,36297046,RELIANCE.NS
2024-01-17,200.08192138577797,213.02104883319,200.0319603037762,206.92617797851562,104586370,RELIANCE.NS
2024-01-18,209.32415422863744,212.9710844688345,196.13523682046852,211.971923828125,68991855,RELIANCE.NS
2024-01-19,214.8195463680443,222.81283181429714,212.32164466609032,222.06346130371094,63867429,RELIANCE.NS
2024-01-23,221.31408065587758,221.71373881149114,201.38082903651963,202.77964782714844,45960109,RELIANCE.NS
2024-01-24,204.32835446567847,211.17261106817824,200.5315409178534,209.72381591796875,32560581,RELIANCE.NS
2024-01-25,210.82289978618266,220.41484824451544,210.82289978618266,219.71542358398438,34410301,RELIANCE.NS
2024-01-29,220.8145065643475,223.01265697416275,219.715423736449,221.1142578125,22269048,RELIANCE.NS
2024-01-30,223.2624440696772,234.2532112135913,222.11341542120607,227.7586669921875,46928698,RELIANCE.NS
2024-01-31,227.80862049048466,232.0550531092766,224.9110608019367,228.05841064453125,19835653,RELIANCE.NS
2024-02-01,230.30653351165435,231.8052745106456,223.0126576007006,227.30905151367188,26372822,RELIANCE.NS
2024-02-02,229.50719505928825,235.50215887579196,228.80778566322576,233.603759765625,31480257,RELIANCE.NS
2024-02-05,234.45304496226166,243.0458328169793,232.15498761956496,235.10250854492188,32248058,RELIANCE.NS
2024-02-06,236.10166108973212,236.10166108973212,228.1583370910136,231.60543823242188,20312567,RELIANCE.NS
2024-02-07,232.1050223439365,237.80023500709495,228.5080379008987,231.35565185546875,20297349,RELIANCE.NS
2024-02-08,231.805267177889,236.7511092689106,229.5571557505172,230.6062774658203,20903389,RELIANCE.NS
2024-02-09,236.3014935507728,236.40141571409177,217.16757321577305,227.3590087890625,49500870,RELIANCE.NS
2024-02-12,227.80863070075443,229.9568200234434,214.02021053019664,216.5181121826172,28287984,RELIANCE.NS
2024-02-13,216.81785919803497,217.2674784374982,201.18100125749092,213.17092895507812,58782489,RELIANCE.NS
2024-02-14,202.33002425974135,226.0101277535371,202.33002425974135,224.2615966796875,48738557,RELIANCE.NS
2024-02-15,227.309047707403,232.95429927734807,224.6113170035884,227.3590087890625,30765077,RELIANCE.NS
2024-02-16,228.35816151845563,230.30652166775013,224.76117720746493,225.66043090820312,20099858,RELIANCE.NS
2024-02-19,226.45975866475632,230.4564013254781,224.8611107480567,225.51055908203125,12184195,RELIANCE.NS
2024-02-20,226.70954934678787,233.6037670998056,225.7603497619035,230.70619201660156,22994469,RELIANCE.NS
2024-02-21,231.80527391624432,232.15498624683826,219.86530703742721,221.7137451171875,22193528,RELIANCE.NS
2024-02-22,223.8119892813184,229.20745078167172,220.76454619949692,228.30821228027344,25023398,RELIANCE.NS
2024-02-23,229.2574043550113,233.55379812915024,228.30820480218534,229.40728759765625,21463226,RELIANCE.NS
2024-02-26,229.60711262108364,231.9551309212493,226.06008938485436,227.85858154296875,14288582,RELIANCE.NS
2024-02-27,227.8585846131796,228.2082816859258,221.56386959795356,222.4131622314453,22497412,RELIANCE.NS
2024-02-28,223.46227656826778,230.25657213762196,220.81450690512844,224.5113983154297,36680021,RELIANCE.NS
2024-02-29,225.6604387345112,232.80443127835122,219.56555267561237,227.3590087890625,150876575,RELIANCE.NS
2024-03-01,229.80695394822297,237.15079096626545,229.40729577887967,235.10250854492188,35475431,RELIANCE.NS
2024-03-04,236.90099991828006,275.61847571128146,236.90099991828006,264.32794189453125,246246357,RELIANCE.NS
2024-03-05,265.2771377977789,271.4719456794834,254.48620032969004,265.5768737792969,64079248,RELIANCE.NS
2024-03-06,270.47279934199673,271.7716959863226,249.39050359172393,254.9857940673828,81812288,RELIANCE.NS
2024-03-07,256.5345040034322,260.83088272082284,254.58614373108355,257.28387451171875,26124937,RELIANCE.NS
2024-03-11,258.88253354727846,259.3321375498695,253.4370957441772,254.3363494873047,20685651,RELIANCE.NS
2024-03-12,254.78597157852136,255.63526424884256,242.94591150677377,243.89512634277344,27919780,RELIANCE.NS
2024-03-13,244.79436293066541,246.04331376194432,221.8636287175811,225.11090087890625,42267395,RELIANCE.NS
2024-03-14,224.61130929656704,232.10501390891258,221.7636954454833,226.25991821289062,38281171,RELIANCE.NS
2024-03-15,225.3107250878005,227.50887545409495,206.9261753475433,216.5680694580078,52563647,RELIANCE.NS
2024-03-18,216.56807404560288,226.70954869259825,213.2208797208998,224.1117401123047,30924687,RELIANCE.NS
2024-03-19,224.0617706352977,226.25992096580114,217.06764624534415,218.61634826660156,21463953,RELIANCE.NS
2024-03-20,219.81534251381746,225.7603453189721,215.61887084229542,224.5613555908203,21903121,RELIANCE.NS
2024-03-21,229.70702456244618,237.75027074700458,227.8086254487657,237.0009002685547,36784553,RELIANCE.NS
2024-03-22,234.80275766069687,240.14827334838637,234.3531384079898,238.89932250976562,18998595,RELIANCE.NS
2024-03-26,238.2998124848836,240.24817268241907,236.0017399651832,239.59872436523438,12328059,RELIANCE.NS
2024-03-27,241.14743439934708,249.29058778159558,240.29814172935366,242.89596557617188,22974438,RELIANCE.NS
2024-03-28,252.83761161998345,253.4870599597294,245.39386764743566,247.09243774414062,28014588,RELIANCE.NS
2024-04-01,248.79100468076507,254.6361006481637,248.2914243500808,253.53701782226562,16746624,RELIANCE.NS
2024-04-02,253.53701381743264,254.68604246146384,249.59033231656448,251.98831176757812,18413211,RELIANCE.NS
2024-04-03,250.33970275768556,254.43625225629424,248.44128838380996,251.58865356445312,19412822,RELIANCE.NS
2024-04-04,252.78765092550168,256.6843714619289,247.24230612675376,251.28890991210938,15849252,RELIANCE.NS
2024-04-05,251.28890645623042,255.68520726999444,247.54205397427867,254.7360076904297,14549888,RELIANCE.NS
2024-04-08,255.53534704714332,258.08319461563696,253.9366838411241,256.2347717285156,12516140,RELIANCE.NS
2024-04-09,256.9841345124318,259.68185000517065,253.13735986460193,255.53533935546875,13774213,RELIANCE.NS
2024-04-10,256.58443534785795,265.0773006287359,255.73515796735882,262.2796630859375,35119907,RELIANCE.NS
2024-04-12,258.3829427613389,268.9740514452968,257.7834402901786,262.2796630859375,22621987,RELIANCE.NS
2024-04-15,253.98662601600694,261.7301360505613,252.33801709489668,256.2846984863281,21131641,RELIANCE.NS
2024-04-16,254.78596906541736,260.23140687556173,251.33886782725807,257.5336608886719,14383707,RELIANCE.NS
2024-04-18,259.3821098165775,262.77924991480205,251.48873156508384,252.9874725341797,17532083,RELIANCE.NS
2024-04-19,250.5395359236129,256.1348417275778,246.04331294592095,254.3363494873047,16875480,RELIANCE.NS
2024-04-22,257.23392505618773,260.78093321539717,254.28638890160374,259.13232421875,12338668,RELIANCE.NS
2024-04-23,259.78177262380206,263.77841527955286,259.3821144566197,259.931640625,12491248,RELIANCE.NS
2024-04-24,261.2305757289428,265.17724217636123,257.93332714248044,263.828369140625,14961057,RELIANCE.NS
2024-04-25,264.777573378425,273.6700971029304,263.8783348879853,271.3720397949219,29632042,RELIANCE.NS
2024-04-26,274.21966582310256,281.2137907106384,274.0198214866728,278.615966796875,33600079,RELIANCE.NS
2024-04-29,281.6633751655775,281.6633751655775,274.56932860257274,276.6675720214844,16489028,RELIANCE.NS
2024-04-30,278.46608011805597,284.5609355749335,277.16715300229123,281.46356201171875,25044316,RELIANCE.NS
2024-05-02,282.86239699570973,299.99799670406,281.9131821449061,292.454345703125,52394156,RELIANCE.NS
2024-05-03,295.7515424884734,318.0328120399755,293.85314341548707,304.7439880371094,130758171,RELIANCE.NS
2024-05-06,307.8913556635851,308.34099016377127,280.8140952937349,288.7074890136719,67553636,RELIANCE.NS
2024-05-07,289.75658678774533,289.75658678774533,276.46776241805804,280.0147705078125,34027122,RELIANCE.NS
2024-05-08,279.7649922538858,290.40604746800676,278.4161192285545,286.0596923828125,30462793,RELIANCE.NS
2024-05-09,286.409383607011,286.409383607011,270.7225802786933,272.92071533203125,26191548,RELIANCE.NS
2024-05-10,274.7192420211945,276.56766489139886,266.82584823095885,274.06976318359375,26800050,RELIANCE.NS
2024-05-13,274.169671298584,286.0596767199583,267.0756247136079,283.06219482421875,31570308,RELIANCE.NS
2024-05-14,283.76162388876844,289.1570852868524,281.7633025937771,288.008056640625,18050458,RELIANCE.NS
2024-05-15,289.15709323702896,292.95392209708154,287.8581965563576,291.10546875,15400221,RELIANCE.NS
2024-05-16,293.3535767690527,296.7507169250205,287.25869062607205,294.55255126953125,16245511,RELIANCE.NS
2024-05-17,295.15206180591645,301.54668412522017,293.5533986030994,299.6482849121094,20721512,RELIANCE.NS
2024-05-21,311.6382071949949,322.22931640627615,308.1411448463997,318.9320983886719,42280416,RELIANCE.NS
2024-05-22,301.74650955530143,309.39008225855815,294.7523851616355,301.6965637207031,74932755,RELIANCE.NS
2024-05-23,303.5949745976027,308.440909928252,300.24778026662034,304.5441589355469,26563225,RELIANCE.NS
2024-05-24,304.5441400051088,309.93963166209755,302.1461606530925,305.3934326171875,22736707,RELIANCE.NS
2024-05-27,306.9921180467604,307.1919623789711,296.550876774015,298.2994079589844,26504237,RELIANCE.NS
2024-05-28,299.6482842576755,300.6474449457585,290.2561798880889,291.2553405761719,22303081,RELIANCE.NS
2024-05-29,290.75574534124434,296.7007633276528,288.4077117461097,293.8531494140625,15049196,RELIANCE.NS
2024-05-30,293.45348696024354,295.0521195623207,289.0571558286443,290.5059509277344,13070194,RELIANCE.NS
2024-05-31,292.15456473347945,300.34769416973575,288.3077901750913,298.64910888671875,27964255,RELIANCE.NS
2024-06-03,319.7314100482539,320.7305707046547,307.8913501715119,311.1885986328125,33744563,RELIANCE.NS
2024-06-04,310.7889105692348,310.7889105692348,223.8619485426116,246.3430633544922,122751545,RELIANCE.NS
2024-06-05,254.78596882223422,257.9832951375732,224.81114896079492,255.13568115234375,59449633,RELIANCE.NS
2024-06-06,269.6734440709447,292.1046120895214,266.7758843838941,277.7167053222656,111330080,RELIANCE.NS
2024-06-07,278.7658315147493,285.7599563197789,275.1189011076625,285.2603759765625,32634629,RELIANCE.NS
2024-06-10,288.15793966153603,290.306129067248,282.5126878072813,284.2112731933594,17918606,RELIANCE.NS
2024-06-11,285.7599496914851,296.10126865458716,285.0605250304198,294.9522399902344,29060221,RELIANCE.NS
2024-06-12,295.2519645142028,298.44929070911115,290.85566386517576,294.9022521972656,18978949,RELIANCE.NS
2024-06-13,296.95055101098615,305.29351786606543,292.15456169862097,303.69488525390625,26007861,RELIANCE.NS
2024-06-14,304.8938637619613,309.1902728170916,299.5483482296743,305.44342041015625,24901598,RELIANCE.NS
2024-06-18,308.24106569457797,310.3393091931607,303.09539435917145,305.343505859375,20245612,RELIANCE.NS
2024-06-19,306.69237401805555,306.69237401805555,295.8014985286979,296.8006591796875,22855416,RELIANCE.NS
2024-06-20,298.14952009383444,298.14952009383444,291.25531797933684,293.1537170410156,26187852,RELIANCE.NS
2024-06-21,293.7532311605534,299.4984048992377,291.25532953503847,294.8023376464844,22108141,RELIANCE.NS
2024-06-24,293.75324255726315,297.60001730819164,288.2578587679266,294.4526672363281,15182677,RELIANCE.NS
2024-06-25,295.45182784735067,299.5983386070905,292.4043694516167,293.6533203125,15320510,RELIANCE.NS
2024-06-26,293.9530831680319,297.30024704010884,292.7540781596709,295.50177001953125,12663797,RELIANCE.NS
2024-06-27,295.6016923037081,300.39765135514125,291.55507326784516,296.7007751464844,25624094,RELIANCE.NS
2024-06-28,305.7431441453166,307.64154319031024,299.7481805346241,300.59747314453125,32298955,RELIANCE.NS
2024-07-01,301.69657519484696,303.99463252909493,296.9505620329301,302.14617919921875,12526215,RELIANCE.NS
2024-07-02,303.44509412182333,303.54498579079046,293.50343370260134,296.90057373046875,12935465,RELIANCE.NS
2024-07-03,298.0496079167014,313.2368619027088,297.35021376105976,311.0386962890625,37577666,RELIANCE.NS
2024-07-04,313.5366017166407,317.03366401331687,309.24022309179526,310.7889099121094,31457159,RELIANCE.NS
2024-07-05,310.4392324070617,321.72973578277737,308.0412224051718,316.1344299316406,37284773,RELIANCE.NS
2024-07-08,317.03365850131223,329.67306497597593,315.2851273833744,328.07440185546875,45685018,RELIANCE.NS
2024-07-09,330.7221600962336,335.0685148242895,322.9287195777597,329.2234191894531,39457293,RELIANCE.NS
2024-07-10,330.6222492412761,330.9220157280582,314.3359430275548,327.67474365234375,25392018,RELIANCE.NS
2024-07-11,329.2234197132724,334.51895872887104,328.1243369481589,332.4207458496094,23370124,RELIANCE.NS
2024-07-12,331.72132010112097,333.36992899720707,321.0302894552941,325.6264343261719,19411215,RELIANCE.NS
2024-07-15,327.1751591505557,328.12434344999144,321.8296437035522,325.1268615722656,10789487,RELIANCE.NS
2024-07-16,325.12687632119344,327.1751739924017,318.8821221259801,319.7314147949219,9882249,RELIANCE.NS
2024-07-18,319.4816076958487,319.4816076958487,305.9429935149049,308.3409729003906,21439407,RELIANCE.NS
2024-07-19,305.69320905985626,307.44174017445135,292.50427645583943,293.8531494140625,26877331,RELIANCE.NS
2024-07-22,293.85315075521896,306.0928686132472,288.85734754786046,304.6440734863281,19646190,RELIANCE.NS
2024-07-23,306.34267050582207,315.2851402942917,282.7624723656311,307.092041015625,65820195,RELIANCE.NS
2024-07-24,307.74147430259956,312.98706761457566,306.59244567551156,308.8905029296875,15750887,RELIANCE.NS
2024-07-25,304.7439927239743,312.23769746308847,300.7473501964468,311.2884826660156,13306048,RELIANCE.NS
2024-07-26,313.2368626293439,317.9828756994854,310.48917085189345,317.0336608886719,16011265,RELIANCE.NS
2024-07-29,326.7255359162765,326.7255359162765,318.83217279834327,322.7788391113281,25820136,RELIANCE.NS
2024-07-30,322.7288810230754,326.7255235125252,316.3342591383481,317.1335754394531,16317537,RELIANCE.NS
2024-07-31,316.1344106823743,319.1818688358996,311.58824210686936,314.9853820800781,26845162,RELIANCE.NS
2024-08-01,314.4358665326752,319.6814599081548,305.5932887441885,308.2410583496094,23814781,RELIANCE.NS
2024-08-02,303.1453206046054,309.3401285349385,300.3476831152715,301.39678955078125,16899884,RELIANCE.NS
2024-08-05,291.75489419194963,295.65161442009367,284.76077001611526,291.4051818847656,25762827,RELIANCE.NS
2024-08-06,291.75490122620073,301.64658527212123,285.4602015129683,287.3086242675781,17719054,RELIANCE.NS
2024-08-07,293.1537187342493,305.3434904503192,292.0546359578886,304.3443298339844,18911910,RELIANCE.NS
2024-08-08,304.6440764987603,304.6440764987603,296.8506356150018,297.6000061035156,11640751,RELIANCE.NS
2024-08-09,302.0,305.79998779296875,299.1499938964844,302.20001220703125,12805164,RELIANCE.NS
2024-08-12,300.04998779296875,302.6499938964844,296.54998779296875,298.70001220703125,11827604,RELIANCE.NS
2024-08-13,300.54998779296875,301.3500061035156,289.0,289.95001220703125,11461814,RELIANCE.NS
2024-08-14,291.8500061035156,293.3999938964844,286.29998779296875,290.0,10643943,RELIANCE.NS
2024-08-16,293.0,297.6499938964844,289.29998779296875,296.54998779296875,10118811,RELIANCE.NS
2024-08-19,297.8999938964844,299.5,293.3500061035156,293.75,9809448,RELIANCE.NS
2024-08-20,294.3500061035156,296.8999938964844,291.6499938964844,296.3999938964844,7415963,RELIANCE.NS
2024-08-21,296.29998779296875,297.70001220703125,294.8500061035156,296.6499938964844,4898623,RELIANCE.NS
2024-08-22,298.0,302.5,296.8500061035156,299.6499938964844,12084994,RELIANCE.NS
2024-08-23,299.95001220703125,301.3500061035156,295.25,296.20001220703125,7528035,RELIANCE.NS
2024-08-26,297.75,304.0,294.6000061035156,297.29998779296875,15560440,RELIANCE.NS
2024-08-27,298.8999938964844,299.79998779296875,296.6000061035156,297.79998779296875,6802421,RELIANCE.NS
2024-08-28,298.0,298.75,293.95001220703125,294.6000061035156,6579323,RELIANCE.NS
2024-08-29,294.95001220703125,294.95001220703125,287.1000061035156,291.0,11000139,RELIANCE.NS
2024-08-30,291.70001220703125,293.45001220703125,289.75,290.54998779296875,9721851,RELIANCE.NS
2024-09-02,291.0,292.0,285.04998779296875,286.79998779296875,6500598,RELIANCE.NS
2024-09-03,287.20001220703125,290.20001220703125,285.8500061035156,286.3500061035156,5677328,RELIANCE.NS
2024-09-04,283.5,284.79998779296875,276.79998779296875,278.70001220703125,14798436,RELIANCE.NS
2024-09-05,279.0,280.45001220703125,270.25,273.54998779296875,18037015,RELIANCE.NS
2024-09-06,272.04998779296875,273.20001220703125,263.1499938964844,263.79998779296875,20003822,RELIANCE.NS
2024-09-09,263.70001220703125,265.79998779296875,258.20001220703125,262.04998779296875,17426762,RELIANCE.NS
2024-09-10,263.1499938964844,267.70001220703125,261.8500061035156,264.5,11350960,RELIANCE.NS
2024-09-11,265.04998779296875,267.20001220703125,257.3500061035156,258.75,10164459,RELIANCE.NS
2024-09-12,260.1499938964844,266.5,259.6499938964844,266.0,12118164,RELIANCE.NS
2024-09-13,267.0,267.45001220703125,263.25,264.29998779296875,7917998,RELIANCE.NS
2024-09-16,264.29998779296875,270.70001220703125,263.75,269.5,10495634,RELIANCE.NS
2024-09-17,269.75,269.8500061035156,264.25,264.8500061035156,7503456,RELIANCE.NS
2024-09-18,264.95001220703125,268.0,262.75,265.29998779296875,8732556,RELIANCE.NS
2024-09-19,266.6000061035156,267.75,249.4499969482422,257.1499938964844,17353175,RELIANCE.NS
2024-09-20,258.45001220703125,266.79998779296875,257.8500061035156,266.1499938964844,13916388,RELIANCE.NS
2024-09-23,274.0,275.6000061035156,269.20001220703125,274.20001220703125,21859230,RELIANCE.NS
2024-09-24,275.0,283.45001220703125,272.29998779296875,282.25,21252167,RELIANCE.NS
2024-09-25,282.79998779296875,284.70001220703125,278.79998779296875,282.1499938964844,12868230,RELIANCE.NS
2024-09-26,282.1499938964844,283.29998779296875,277.8999938964844,280.6499938964844,8488686,RELIANCE.NS
2024-09-27,285.04998779296875,291.1000061035156,283.20001220703125,287.54998779296875,45809973,RELIANCE.NS
2024-09-30,284.79998779296875,284.8999938964844,274.6499938964844,279.70001220703125,22843205,RELIANCE.NS
2024-10-01,280.3999938964844,285.5,279.0,280.45001220703125,13449947,RELIANCE.NS
2024-10-03,274.20001220703125,277.8500061035156,266.3500061035156,268.95001220703125,15222490,RELIANCE.NS
2024-10-04,268.95001220703125,272.75,262.25,267.6000061035156,11763747,RELIANCE.NS
2024-10-07,269.5,269.95001220703125,254.14999389648438,256.6499938964844,11421742,RELIANCE.NS
2024-10-08,256.0,267.5,254.89999389648438,265.5,16215450,RELIANCE.NS
2024-10-09,265.3500061035156,269.29998779296875,262.5,264.29998779296875,8894689,RELIANCE.NS
2024-10-10,265.29998779296875,273.1499938964844,265.1499938964844,271.3500061035156,12825979,RELIANCE.NS
2024-10-11,271.25,273.8999938964844,268.5,270.0,6125003,RELIANCE.NS
2024-10-14,270.6499938964844,273.25,267.29998779296875,268.75,5634973,RELIANCE.NS
2024-10-15,270.0,272.6000061035156,267.75,271.6000061035156,5601497,RELIANCE.NS
2024-10-16,271.6499938964844,275.54998779296875,268.8500061035156,269.6000061035156,5147947,RELIANCE.NS
2024-10-17,269.79998779296875,270.5,252.9499969482422,254.1999969482422,20613475,RELIANCE.NS
2024-10-18,253.8000030517578,255.8000030517578,246.5,253.85000610351562,18204264,RELIANCE.NS
2024-10-21,255.5,257.95001220703125,245.0,247.64999389648438,12966258,RELIANCE.NS
2024-10-22,247.64999389648438,248.0,231.64999389648438,232.8000030517578,22786450,RELIANCE.NS
2024-10-23,233.0,235.39999389648438,222.5500030517578,223.6999969482422,55940287,RELIANCE.NS
2024-10-24,224.10000610351562,229.8000030517578,222.0500030517578,227.3000030517578,26378660,RELIANCE.NS
2024-10-25,228.0,228.1999969482422,210.6999969482422,216.85000610351562,38742027,RELIANCE.NS
2024-10-28,218.35000610351562,238.5,213.25,229.75,57158451,RELIANCE.NS
2024-10-29,232.8000030517578,236.0,227.5,235.0,29437193,RELIANCE.NS
2024-10-30,234.9499969482422,243.10000610351562,230.75,236.60000610351562,21343526,RELIANCE.NS
2024-10-31,236.5,240.8000030517578,232.85000610351562,239.0,14333246,RELIANCE.NS
2024-11-01,240.89999389648438,243.0,240.5,241.97000122070312,3323181,RELIANCE.NS
2024-11-04,242.9499969482422,242.9499969482422,230.8000030517578,233.38999938964844,17322490,RELIANCE.NS
2024-11-05,234.0,236.39999389648438,229.5,235.25,11731176,RELIANCE.NS
2024-11-06,237.5,249.1999969482422,236.1300048828125,247.97999572753906,23232573,RELIANCE.NS
2024-11-07,248.38999938964844,249.39999389648438,243.89999389648438,244.2899932861328,8342302,RELIANCE.NS
2024-11-08,245.0,245.5,237.39999389648438,239.0399932861328,9480514,RELIANCE.NS
2024-11-11,237.39999389648438,242.4499969482422,234.80999755859375,239.22000122070312,7671938,RELIANCE.NS
2024-11-12,239.39999389648438,239.83999633789062,229.0,230.22000122070312,10589650,RELIANCE.NS
2024-11-13,229.7100067138672,229.7100067138672,221.5,222.55999755859375,11397140,RELIANCE.NS
2024-11-14,222.36000061035156,227.8000030517578,220.7100067138672,223.7100067138672,10187321,RELIANCE.NS
2024-11-18,225.11000061035156,226.35000610351562,219.66000366210938,222.6699981689453,11297324,RELIANCE.NS
2024-11-19,224.0,233.1999969482422,223.60000610351562,225.8800048828125,12068006,RELIANCE.NS
2024-11-21,225.4499969482422,229.24000549316406,218.1199951171875,227.94000244140625,14856780,RELIANCE.NS
2024-11-22,228.10000610351562,236.14999389648438,226.8000030517578,234.38999938964844,15168514,RELIANCE.NS
2024-11-25,241.89999389648438,245.74000549316406,240.39999389648438,241.22000122070312,16392929,RELIANCE.NS
2024-11-26,243.5,247.60000610351562,243.10000610351562,243.97000122070312,12353100,RELIANCE.NS
2024-11-27,243.08999633789062,248.38999938964844,241.5,247.66000366210938,9980383,RELIANCE.NS
2024-11-28,249.36000061035156,253.8000030517578,247.66000366210938,252.49000549316406,17770794,RELIANCE.NS
2024-11-29,253.0,253.7899932861328,247.41000366210938,251.08999633789062,8530849,RELIANCE.NS
2024-12-02,249.75,251.25,248.10000610351562,249.64999389648438,5206287,RELIANCE.NS
2024-12-03,250.4499969482422,253.8000030517578,250.10000610351562,252.35000610351562,5163693,RELIANCE.NS
2024-12-04,252.85000610351562,256.54998779296875,250.3000030517578,251.35000610351562,8341454,RELIANCE.NS
2024-12-05,252.0,252.89999389648438,247.75,251.8000030517578,6737876,RELIANCE.NS
2024-12-06,251.89999389648438,252.85000610351562,248.25,249.0500030517578,7762375,RELIANCE.NS
2024-12-09,248.39999389648438,254.39999389648438,247.3000030517578,249.5500030517578,9382718,RELIANCE.NS
2024-12-10,250.14999389648438,255.64999389648438,247.60000610351562,248.60000610351562,13142458,RELIANCE.NS
2024-12-11,251.0,254.39999389648438,248.60000610351562,253.6999969482422,10687907,RELIANCE.NS
2024-12-12,253.8000030517578,254.4499969482422,244.0,244.5,13847859,RELIANCE.NS
2024-12-13,244.0,244.14999389648438,237.35000610351562,242.75,9230527,RELIANCE.NS
2024-12-16,242.75,248.1999969482422,242.35000610351562,247.60000610351562,8698753,RELIANCE.NS
2024-12-17,246.8000030517578,250.5,241.1999969482422,242.35000610351562,7406625,RELIANCE.NS
2024-12-18,243.0,243.39999389648438,237.5,239.85000610351562,9599459,RELIANCE.NS
2024-12-19,232.4499969482422,243.0500030517578,232.0,242.25,10935031,RELIANCE.NS
2024-12-20,242.25,244.9499969482422,234.5,235.3000030517578,12507201,RELIANCE.NS
2024-12-23,238.35000610351562,243.85000610351562,235.10000610351562,240.9499969482422,14608700,RELIANCE.NS
2024-12-24,242.0,243.8000030517578,238.64999389648438,239.35000610351562,6497376,RELIANCE.NS
2024-12-26,240.3000030517578,242.5500030517578,238.10000610351562,241.75,7197644,RELIANCE.NS
2024-12-27,242.0,242.6999969482422,234.8000030517578,235.39999389648438,6572582,RELIANCE.NS
2024-12-30,235.64999389648438,235.89999389648438,223.60000610351562,225.60000610351562,34741159,RELIANCE.NS
2024-12-31,225.60000610351562,231.5500030517578,225.25,229.39999389648438,8401290,RELIANCE.NS
2025-01-01,230.00999450683594,234.10000610351562,227.3300018310547,233.22999572753906,7758093,RELIANCE.NS
2025-01-02,233.0,233.6999969482422,227.5,232.74000549316406,13936789,RELIANCE.NS
2025-01-03,233.0,236.77000427246094,229.66000366210938,230.05999755859375,10901266,RELIANCE.NS
2025-01-06,231.5,231.5,219.19000244140625,219.82000732421875,15604026,RELIANCE.NS
2025-01-07,221.0,226.27999877929688,218.64999389648438,224.82000732421875,12709847,RELIANCE.NS
2025-01-08,224.82000732421875,225.6699981689453,217.77999877929688,221.3699951171875,9124370,RELIANCE.NS
2025-01-09,223.85000610351562,223.85000610351562,215.8000030517578,216.3800048828125,9403979,RELIANCE.NS
2025-01-10,216.3800048828125,216.64999389648438,203.11000061035156,204.49000549316406,20791872,RELIANCE.NS
2025-01-13,200.0,201.0,191.66000366210938,192.5800018310547,23244835,RELIANCE.NS
2025-01-14,193.6999969482422,199.39999389648438,191.77000427246094,197.10000610351562,16773870,RELIANCE.NS
2025-01-15,199.0,205.39999389648438,198.0500030517578,202.16000366210938,13345400,RELIANCE.NS
2025-01-16,205.0,211.72000122070312,204.35000610351562,210.58999633789062,12785825,RELIANCE.NS
2025-01-17,210.2899932861328,214.88999938964844,208.0,214.0800018310547,11603310,RELIANCE.NS
2025-01-20,215.14999389648438,218.5,213.25,216.9199981689453,7252346,RELIANCE.NS
2025-01-21,217.19000244140625,218.24000549316406,208.8000030517578,209.5500030517578,8267629,RELIANCE.NS
2025-01-22,210.0,210.19000244140625,199.3699951171875,205.4600067138672,11550327,RELIANCE.NS
2025-01-23,204.3000030517578,208.10000610351562,203.1999969482422,206.49000549316406,11501338,RELIANCE.NS
2025-01-24,207.0,208.66000366210938,199.5,200.19000244140625,9344993,RELIANCE.NS
2025-01-27,199.0,199.0,193.10000610351562,194.5399932861328,8410047,RELIANCE.NS
2025-01-28,196.25,197.4499969482422,186.0,187.6199951171875,17826505,RELIANCE.NS
2025-01-29,184.13999938964844,200.52000427246094,184.13999938964844,199.86000061035156,38044200,RELIANCE.NS
2025-01-30,201.0,201.6999969482422,194.02999877929688,196.3699951171875,12911947,RELIANCE.NS
2025-01-31,198.5,208.67999267578125,195.7899932861328,208.08999633789062,21137642,RELIANCE.NS
2025-02-01,209.55999755859375,214.39999389648438,196.60000610351562,200.02000427246094,24872103,RELIANCE.NS
2025-02-03,197.82000732421875,197.89999389648438,189.6300048828125,196.24000549316406,23794278,RELIANCE.NS
2025-02-04,198.0,207.8000030517578,197.55999755859375,206.72000122070312,22318249,RELIANCE.NS
2025-02-05,207.05999755859375,212.57000732421875,206.47999572753906,209.00999450683594,13834798,RELIANCE.NS
2025-02-06,211.10000610351562,211.10000610351562,204.08999633789062,204.83999633789062,6329168,RELIANCE.NS
2025-02-07,205.0,206.39999389648438,201.3000030517578,202.83999633789062,7630722,RELIANCE.NS
2025-02-10,209.0,209.8000030517578,201.72999572753906,202.97999572753906,19309166,RELIANCE.NS
2025-02-11,203.58999633789062,203.89999389648438,193.5,199.7100067138672,18788514,RELIANCE.NS
2025-02-12,200.6999969482422,200.8300018310547,190.10000610351562,198.8300018310547,18458569,RELIANCE.NS
2025-02-13,199.0,205.39999389648438,199.0,201.82000732421875,10675334,RELIANCE.NS
2025-02-14,202.5,203.63999938964844,191.11000061035156,193.30999755859375,12360217,RELIANCE.NS
2025-02-17,193.30999755859375,195.80999755859375,188.5,193.47000122070312,14215439,RELIANCE.NS
2025-02-18,193.5500030517578,194.5,183.57000732421875,186.57000732421875,19765470,RELIANCE.NS
2025-02-19,184.42999267578125,195.49000549316406,183.19000244140625,195.08999633789062,16602294,RELIANCE.NS
2025-02-20,192.8699951171875,201.64999389648438,192.8000030517578,200.1699981689453,14019550,RELIANCE.NS
2025-02-21,199.83999633789062,202.14999389648438,195.5,196.41000366210938,12105028,RELIANCE.NS
2025-02-24,192.25,194.97999572753906,190.50999450683594,191.42999267578125,10830137,RELIANCE.NS
2025-02-25,191.6999969482422,196.41000366210938,187.64999389648438,194.61000061035156,18316744,RELIANCE.NS
2025-02-27,195.0399932861328,195.49000549316406,186.3000030517578,187.44000244140625,11545214,RELIANCE.NS
2025-02-28,183.0,186.52000427246094,177.60000610351562,179.1699981689453,17163841,RELIANCE.NS
2025-03-03,180.10000610351562,186.6300048828125,176.0,185.47000122070312,15248881,RELIANCE.NS
2025-03-04,182.60000610351562,193.2899932861328,180.8000030517578,192.75,16755486,RELIANCE.NS
2025-03-05,191.99000549316406,198.10000610351562,191.9199981689453,196.05999755859375,11759241,RELIANCE.NS
2025-03-06,198.0,201.5,197.0,198.39999389648438,12704429,RELIANCE.NS
2025-03-07,198.39999389648438,201.1999969482422,196.1999969482422,196.9499969482422,8240367,RELIANCE.NS
2025-03-10,197.25,200.3800048828125,191.36000061035156,192.11000061035156,7893304,RELIANCE.NS
2025-03-11,190.0,195.1999969482422,188.0,194.1199951171875,9057560,RELIANCE.NS
2025-03-12,195.39999389648438,196.47000122070312,188.75,193.6300048828125,7855326,RELIANCE.NS
2025-03-13,195.0,197.3699951171875,192.89999389648438,193.3300018310547,6439500,RELIANCE.NS
2025-03-17,195.0,197.1999969482422,192.97999572753906,195.42999267578125,6627117,RELIANCE.NS
2025-03-18,195.42999267578125,195.42999267578125,195.42999267578125,195.42999267578125,0,RELIANCE.NS
2025-03-19,206.0,207.75,204.11000061035156,205.69000244140625,8763675,RELIANCE.NS
2025-03-20,206.94000244140625,207.9499969482422,202.47999572753906,206.5399932861328,7090259,RELIANCE.NS
2025-03-21,206.5399932861328,213.6699981689453,206.3000030517578,211.9499969482422,14567468,RELIANCE.NS
2025-03-24,214.0,220.5,212.7899932861328,217.5399932861328,17162186,RELIANCE.NS
2025-03-25,219.6999969482422,221.89999389648438,212.85000610351562,213.60000610351562,13641191,RELIANCE.NS
2025-03-26,214.64999389648438,216.0399932861328,210.0,210.52000427246094,11768733,RELIANCE.NS
2025-03-27,210.52000427246094,216.89999389648438,208.75999450683594,213.97999572753906,37280559,RELIANCE.NS
2025-03-28,215.5399932861328,221.3000030517578,214.2100067138672,216.42999267578125,20677777,RELIANCE.NS
2025-04-01,215.14999389648438,215.6999969482422,210.0500030517578,211.69000244140625,16822545,RELIANCE.NS
2025-04-02,213.10000610351562,213.14999389648438,207.41000366210938,212.5800018310547,9217703,RELIANCE.NS
2025-04-03,209.16000366210938,220.5,209.16000366210938,218.67999267578125,14138540,RELIANCE.NS
2025-04-04,218.67999267578125,221.89999389648438,213.0500030517578,214.4499969482422,20924777,RELIANCE.NS
2025-04-07,194.0,209.08999633789062,193.5,207.6999969482422,19369229,RELIANCE.NS
2025-04-08,211.0,214.89999389648438,208.5800018310547,210.94000244140625,9741351,RELIANCE.NS
2025-04-09,210.94000244140625,214.1999969482422,205.19000244140625,211.80999755859375,10120991,RELIANCE.NS
2025-04-11,216.0,217.99000549316406,212.5,212.97000122070312,7830994,RELIANCE.NS
2025-04-15,216.0,222.64999389648438,214.14999389648438,221.8000030517578,13352688,RELIANCE.NS
2025-04-16,221.8000030517578,226.89999389648438,220.75,226.0,16706004,RELIANCE.NS
2025-04-17,228.0,229.39999389648438,224.52999877929688,227.38999938964844,14226916,RELIANCE.NS
2025-04-21,226.16000366210938,228.9199981689453,220.32000732421875,227.19000244140625,25601594,RELIANCE.NS
2025-04-22,228.0,232.4499969482422,227.10000610351562,228.32000732421875,10971980,RELIANCE.NS
2025-04-23,230.39999389648438,231.3300018310547,224.10000610351562,230.52999877929688,9723451,RELIANCE.NS
2025-04-24,229.0,231.52000427246094,226.57000732421875,230.5,13730795,RELIANCE.NS
2025-04-25,230.97999572753906,231.7899932861328,217.85000610351562,222.3699951171875,18081374,RELIANCE.NS
2025-04-28,222.3699951171875,231.38999938964844,221.55999755859375,230.30999755859375,11353051,RELIANCE.NS
2025-04-29,230.3000030517578,235.1999969482422,230.24000549316406,231.3300018310547,16328906,RELIANCE.NS
2025-04-30,231.5,232.3699951171875,225.05999755859375,226.83999633789062,8248908,RELIANCE.NS
2025-05-02,226.83999633789062,231.22999572753906,224.25999450683594,224.8300018310547,6528363,RELIANCE.NS
2025-05-05,225.0,229.49000549316406,225.0,228.72000122070312,4412046,RELIANCE.NS
2025-05-06,228.72000122070312,228.9499969482422,216.1199951171875,217.75,11268211,RELIANCE.NS
2025-05-07,213.5,226.1999969482422,213.39999389648438,225.14999389648438,16036419,RELIANCE.NS
2025-05-08,225.3000030517578,227.0,214.89999389648438,217.1699981689453,7896625,RELIANCE.NS
2025-05-09,212.10000610351562,218.0,212.10000610351562,216.6300048828125,9483894,RELIANCE.NS
2025-05-12,224.0,233.5,224.0,232.9499969482422,14953189,RELIANCE.NS
2025-05-13,233.8000030517578,243.1999969482422,233.0,238.3800048828125,26179873,RELIANCE.NS
2025-05-14,239.69000244140625,240.75999450683594,234.33999633789062,239.36000061035156,21213251,RELIANCE.NS
2025-05-15,240.0,247.6699981689453,237.58999633789062,245.67999267578125,16138842,RELIANCE.NS
2025-05-16,247.8000030517578,259.989990234375,244.16000366210938,250.35000610351562,50239674,RELIANCE.NS
