,Index,Entry Date,Entry Time,Exit Date,Exit Time,Type,Strike,B/S,Qty,Entry Price,Exit Price,Vix,P/L,Open,High,Low,Close,Prev. Close,Change,% Change
6,4.0,2023-12-14,9:16:00,2023-12-14,15:15:00,,,,,,,11.86,265.5,12.065,12.5125,11.0,12.32,12.065,0.26,2.11
7,4.1,2023-12-14,9:17:00,2023-12-14,15:15:00,CE,70600.0,Buy,10.0,90.05,116.6,,265.5,12.065,12.5125,11.0,12.32,12.065,0.26,2.11
8,5.0,2023-12-15,9:16:00,2023-12-15,11:27:00,,,,,,,12.12,-442.0,12.32,13.3425,10.8,13.1275,12.32,0.81,6.55
9,5.1,2023-12-15,10:05:00,2023-12-15,11:27:00,CE,71000.0,Buy,10.0,60.2,91.0,,308.0,12.32,13.3425,10.8,13.1275,12.32,0.81,6.55
10,5.2,2023-12-15,9:25:00,2023-12-15,11:27:00,PE,70700.0,Buy,10.0,94.2,19.2,,-750.0,12.32,13.3425,10.8,13.1275,12.32,0.81,6.55
11,6.0,2023-12-18,9:16:00,2023-12-18,15:15:00,,,,,,,13.52,-196.5,13.1275,14.1175,13.125,13.9,13.1275,0.77,5.88
12,6.1,2023-12-18,9:25:00,2023-12-18,15:15:00,CE,73000.0,Buy,10.0,78.9,59.25,,-196.5,13.1275,14.1175,13.125,13.9,13.1275,0.77,5.88
13,7.0,2023-12-20,9:16:00,2023-12-20,15:15:00,,,,,,,14.02,3500.0,13.8675,14.87,12.7775,14.45,13.8675,0.58,4.2
14,7.1,2023-12-20,13:25:00,2023-12-20,15:14:00,PE,70800.0,Buy,10.0,80.7,430.7,,3500.0,13.8675,14.87,12.7775,14.45,13.8675,0.58,4.2
24,10.0,2023-12-26,9:16:00,2023-12-26,15:15:00,,,,,,,14.42,-421.5,13.7075,14.95,13.7075,14.6775,13.7075,0.97,7.08
25,10.1,2023-12-26,9:18:00,2023-12-26,15:15:00,CE,72800.0,Buy,10.0,87.95,45.8,,-421.5,13.7075,14.95,13.7075,14.6775,13.7075,0.97,7.08
28,12.0,2024-01-01,9:16:00,2024-01-01,15:15:00,,,,,,,14.83,-384.5,14.5025,14.8675,14.3275,14.68,14.5025,0.18,1.22
29,12.1,2024-01-01,14:51:00,2024-01-01,15:15:00,CE,74000.0,Buy,10.0,73.7,35.25,,-384.5,14.5025,14.8675,14.3275,14.68,14.5025,0.18,1.22
36,16.0,2024-01-08,9:16:00,2024-01-08,15:15:00,,,,,,,13.12,760.0,12.63,13.595,12.63,13.4625,12.63,0.83,6.59
37,16.1,2024-01-08,9:17:00,2024-01-08,15:15:00,PE,70700.0,Buy,10.0,95.0,171.0,,760.0,12.63,13.595,12.63,13.4625,12.63,0.83,6.59
45,20.0,2024-01-12,9:16:00,2024-01-12,14:40:00,,,,,,,12.76,2822.0,12.7675,13.285,12.42,13.1,12.7675,0.33,2.6
46,20.1,2024-01-12,10:04:00,2024-01-12,14:40:00,CE,72200.0,Buy,10.0,88.0,438.0,,3500.0,12.7675,13.285,12.42,13.1,12.7675,0.33,2.6
47,20.2,2024-01-12,9:28:00,2024-01-12,14:40:00,PE,71800.0,Buy,10.0,71.2,3.4,,-678.0,12.7675,13.285,12.42,13.1,12.7675,0.33,2.6
48,21.0,2024-01-17,9:16:00,2024-01-17,15:15:00,,,,,,,13.68,386.0,13.5725,15.23,12.715,15.08,13.5725,1.51,11.11
49,21.1,2024-01-17,9:17:00,2024-01-17,15:15:00,CE,73500.0,Buy,10.0,60.0,28.25,,-317.5,13.5725,15.23,12.715,15.08,13.5725,1.51,11.11
50,21.2,2024-01-17,9:17:00,2024-01-17,15:15:00,PE,70800.0,Buy,10.0,85.7,156.05,,703.5,13.5725,15.23,12.715,15.08,13.5725,1.51,11.11
56,24.0,2024-01-23,9:16:00,2024-01-23,15:15:00,,,,,,,13.09,3500.0,13.8025,15.405,12.195,14.8525,13.8025,1.05,7.61
57,24.1,2024-01-23,9:59:00,2024-01-23,12:04:00,PE,70900.0,Buy,10.0,78.75,428.75,,3500.0,13.8025,15.405,12.195,14.8525,13.8025,1.05,7.61
62,27.0,2024-01-29,9:16:00,2024-01-29,15:15:00,,,,,,,14.84,1207.0,13.865,15.8475,13.795,15.68,13.865,1.81,13.09
63,27.1,2024-01-29,9:18:00,2024-01-29,15:15:00,CE,73500.0,Buy,10.0,81.05,201.75,,1207.0,13.865,15.8475,13.795,15.68,13.865,1.81,13.09
68,30.0,2024-02-02,9:16:00,2024-02-02,15:15:00,,,,,,,14.05,3500.0,14.455,15.1325,14.025,14.6975,14.455,0.24,1.68
69,30.1,2024-02-02,9:20:00,2024-02-02,11:32:00,CE,72700.0,Buy,10.0,67.5,417.5,,3500.0,14.455,15.1325,14.025,14.6975,14.455,0.24,1.68
70,31.0,2024-02-05,9:16:00,2024-02-05,15:15:00,,,,,,,15.65,-473.5,14.6975,16.05,14.6975,15.6175,14.6975,0.92,6.26
71,31.1,2024-02-05,9:26:00,2024-02-05,15:15:00,CE,74500.0,Buy,10.0,75.0,36.15,,-388.5,14.6975,16.05,14.6975,15.6175,14.6975,0.92,6.26
72,31.2,2024-02-05,9:20:00,2024-02-05,15:15:00,PE,69500.0,Buy,10.0,99.5,91.0,,-85.0,14.6975,16.05,14.6975,15.6175,14.6975,0.92,6.26
73,32.0,2024-02-08,9:16:00,2024-02-08,15:15:00,,,,,,,15.48,574.5,15.505,16.0275,15.2425,15.8275,15.505,0.32,2.08
74,32.1,2024-02-08,10:58:00,2024-02-08,15:15:00,PE,71000.0,Buy,10.0,77.6,135.05,,574.5,15.505,16.0275,15.2425,15.8275,15.505,0.32,2.08
77,34.0,2024-02-12,9:16:00,2024-02-12,15:15:00,,,,,,,16.09,88.0,15.4475,16.535,15.4475,16.0625,15.4475,0.62,3.98
78,34.1,2024-02-12,12:57:00,2024-02-12,15:15:00,PE,69200.0,Buy,10.0,74.2,83.0,,88.0,15.4475,16.535,15.4475,16.0625,15.4475,0.62,3.98
84,37.0,2024-02-20,9:16:00,2024-02-20,15:15:00,,,,,,,16.23,31.0,16.0175,16.36,14.2125,16.0725,16.0175,0.06,0.34
85,37.1,2024-02-20,12:03:00,2024-02-20,15:15:00,CE,74200.0,Buy,10.0,78.9,82.0,,31.0,16.0175,16.36,14.2125,16.0725,16.0175,0.06,0.34
91,40.0,2024-02-26,9:16:00,2024-02-26,15:15:00,,,,,,,15.77,-712.0,14.9725,15.96,13.7575,15.6,14.9725,0.63,4.19
92,40.1,2024-02-26,9:18:00,2024-02-26,15:15:00,CE,74800.0,Buy,10.0,97.05,55.35,,-417.0,14.9725,15.96,13.7575,15.6,14.9725,0.63,4.19
93,40.2,2024-02-26,11:56:00,2024-02-26,15:15:00,PE,71000.0,Buy,10.0,88.65,59.15,,-295.0,14.9725,15.96,13.7575,15.6,14.9725,0.63,4.19
94,41.0,2024-02-28,9:16:00,2024-02-28,15:15:00,,,,,,,15.84,471.0,15.7275,16.74,15.31,16.33,15.7275,0.6,3.83
95,41.1,2024-02-28,11:01:00,2024-02-28,15:15:00,PE,71300.0,Buy,10.0,76.1,123.2,,471.0,15.7275,16.74,15.31,16.33,15.7275,0.6,3.83
100,44.0,2024-03-11,9:16:00,2024-03-11,15:15:00,,,,,,,14.29,-510.5,13.6125,14.5525,13.6125,13.995,13.6125,0.38,2.81
101,44.1,2024-03-11,9:17:00,2024-03-11,15:15:00,CE,75300.0,Buy,10.0,94.05,43.0,,-510.5,13.6125,14.5525,13.6125,13.995,13.6125,0.38,2.81
104,46.0,2024-03-13,9:16:00,2024-03-13,15:15:00,,,,,,,13.67,1956.0,13.6375,15.005,13.5325,14.4325,13.6375,0.79,5.83
105,46.1,2024-03-13,9:38:00,2024-03-13,15:15:00,PE,72400.0,Buy,10.0,77.25,272.85,,1956.0,13.6375,15.005,13.5325,14.4325,13.6375,0.79,5.83
108,48.0,2024-03-15,9:16:00,2024-03-15,15:15:00,,,,,,,13.79,-1391.5,13.6225,14.3325,13.59,13.69,13.6225,0.07,0.5
109,48.1,2024-03-15,9:23:00,2024-03-15,15:15:00,CE,73400.0,Buy,10.0,68.5,0.2,,-683.0,13.6225,14.3325,13.59,13.69,13.6225,0.07,0.5
110,48.2,2024-03-15,9:36:00,2024-03-15,15:15:00,PE,72300.0,Buy,10.0,71.25,0.4,,-708.5,13.6225,14.3325,13.59,13.69,13.6225,0.07,0.5
111,49.0,2024-03-18,9:16:00,2024-03-18,15:15:00,,,,,,,14.46,-416.5,13.69,14.615,13.69,13.895,13.69,0.21,1.5
112,49.1,2024-03-18,9:41:00,2024-03-18,15:15:00,PE,70800.0,Buy,10.0,84.05,42.4,,-416.5,13.69,14.615,13.69,13.895,13.69,0.21,1.5
113,50.0,2024-03-19,9:16:00,2024-03-19,15:15:00,,,,,,,14.01,-187.0,13.895,14.445,13.875,14.1125,13.895,0.22,1.57
114,50.1,2024-03-19,10:22:00,2024-03-19,15:15:00,PE,70800.0,Buy,10.0,73.65,54.95,,-187.0,13.895,14.445,13.875,14.1125,13.895,0.22,1.57
122,54.0,2024-03-26,9:16:00,2024-03-26,15:15:00,,,,,,,12.92,-515.5,12.22,13.1025,12.085,12.82,12.22,0.6,4.91
123,54.1,2024-03-26,9:17:00,2024-03-26,15:15:00,PE,71300.0,Buy,10.0,76.8,25.25,,-515.5,12.22,13.1025,12.085,12.82,12.22,0.6,4.91
126,56.0,2024-03-28,9:16:00,2024-03-28,15:15:00,,,,,,,12.76,3500.0,12.7025,13.18,12.26,12.8325,12.7025,0.13,1.02
127,56.1,2024-03-28,9:21:00,2024-03-28,11:02:00,CE,73500.0,Buy,10.0,80.25,430.25,,3500.0,12.7025,13.18,12.26,12.8325,12.7025,0.13,1.02
132,59.0,2024-04-05,9:16:00,2024-04-05,15:15:00,,,,,,,11.43,-727.5,11.22,11.6825,11.035,11.3375,11.22,0.12,1.05
133,59.1,2024-04-05,9:52:00,2024-04-05,15:15:00,CE,74700.0,Buy,10.0,73.0,0.25,,-727.5,11.22,11.6825,11.035,11.3375,11.22,0.12,1.05
134,60.0,2024-04-08,9:16:00,2024-04-08,15:15:00,,,,,,,11.49,-301.5,11.3375,11.7425,11.1325,11.61,11.3375,0.27,2.4
135,60.1,2024-04-08,9:19:00,2024-04-08,15:15:00,PE,72400.0,Buy,10.0,55.2,25.05,,-301.5,11.3375,11.7425,11.1325,11.61,11.3375,0.27,2.4
136,61.0,2024-04-12,9:16:00,2024-04-12,15:15:00,,,,,,,11.4,3500.0,11.1075,11.605,11.1075,11.5325,11.1075,0.43,3.83
137,61.1,2024-04-12,9:42:00,2024-04-12,12:17:00,PE,74300.0,Buy,10.0,78.6,428.6,,3500.0,11.1075,11.605,11.1075,11.5325,11.1075,0.43,3.83
138,62.0,2024-04-15,9:16:00,2024-04-15,15:15:00,,,,,,,12.37,339.0,11.5325,12.7375,11.3075,12.4675,11.5325,0.93,8.11
139,62.1,2024-04-15,9:17:00,2024-04-15,15:15:00,PE,72300.0,Buy,10.0,101.95,135.85,,339.0,11.5325,12.7375,11.3075,12.4675,11.5325,0.93,8.11
140,63.0,2024-04-18,9:16:00,2024-04-18,15:15:00,,,,,,,12.57,1401.0,12.615,13.3875,12.0275,13.04,12.615,0.42,3.37
141,63.1,2024-04-18,9:44:00,2024-04-18,15:15:00,PE,72200.0,Buy,10.0,67.45,207.55,,1401.0,12.615,13.3875,12.0275,13.04,12.615,0.42,3.37
142,64.0,2024-04-19,9:16:00,2024-04-19,13:54:00,,,,,,,14.2,2768.0,13.04,14.4125,11.915,13.4575,13.04,0.42,3.2
143,64.1,2024-04-19,9:24:00,2024-04-19,13:54:00,CE,72600.0,Buy,10.0,73.5,423.5,,3500.0,13.04,14.4125,11.915,13.4575,13.04,0.42,3.2
144,64.2,2024-04-19,9:22:00,2024-04-19,13:54:00,PE,70900.0,Buy,10.0,76.5,3.3,,-732.0,13.04,14.4125,11.915,13.4575,13.04,0.42,3.2
145,65.0,2024-04-25,9:16:00,2024-04-25,15:15:00,,,,,,,10.52,1614.5,10.275,11.4575,10.26,10.73,10.275,0.46,4.43
146,65.1,2024-04-25,9:35:00,2024-04-25,15:15:00,CE,74400.0,Buy,10.0,71.55,233.0,,1614.5,10.275,11.4575,10.26,10.73,10.275,0.46,4.43
147,66.0,2024-04-26,9:16:00,2024-04-26,15:15:00,,,,,,,10.99,895.0,10.73,11.315,10.5875,10.925,10.73,0.2,1.82
148,66.1,2024-04-26,9:27:00,2024-04-26,15:15:00,PE,73900.0,Buy,10.0,81.15,170.65,,895.0,10.73,11.315,10.5875,10.925,10.73,0.2,1.82
149,67.0,2024-04-30,9:16:00,2024-04-30,15:15:00,,,,,,,12.53,-452.0,12.235,13.2125,12.235,12.87,12.235,0.63,5.19
150,67.1,2024-04-30,9:51:00,2024-04-30,15:15:00,CE,75900.0,Buy,10.0,80.25,35.05,,-452.0,12.235,13.2125,12.235,12.87,12.235,0.63,5.19
151,68.0,2024-05-02,9:16:00,2024-05-02,15:15:00,,,,,,,13.87,-548.0,12.87,13.9475,12.87,13.445,12.87,0.58,4.47
152,68.1,2024-05-02,9:47:00,2024-05-02,15:15:00,CE,75500.0,Buy,10.0,72.7,17.9,,-548.0,12.87,13.9475,12.87,13.445,12.87,0.58,4.47
153,69.0,2024-05-03,9:16:00,2024-05-03,10:41:00,,,,,,,13.8,2862.5,13.445,15.3125,13.445,14.6175,13.445,1.17,8.72
154,69.1,2024-05-03,9:23:00,2024-05-03,10:41:00,CE,75400.0,Buy,10.0,82.0,18.25,,-637.5,13.445,15.3125,13.445,14.6175,13.445,1.17,8.72
155,69.2,2024-05-03,9:37:00,2024-05-03,10:41:00,PE,74400.0,Buy,10.0,71.25,421.25,,3500.0,13.445,15.3125,13.445,14.6175,13.445,1.17,8.72
156,70.0,2024-05-07,9:16:00,2024-05-07,15:15:00,,,,,,,16.91,63.5,16.6,17.6425,16.6,17.0075,16.6,0.41,2.45
157,70.1,2024-05-07,10:01:00,2024-05-07,15:15:00,PE,72300.0,Buy,10.0,76.0,82.35,,63.5,16.6,17.6425,16.6,17.0075,16.6,0.41,2.45
158,71.0,2024-05-08,9:16:00,2024-05-08,15:15:00,,,,,,,17.37,-443.5,17.0075,18.3175,16.4625,17.08,17.0075,0.07,0.43
159,71.1,2024-05-08,12:20:00,2024-05-08,15:15:00,CE,74800.0,Buy,10.0,81.6,37.25,,-443.5,17.0075,18.3175,16.4625,17.08,17.0075,0.07,0.43
160,72.0,2024-05-09,9:16:00,2024-05-09,15:15:00,,,,,,,17.41,2213.5,17.08,19.1725,17.08,18.2,17.08,1.12,6.56
161,72.1,2024-05-09,9:26:00,2024-05-09,15:15:00,PE,72500.0,Buy,10.0,70.5,291.85,,2213.5,17.08,19.1725,17.08,18.2,17.08,1.12,6.56
162,73.0,2024-05-10,9:16:00,2024-05-10,15:15:00,,,,,,,18.2,-683.5,18.2,19.0075,17.995,18.4725,18.2,0.27,1.5
163,73.1,2024-05-10,9:56:00,2024-05-10,15:15:00,CE,73300.0,Buy,10.0,68.55,0.2,,-683.5,18.2,19.0075,17.995,18.4725,18.2,0.27,1.5
164,74.0,2024-05-13,9:16:00,2024-05-13,15:15:00,,,,,,,20.24,-231.5,18.4725,21.485,18.4725,20.6,18.4725,2.13,11.52
165,74.1,2024-05-13,9:17:00,2024-05-13,15:15:00,PE,70800.0,Buy,10.0,82.5,59.35,,-231.5,18.4725,21.485,18.4725,20.6,18.4725,2.13,11.52
166,75.0,2024-05-15,9:16:00,2024-05-15,15:15:00,,,,,,,20.37,-427.5,20.195,20.6575,19.87,20.2725,20.195,0.08,0.38
167,75.1,2024-05-15,10:09:00,2024-05-15,15:15:00,PE,71600.0,Buy,10.0,73.8,31.05,,-427.5,20.195,20.6575,19.87,20.2725,20.195,0.08,0.38
175,79.0,2024-05-24,9:16:00,2024-05-24,15:15:00,,,,,,,21.24,-732.5,21.38,21.8975,20.59,21.71,21.38,0.33,1.54
176,79.1,2024-05-24,9:19:00,2024-05-24,15:15:00,CE,76000.0,Buy,10.0,73.55,0.3,,-732.5,21.38,21.8975,20.59,21.71,21.38,0.33,1.54
177,80.0,2024-05-27,9:16:00,2024-05-27,15:15:00,,,,,,,22.12,-364.5,21.71,26.195,18.435,23.1925,21.71,1.48,6.83
178,80.1,2024-05-27,11:57:00,2024-05-27,15:15:00,CE,77500.0,Buy,10.0,82.5,46.05,,-364.5,21.71,26.195,18.435,23.1925,21.71,1.48,6.83
183,83.0,2024-05-31,9:16:00,2024-05-31,15:15:00,,,,,,,23.68,-673.0,24.175,24.81,22.5975,24.6025,24.175,0.43,1.77
184,83.1,2024-05-31,9:23:00,2024-05-31,15:15:00,CE,75100.0,Buy,10.0,67.5,0.2,,-673.0,24.175,24.81,22.5975,24.6025,24.175,0.43,1.77
187,85.0,2024-06-04,9:16:00,2024-06-04,15:15:00,,,,,,,19.23,3500.0,20.9375,31.71,18.8025,26.7475,20.9375,5.81,27.75
188,85.1,2024-06-04,9:21:00,2024-06-04,9:23:00,PE,73500.0,Buy,10.0,405.4,755.4,,3500.0,20.9375,31.71,18.8025,26.7475,20.9375,5.81,27.75
192,87.0,2024-06-07,9:16:00,2024-06-07,15:15:00,,,,,,,16.89,3500.0,16.8,17.145,16.3725,16.8825,16.8,0.08,0.49
193,87.1,2024-06-07,9:21:00,2024-06-07,11:36:00,CE,75900.0,Buy,10.0,77.95,427.95,,3500.0,16.8,17.145,16.3725,16.8825,16.8,0.08,0.49
196,89.0,2024-06-19,9:16:00,2024-06-19,15:15:00,,,,,,,12.87,-446.0,12.965,13.815,11.63,13.7125,12.965,0.75,5.77
197,89.1,2024-06-19,14:33:00,2024-06-19,15:15:00,CE,78500.0,Buy,10.0,70.9,43.95,,-269.5,12.965,13.815,11.63,13.7125,12.965,0.75,5.77
198,89.2,2024-06-19,10:16:00,2024-06-19,15:15:00,PE,76100.0,Buy,10.0,71.1,53.45,,-176.5,12.965,13.815,11.63,13.7125,12.965,0.75,5.77
205,92.0,2024-06-25,9:16:00,2024-06-25,15:15:00,,,,,,,14.05,269.5,14.0575,14.455,13.8425,14.3125,14.0575,0.26,1.81
206,92.1,2024-06-25,12:43:00,2024-06-25,15:15:00,CE,78900.0,Buy,10.0,72.0,98.95,,269.5,14.0575,14.455,13.8425,14.3125,14.0575,0.26,1.81
209,94.0,2024-06-27,9:16:00,2024-06-27,15:15:00,,,,,,,14.04,168.0,14.045,14.61,13.915,14.1525,14.045,0.11,0.77
210,94.1,2024-06-27,10:03:00,2024-06-27,15:15:00,CE,79800.0,Buy,10.0,74.1,90.9,,168.0,14.045,14.61,13.915,14.1525,14.045,0.11,0.77
211,95.0,2024-07-01,9:16:00,2024-07-01,15:15:00,,,,,,,13.8,-314.0,13.8025,14.2275,13.7925,13.83,13.8025,0.03,0.2
212,95.1,2024-07-01,9:42:00,2024-07-01,15:15:00,CE,81200.0,Buy,10.0,76.65,45.25,,-314.0,13.8025,14.2275,13.7925,13.83,13.8025,0.03,0.2
217,98.0,2024-07-10,9:16:00,2024-07-10,15:15:00,,,,,,,14.28,-37.5,14.28,14.915,13.4075,14.4325,14.28,0.15,1.07
218,98.1,2024-07-10,10:21:00,2024-07-10,15:15:00,PE,79000.0,Buy,10.0,67.55,63.8,,-37.5,14.28,14.915,13.4075,14.4325,14.28,0.15,1.07
224,101.0,2024-07-15,9:16:00,2024-07-15,15:15:00,,,,,,,14.24,-283.0,13.725,14.34,13.5675,14.1875,13.725,0.46,3.37
225,101.1,2024-07-15,9:17:00,2024-07-15,15:15:00,CE,82100.0,Buy,10.0,78.4,50.1,,-283.0,13.725,14.34,13.5675,14.1875,13.725,0.46,3.37
226,102.0,2024-07-18,9:16:00,2024-07-18,15:15:00,,,,,,,13.95,1432.5,14.2225,14.71,13.75,14.51,14.2225,0.29,2.02
227,102.1,2024-07-18,9:46:00,2024-07-18,15:15:00,CE,81500.0,Buy,10.0,69.9,213.15,,1432.5,14.2225,14.71,13.75,14.51,14.2225,0.29,2.02
228,103.0,2024-07-22,9:16:00,2024-07-22,15:15:00,,,,,,,15.29,29.5,14.825,15.625,13.115,15.4375,14.825,0.61,4.13
229,103.1,2024-07-22,9:31:00,2024-07-22,15:15:00,PE,77500.0,Buy,10.0,86.55,89.5,,29.5,14.825,15.625,13.115,15.4375,14.825,0.61,4.13
235,106.0,2024-07-25,9:16:00,2024-07-25,15:15:00,,,,,,,11.92,-190.5,11.7625,13.2175,11.275,12.6175,11.7625,0.86,7.27
236,106.1,2024-07-25,14:10:00,2024-07-25,15:15:00,CE,80700.0,Buy,10.0,75.5,56.45,,-190.5,11.7625,13.2175,11.275,12.6175,11.7625,0.86,7.27
239,108.0,2024-08-02,9:16:00,2024-08-02,15:15:00,,,,,,,13.42,-713.5,12.93,14.51,11.6925,14.32,12.93,1.39,10.75
240,108.1,2024-08-02,9:28:00,2024-08-02,15:15:00,CE,81900.0,Buy,10.0,71.55,0.2,,-713.5,12.93,14.51,11.6925,14.32,12.93,1.39,10.75
241,109.0,2024-08-05,9:16:00,2024-08-05,15:15:00,,,,,,,15.72,3500.0,14.32,23.1525,13.9075,20.3675,14.32,6.05,42.23
242,109.1,2024-08-05,9:17:00,2024-08-05,11:21:00,PE,77000.0,Buy,10.0,121.6,471.6,,3500.0,14.32,23.1525,13.9075,20.3675,14.32,6.05,42.23
245,111.0,2024-08-08,9:16:00,2024-08-08,15:15:00,,,,,,,15.25,-315.0,16.17,17.23,14.38,16.6025,16.17,0.43,2.67
246,111.1,2024-08-08,9:36:00,2024-08-08,15:15:00,PE,77800.0,Buy,10.0,77.7,46.2,,-315.0,16.17,17.23,14.38,16.6025,16.17,0.43,2.67
247,112.0,2024-08-12,9:16:00,2024-08-12,15:15:00,,,,,,,15.33,-694.5,15.335,16.5575,13.395,15.8675,15.335,0.53,3.47
248,112.1,2024-08-12,11:00:00,2024-08-12,15:15:00,CE,81500.0,Buy,10.0,60.1,34.95,,-251.5,15.335,16.5575,13.395,15.8675,15.335,0.53,3.47
249,112.2,2024-08-12,9:20:00,2024-08-12,15:15:00,PE,77000.0,Buy,10.0,84.2,39.9,,-443.0,15.335,16.5575,13.395,15.8675,15.335,0.53,3.47
250,113.0,2024-08-13,9:16:00,2024-08-13,15:15:00,,,,,,,14.81,-73.0,15.8675,16.375,14.2225,16.1675,15.8675,0.3,1.89
251,113.1,2024-08-13,14:08:00,2024-08-13,15:15:00,PE,77500.0,Buy,10.0,68.2,60.9,,-73.0,15.8675,16.375,14.2225,16.1675,15.8675,0.3,1.89
257,116.0,2024-08-26,9:16:00,2024-08-26,15:15:00,,,,,,,13.86,-305.5,13.5525,13.9925,12.01,13.795,13.5525,0.24,1.79
258,116.1,2024-08-26,10:19:00,2024-08-26,15:15:00,CE,83000.0,Buy,10.0,75.3,44.75,,-305.5,13.5525,13.9925,12.01,13.795,13.5525,0.24,1.79
259,117.0,2024-08-28,9:16:00,2024-08-28,15:15:00,,,,,,,13.69,-310.0,13.6325,14.085,12.035,13.95,13.6325,0.32,2.33
260,117.1,2024-08-28,11:34:00,2024-08-28,15:15:00,CE,82700.0,Buy,10.0,70.3,39.3,,-310.0,13.6325,14.085,12.035,13.95,13.6325,0.32,2.33
265,120.0,2024-09-04,9:16:00,2024-09-04,15:15:00,,,,,,,14.12,-101.0,13.8425,14.555,12.805,14.3775,13.8425,0.54,3.86
266,120.1,2024-09-04,13:21:00,2024-09-04,15:15:00,CE,83100.0,Buy,10.0,73.9,63.8,,-101.0,13.8425,14.555,12.805,14.3775,13.8425,0.54,3.86
269,122.0,2024-09-06,9:16:00,2024-09-06,10:08:00,,,,,,,12.96,2956.0,14.2075,15.6725,12.3525,15.2175,14.2075,1.01,7.11
270,122.1,2024-09-06,9:29:00,2024-09-06,10:08:00,CE,82400.0,Buy,10.0,88.1,33.7,,-544.0,14.2075,15.6725,12.3525,15.2175,14.2075,1.01,7.11
271,122.2,2024-09-06,9:26:00,2024-09-06,10:08:00,PE,81700.0,Buy,10.0,81.15,431.15,,3500.0,14.2075,15.6725,12.3525,15.2175,14.2075,1.01,7.11
275,124.0,2024-09-11,9:16:00,2024-09-11,15:15:00,,,,,,,12.38,-222.0,13.36,13.765,11.325,13.6275,13.36,0.27,2.0
276,124.1,2024-09-11,9:42:00,2024-09-11,15:15:00,CE,82700.0,Buy,10.0,66.05,35.75,,-303.0,13.36,13.765,11.325,13.6275,13.36,0.27,2.0
277,124.2,2024-09-11,14:16:00,2024-09-11,15:15:00,PE,80600.0,Buy,10.0,71.0,79.1,,81.0,13.36,13.765,11.325,13.6275,13.36,0.27,2.0
281,126.0,2024-09-18,9:16:00,2024-09-18,15:15:00,,,,,,,12.73,335.0,12.59,13.8475,12.26,13.3725,12.59,0.78,6.22
282,126.1,2024-09-18,9:43:00,2024-09-18,15:15:00,CE,84300.0,Buy,10.0,64.9,87.35,,224.5,12.59,13.8475,12.26,13.3725,12.59,0.78,6.22
283,126.2,2024-09-18,13:05:00,2024-09-18,15:15:00,PE,81500.0,Buy,10.0,73.9,84.95,,110.5,12.59,13.8475,12.26,13.3725,12.59,0.78,6.22
286,128.0,2024-09-20,9:16:00,2024-09-20,12:42:00,,,,,,,12.38,788.0,12.47,13.11,10.9025,12.79,12.47,0.32,2.57
287,128.1,2024-09-20,9:52:00,2024-09-20,12:42:00,CE,84100.0,Buy,10.0,84.4,238.2,,1538.0,12.47,13.11,10.9025,12.79,12.47,0.32,2.57
288,128.2,2024-09-20,9:20:00,2024-09-20,12:42:00,PE,82900.0,Buy,10.0,79.0,4.0,,-750.0,12.47,13.11,10.9025,12.79,12.47,0.32,2.57
289,129.0,2024-09-23,9:16:00,2024-09-23,15:15:00,,,,,,,13.27,-319.0,12.79,14.03,12.4275,13.785,12.79,1.0,7.78
290,129.1,2024-09-23,9:17:00,2024-09-23,15:15:00,CE,86500.0,Buy,10.0,87.9,56.0,,-319.0,12.79,14.03,12.4275,13.785,12.79,1.0,7.78
295,132.0,2024-09-30,9:16:00,2024-09-30,15:15:00,,,,,,,12.66,300.0,11.9625,13.2375,11.6,12.7875,11.9625,0.82,6.9
296,132.1,2024-09-30,9:49:00,2024-09-30,15:15:00,PE,83000.0,Buy,10.0,60.0,90.0,,300.0,11.9625,13.2375,11.6,12.7875,11.9625,0.82,6.9
299,134.0,2024-10-03,9:16:00,2024-10-03,15:15:00,,,,,,,13.02,-955.5,11.9875,13.9275,11.685,13.17,11.9875,1.18,9.86
300,134.1,2024-10-03,9:30:00,2024-10-03,15:15:00,CE,84700.0,Buy,10.0,82.35,8.2,,-741.5,11.9875,13.9275,11.685,13.17,11.9875,1.18,9.86
301,134.2,2024-10-03,9:17:00,2024-10-03,15:15:00,PE,81600.0,Buy,10.0,82.3,60.9,,-214.0,11.9875,13.9275,11.685,13.17,11.9875,1.18,9.86
302,135.0,2024-10-04,9:16:00,2024-10-04,15:15:00,,,,,,,12.98,-1443.5,13.17,14.48,12.285,14.1275,13.17,0.96,7.27
303,135.1,2024-10-04,10:45:00,2024-10-04,15:15:00,CE,83300.0,Buy,10.0,73.35,0.25,,-731.0,13.17,14.48,12.285,14.1275,13.17,0.96,7.27
304,135.2,2024-10-04,9:17:00,2024-10-04,15:15:00,PE,81600.0,Buy,10.0,71.6,0.35,,-712.5,13.17,14.48,12.285,14.1275,13.17,0.96,7.27
307,137.0,2024-10-15,9:16:00,2024-10-15,15:15:00,,,,,,,12.89,8.0,12.995,13.3625,10.9225,13.0025,12.995,0.01,0.06
308,137.1,2024-10-15,9:50:00,2024-10-15,15:15:00,PE,80700.0,Buy,10.0,81.5,82.3,,8.0,12.995,13.3625,10.9225,13.0025,12.995,0.01,0.06
309,138.0,2024-10-16,9:16:00,2024-10-16,15:15:00,,,,,,,13.1,-466.5,13.0025,13.56,11.435,13.0525,13.0025,0.05,0.38
310,138.1,2024-10-16,9:50:00,2024-10-16,15:15:00,CE,83000.0,Buy,10.0,73.5,26.85,,-466.5,13.0025,13.56,11.435,13.0525,13.0025,0.05,0.38
311,139.0,2024-10-17,9:16:00,2024-10-17,15:15:00,,,,,,,13.07,188.0,13.0525,13.465,11.0625,13.3875,13.0525,0.33,2.57
312,139.1,2024-10-17,9:22:00,2024-10-17,15:15:00,PE,80700.0,Buy,10.0,80.2,99.0,,188.0,13.0525,13.465,11.0625,13.3875,13.0525,0.33,2.57
316,141.0,2024-10-21,9:16:00,2024-10-21,15:15:00,,,,,,,13.45,-241.0,13.0375,14.195,12.5525,13.7625,13.0375,0.72,5.56
317,141.1,2024-10-21,9:36:00,2024-10-21,15:15:00,PE,79300.0,Buy,10.0,82.5,58.4,,-241.0,13.0375,14.195,12.5525,13.7625,13.0375,0.72,5.56
318,142.0,2024-10-22,9:16:00,2024-10-22,15:15:00,,,,,,,14.0,647.5,13.7625,14.515,9.47,14.395,13.7625,0.63,4.6
319,142.1,2024-10-22,10:29:00,2024-10-22,15:15:00,PE,79200.0,Buy,10.0,74.3,139.05,,647.5,13.7625,14.515,9.47,14.395,13.7625,0.63,4.6
320,143.0,2024-10-23,9:16:00,2024-10-23,15:15:00,,,,,,,14.39,-385.5,14.395,15.0325,11.74,14.6225,14.395,0.23,1.58
321,143.1,2024-10-23,9:40:00,2024-10-23,15:15:00,PE,78400.0,Buy,10.0,72.3,33.75,,-385.5,14.395,15.0325,11.74,14.6225,14.395,0.23,1.58
324,145.0,2024-10-25,9:16:00,2024-10-25,15:15:00,,,,,,,14.01,-1112.0,13.97,15.08,13.35,14.6325,13.97,0.66,4.74
325,145.1,2024-10-25,9:19:00,2024-10-25,15:15:00,CE,80800.0,Buy,10.0,70.45,0.15,,-703.0,13.97,15.08,13.35,14.6325,13.97,0.66,4.74
326,145.2,2024-10-25,9:32:00,2024-10-25,15:15:00,PE,79400.0,Buy,10.0,67.9,27.0,,-409.0,13.97,15.08,13.35,14.6325,13.97,0.66,4.74
329,147.0,2024-10-29,9:16:00,2024-10-29,15:15:00,,,,,,,14.36,-551.0,14.29,15.0275,13.5575,14.515,14.29,0.23,1.57
330,147.1,2024-10-29,9:31:00,2024-10-29,15:15:00,PE,78400.0,Buy,10.0,74.6,19.5,,-551.0,14.29,15.0275,13.5575,14.515,14.29,0.23,1.57
