Index,Entry-Date,Entry-Weekday,Entry-Time,Entry-Price,Quantity,Instrument-Kind,StrikePrice,Position,ExitDate,Exit-Weekday,ExitTime,ExitPrice,P/L,P/L-Percentage,ExpiryDate,Highest MTM(Candle Close),Lowest MTM(Candle Close),Remarks
1,2023-12-07,,09:16:00,69453.19,,,,,2023-12-07,,15:15:00,69508.89,-200.0,,,0,-200.04999999999995,Exit Condition Met For Trade
1.1,2023-12-07,Thursday,11:06:00,72.05,10,CE,70000.0,Buy,2023-12-07,Thursday,11:19:00,52.05,-200.0,-27.75850104094379,2023-12-08,,,Stop Loss Hit
2,2023-12-08,,09:16:00,69661.43,,,,,2023-12-08,,15:15:00,69890.34,750.0,,,750.0,-0.05,Exit Condition Met For Trade
2.1,2023-12-08,Friday,09:25:00,61.95,10,CE,69800.0,Buy,2023-12-08,Friday,09:51:00,136.95,749.9999999999999,121.0653753026634,2023-12-08,,,Target Hit
3,2023-12-11,,09:16:00,69906.96,,,,,2023-12-11,,15:15:00,69927.51,-200.0,,,0,-200.04999999999995,Exit Condition Met For Trade
3.2,2023-12-11,Monday,09:17:00,78.15,10,PE,68800.0,Buy,2023-12-11,Monday,09:25:00,58.15,-200.00000000000006,-25.591810620601414,2023-12-15,,,Stop Loss Hit
4,2023-12-12,,09:16:00,70004.94,,,,,2023-12-12,,15:15:00,69557.39,-24.5,,,180.95000000000005,-137.54999999999995,Exit Condition Met For Trade
4.2,2023-12-12,Tuesday,14:43:00,62.45,10,PE,68900.0,Buy,2023-12-12,Tuesday,15:15:00,60.0,-24.50000000000003,-3.923138510808651,2023-12-15,,,Exit Condition Met For Trade
5,2023-12-13,,09:16:00,69486.87,,,,,2023-12-13,,15:15:00,69578.43,-200.0,,,409.45000000000005,-200.04999999999995,Exit Condition Met For Trade
5.2,2023-12-13,Wednesday,09:55:00,66.05,10,PE,68900.0,Buy,2023-12-13,Wednesday,13:42:00,46.05,-200.0,-30.28009084027252,2023-12-15,,,Stop Loss Hit
6,2023-12-14,,09:16:00,70161.02,,,,,2023-12-14,,09:32:00,70364.19,171.0,,,366.95000000000005,-0.049999999999954525,Square Off All Legs due to Stop Loss
6.1,2023-12-14,Thursday,09:17:00,75.05,10,CE,70600.0,Buy,2023-12-14,Thursday,09:32:00,112.15,371.0000000000001,49.433710859427066,2023-12-15,,,Square Off All Legs due to Stop Loss
6.2,2023-12-14,Thursday,09:26:00,57.8,10,PE,69900.0,Buy,2023-12-14,Thursday,09:32:00,37.8,-200.0,-34.602076124567475,2023-12-15,,,Stop Loss Hit
7,2023-12-15,,09:16:00,70791.36,,,,,2023-12-15,,15:15:00,71464.3,-200.0,,,0,-200.05,Exit Condition Met For Trade
7.1,2023-12-15,Friday,09:17:00,50.2,10,CE,71000.0,Buy,2023-12-15,Friday,09:24:00,30.2,-200.00000000000003,-39.84063745019921,2023-12-15,,,Stop Loss Hit
8,2023-12-18,,09:16:00,71164.17,,,,,2023-12-18,,10:07:00,71398.39,-325.5,,,210.45000000000005,-325.54999999999995,Square Off All Legs due to Stop Loss
8.1,2023-12-18,Monday,09:25:00,78.9,10,CE,73000.0,Buy,2023-12-18,Monday,10:07:00,58.9,-200.00000000000006,-25.348542458808627,2023-12-22,,,Stop Loss Hit
8.2,2023-12-18,Monday,09:19:00,62.5,10,PE,69500.0,Buy,2023-12-18,Monday,10:07:00,49.95,-125.49999999999997,-20.079999999999995,2023-12-22,,,Square Off All Legs due to Stop Loss
9,2023-12-20,,09:16:00,71754.52,,,,,2023-12-20,,15:15:00,70489.62,-200.0,,,85.45000000000005,-200.04999999999995,Exit Condition Met For Trade
9.1,2023-12-20,Wednesday,09:37:00,68.75,10,CE,72800.0,Buy,2023-12-20,Wednesday,11:20:00,48.75,-200.0,-29.09090909090909,2023-12-22,,,Stop Loss Hit
10,2023-12-21,,09:16:00,70098.45,,,,,2023-12-21,,09:19:00,70320.66,130.0,,,130.0,-61.549999999999955,Square Off All Legs due to Stop Loss
10.1,2023-12-21,Thursday,09:18:00,66.05,10,CE,70900.0,Buy,2023-12-21,Thursday,09:19:00,99.05,330.0,49.96214988644966,2023-12-22,,,Square Off All Legs due to Stop Loss
10.2,2023-12-21,Thursday,09:17:00,62.5,10,PE,68700.0,Buy,2023-12-21,Thursday,09:19:00,42.5,-200.0,-32.0,2023-12-22,,,Stop Loss Hit
11,2023-12-22,,09:16:00,70892.04,,,,,2023-12-22,,09:19:00,70930.37,-160.5,,,0,-160.54999999999995,Square Off All Legs due to Stop Loss
11.1,2023-12-22,Friday,09:17:00,62.9,10,CE,71200.0,Buy,2023-12-22,Friday,09:19:00,66.85,39.49999999999996,6.279809220985684,2023-12-22,,,Square Off All Legs due to Stop Loss
11.2,2023-12-22,Friday,09:17:00,63.75,10,PE,70600.0,Buy,2023-12-22,Friday,09:19:00,43.75,-200.0,-31.372549019607842,2023-12-22,,,Stop Loss Hit
12,2023-12-26,,09:16:00,71088.27,,,,,2023-12-26,,09:19:00,71117.7,-350.0,,,0,-350.04999999999995,Square Off All Legs due to Stop Loss
12.1,2023-12-26,Tuesday,09:18:00,87.95,10,CE,72800.0,Buy,2023-12-26,Tuesday,09:19:00,67.95,-200.0,-22.740193291642978,2023-12-29,,,Stop Loss Hit
12.2,2023-12-26,Tuesday,09:17:00,60.0,10,PE,69000.0,Buy,2023-12-26,Tuesday,09:19:00,45.0,-150.0,-25.0,2023-12-29,,,Square Off All Legs due to Stop Loss
13,2023-12-27,,09:16:00,71612.99,,,,,2023-12-27,,15:15:00,72083.49,-3.5,,,65.95000000000005,-32.049999999999955,Exit Condition Met For Trade
13.1,2023-12-27,Wednesday,15:07:00,61.4,10,CE,73100.0,Buy,2023-12-27,Wednesday,15:15:00,61.05,-3.500000000000014,-0.5700325732899046,2023-12-29,,,Exit Condition Met For Trade
14,2023-12-28,,09:16:00,72216.59,,,,,2023-12-28,,11:01:00,72161.55,-275.0,,,227.45000000000005,-279.54999999999995,Square Off All Legs due to Stop Loss
14.1,2023-12-28,Thursday,09:21:00,58.8,10,CE,73300.0,Buy,2023-12-28,Thursday,11:01:00,38.8,-200.0,-34.013605442176875,2023-12-29,,,Stop Loss Hit
14.2,2023-12-28,Thursday,10:08:00,62.55,10,PE,71100.0,Buy,2023-12-28,Thursday,11:01:00,55.05,-75.0,-11.990407673860911,2023-12-29,,,Square Off All Legs due to Stop Loss
15,2024-01-01,,09:16:00,72134.08,,,,,2024-01-01,,15:15:00,72194.55,-200.0,,,163.45000000000005,-200.04999999999995,Exit Condition Met For Trade
15.1,2024-01-01,Monday,14:50:00,61.45,10,CE,74000.0,Buy,2024-01-01,Monday,15:09:00,41.45,-200.0,-32.546786004882016,2024-01-05,,,Stop Loss Hit
16,2024-01-02,,09:16:00,72150.56,,,,,2024-01-02,,15:15:00,71886.1,-200.0,,,0,-200.04999999999995,Exit Condition Met For Trade
16.2,2024-01-02,Tuesday,09:17:00,63.25,10,PE,70500.0,Buy,2024-01-02,Tuesday,09:18:00,43.25,-200.0,-31.620553359683793,2024-01-05,,,Stop Loss Hit
17,2024-01-04,,09:16:00,71595.38,,,,,2024-01-04,,15:15:00,71830.94,-97.5,,,305.95000000000005,-174.04999999999995,Exit Condition Met For Trade
17.1,2024-01-04,Thursday,09:21:00,57.9,10,CE,72200.0,Buy,2024-01-04,Thursday,15:15:00,48.15,-97.5,-16.83937823834197,2024-01-05,,,Exit Condition Met For Trade
18,2024-01-05,,09:16:00,72121.89,,,,,2024-01-05,,15:15:00,72060.84,-200.0,,,0,-200.04999999999995,Exit Condition Met For Trade
18.1,2024-01-05,Friday,09:28:00,75.55,10,CE,72200.0,Buy,2024-01-05,Friday,09:50:00,55.55,-200.0,-26.472534745201855,2024-01-05,,,Stop Loss Hit
19,2024-01-08,,09:16:00,72079.35,,,,,2024-01-08,,15:15:00,71362.3,-204.5,,,0,-204.54999999999995,Exit Condition Met For Trade
19.2,2024-01-08,Monday,09:17:00,95.0,10,PE,70700.0,Buy,2024-01-08,Monday,09:18:00,74.55,-204.50000000000003,-21.526315789473685,2024-01-12,,,Stop Loss Hit
20,2024-01-09,,09:16:00,71767.86,,,,,2024-01-09,,09:43:00,71711.11,63.5,,,165.45000000000005,-85.04999999999995,Square Off All Legs due to Stop Loss
20.1,2024-01-09,Tuesday,09:27:00,64.45,10,CE,73000.0,Buy,2024-01-09,Tuesday,09:43:00,44.45,-200.0,-31.03180760279286,2024-01-12,,,Stop Loss Hit
20.2,2024-01-09,Tuesday,09:21:00,63.9,10,PE,70800.0,Buy,2024-01-09,Tuesday,09:43:00,90.25,263.5,41.23630672926448,2024-01-12,,,Square Off All Legs due to Stop Loss
21,2024-01-10,,09:16:00,71359.25,,,,,2024-01-10,,15:15:00,71630.27,-200.0,,,0,-200.04999999999995,Exit Condition Met For Trade
21.1,2024-01-10,Wednesday,09:19:00,64.5,10,CE,72400.0,Buy,2024-01-10,Wednesday,09:29:00,44.5,-200.0,-31.007751937984494,2024-01-12,,,Stop Loss Hit
22,2024-01-11,,09:16:00,71924.82,,,,,2024-01-11,,09:43:00,71846.36,-102.5,,,0,-158.54999999999995,Square Off All Legs due to Stop Loss
22.1,2024-01-11,Thursday,09:20:00,67.55,10,CE,72500.0,Buy,2024-01-11,Thursday,09:43:00,47.55,-200.0,-29.607698001480387,2024-01-12,,,Stop Loss Hit
22.2,2024-01-11,Thursday,09:18:00,59.5,10,PE,71300.0,Buy,2024-01-11,Thursday,09:43:00,69.25,97.5,16.386554621848738,2024-01-12,,,Square Off All Legs due to Stop Loss
23,2024-01-12,,09:16:00,72036.33,,,,,2024-01-12,,15:15:00,72508.38,-200.0,,,0,-200.04999999999995,Exit Condition Met For Trade
23.2,2024-01-12,Friday,09:28:00,59.3,10,PE,71800.0,Buy,2024-01-12,Friday,09:50:00,39.3,-200.0,-33.72681281618887,2024-01-12,,,Stop Loss Hit
24,2024-01-15,,09:16:00,73049.48,,,,,2024-01-15,,15:15:00,73290.25,-200.0,,,0,-200.04999999999995,Exit Condition Met For Trade
24.1,2024-01-15,Monday,09:18:00,62.5,10,CE,75000.0,Buy,2024-01-15,Monday,09:43:00,42.5,-200.0,-32.0,2024-01-19,,,Stop Loss Hit
25,2024-01-16,,09:16:00,73202.47,,,,,2024-01-16,,15:15:00,73140.19,-200.0,,,71.45000000000005,-200.04999999999995,Exit Condition Met For Trade
25.1,2024-01-16,Tuesday,09:49:00,66.2,10,CE,74500.0,Buy,2024-01-16,Tuesday,12:48:00,46.2,-200.0,-30.211480362537763,2024-01-19,,,Stop Loss Hit
26,2024-01-17,,09:16:00,72249.05,,,,,2024-01-17,,09:41:00,72365.78,-4.0,,,316.95000000000005,-7.5499999999999545,Square Off All Legs due to Stop Loss
26.1,2024-01-17,Wednesday,09:17:00,50.0,10,CE,73500.0,Buy,2024-01-17,Wednesday,09:41:00,69.6,195.99999999999994,39.19999999999999,2024-01-19,,,Square Off All Legs due to Stop Loss
26.2,2024-01-17,Wednesday,09:17:00,71.45,10,PE,70800.0,Buy,2024-01-17,Wednesday,09:41:00,51.45,-200.0,-27.991602519244225,2024-01-19,,,Stop Loss Hit
27,2024-01-18,,09:16:00,71099.24,,,,,2024-01-18,,15:15:00,71186.32,-200.0,,,0,-200.04999999999995,Exit Condition Met For Trade
27.2,2024-01-18,Thursday,09:17:00,67.6,10,PE,69900.0,Buy,2024-01-18,Thursday,09:19:00,47.6,-199.99999999999994,-29.58579881656804,2024-01-19,,,Stop Loss Hit
28,2024-01-19,,09:16:00,71758.48,,,,,2024-01-19,,15:15:00,71678.55,-200.0,,,17.950000000000045,-200.04999999999995,Exit Condition Met For Trade
28.1,2024-01-19,Friday,09:17:00,60.4,10,CE,72200.0,Buy,2024-01-19,Friday,09:33:00,40.4,-200.0,-33.11258278145696,2024-01-19,,,Stop Loss Hit
29,2024-01-20,,09:16:00,71996.71,,,,,2024-01-20,,09:41:00,71757.21,-404.0,,,26.450000000000045,-404.04999999999995,Square Off All Legs due to Stop Loss
29.1,2024-01-20,Saturday,09:19:00,65.65,10,CE,73800.0,Buy,2024-01-20,Saturday,09:41:00,53.55,-121.00000000000009,-18.431073876618445,2024-01-25,,,Square Off All Legs due to Stop Loss
29.2,2024-01-20,Saturday,09:40:00,60.0,10,PE,69600.0,Buy,2024-01-20,Saturday,09:41:00,31.7,-283.0,-47.166666666666664,2024-01-25,,,Stop Loss Hit
30,2024-01-23,,09:16:00,71967.06,,,,,2024-01-23,,15:15:00,70384.73,750.0,,,750.0,-93.04999999999995,Exit Condition Met For Trade
30.2,2024-01-23,Tuesday,09:26:00,65.6,10,PE,70900.0,Buy,2024-01-23,Tuesday,10:25:00,140.6,750.0,114.32926829268294,2024-01-25,,,Target Hit
31,2024-01-24,,09:16:00,70251.67,,,,,2024-01-24,,09:28:00,70280.13,144.0,,,339.45000000000005,-4.5499999999999545,Square Off All Legs due to Stop Loss
31.1,2024-01-24,Wednesday,09:17:00,61.25,10,CE,71200.0,Buy,2024-01-24,Wednesday,09:28:00,97.35,360.99999999999994,58.938775510204074,2024-01-25,,,Square Off All Legs due to Stop Loss
31.2,2024-01-24,Wednesday,09:20:00,62.2,10,PE,68600.0,Buy,2024-01-24,Wednesday,09:28:00,40.5,-217.00000000000003,-34.88745980707396,2024-01-25,,,Stop Loss Hit
32,2024-01-25,,09:16:00,70919.47,,,,,2024-01-25,,15:15:00,70645.82,-200.0,,,308.45000000000005,-200.04999999999995,Exit Condition Met For Trade
32.2,2024-01-25,Thursday,09:24:00,63.7,10,PE,70300.0,Buy,2024-01-25,Thursday,09:31:00,43.7,-200.0,-31.39717425431711,2024-01-25,,,Stop Loss Hit
33,2024-01-29,,09:16:00,71102.14,,,,,2024-01-29,,15:15:00,71929.92,750.0,,,750.0,-26.549999999999955,Exit Condition Met For Trade
33.1,2024-01-29,Monday,09:18:00,81.05,10,CE,73500.0,Buy,2024-01-29,Monday,12:06:00,156.05,750.0000000000001,92.53547193090688,2024-02-02,,,Target Hit
34,2024-01-31,,09:16:00,70965.92,,,,,2024-01-31,,15:15:00,71765.74,244.5,,,244.5,-74.04999999999995,Exit Condition Met For Trade
34.1,2024-01-31,Wednesday,10:12:00,51.45,10,CE,74100.0,Buy,2024-01-31,Wednesday,15:15:00,75.9,244.50000000000003,47.52186588921283,2024-02-02,,,Exit Condition Met For Trade
35,2024-02-01,,09:16:00,71797.71,,,,,2024-02-01,,15:15:00,71619.17,-210.5,,,328.95000000000005,-210.54999999999995,Exit Condition Met For Trade
35.2,2024-02-01,Thursday,09:17:00,63.9,10,PE,69700.0,Buy,2024-02-01,Thursday,09:47:00,42.85,-210.49999999999997,-32.94209702660406,2024-02-02,,,Stop Loss Hit
36,2024-02-02,,09:16:00,72159.81,,,,,2024-02-02,,15:15:00,72076.5,750.0,,,750.0,-0.05,Exit Condition Met For Trade
36.1,2024-02-02,Friday,09:19:00,56.25,10,CE,72700.0,Buy,2024-02-02,Friday,09:22:00,131.25,750.0,133.33333333333334,2024-02-02,,,Target Hit
37,2024-02-05,,09:16:00,72043.64,,,,,2024-02-05,,09:36:00,72096.14,-124.0,,,261.95000000000005,-124.04999999999995,Square Off All Legs due to Stop Loss
37.1,2024-02-05,Monday,09:26:00,63.65,10,CE,74500.0,Buy,2024-02-05,Monday,09:36:00,71.25,76.00000000000001,11.940298507462689,2024-02-09,,,Square Off All Legs due to Stop Loss
37.2,2024-02-05,Monday,09:20:00,99.5,10,PE,69500.0,Buy,2024-02-05,Monday,09:36:00,79.5,-200.0,-20.100502512562816,2024-02-09,,,Stop Loss Hit
38,2024-02-08,,09:16:00,72314.73,,,,,2024-02-08,,15:15:00,71412.36,750.0,,,750.0,-0.05,Exit Condition Met For Trade
38.2,2024-02-08,Thursday,10:58:00,64.7,10,PE,71000.0,Buy,2024-02-08,Thursday,11:05:00,139.7,749.9999999999999,115.91962905718698,2024-02-09,,,Target Hit
39,2024-02-09,,09:16:00,71306.12,,,,,2024-02-09,,15:15:00,71597.45,750.0,,,750.0,-0.05,Exit Condition Met For Trade
39.1,2024-02-09,Friday,09:22:00,54.45,10,CE,72000.0,Buy,2024-02-09,Friday,09:29:00,129.45,749.9999999999999,137.74104683195588,2024-02-09,,,Target Hit
40,2024-02-12,,09:16:00,71645.22,,,,,2024-02-12,,09:51:00,71455.53,-250.0,,,47.450000000000045,-250.04999999999995,Square Off All Legs due to Stop Loss
40.1,2024-02-12,Monday,09:19:00,64.2,10,CE,73700.0,Buy,2024-02-12,Monday,09:51:00,44.2,-200.0,-31.15264797507788,2024-02-16,,,Stop Loss Hit
40.2,2024-02-12,Monday,09:41:00,62.0,10,PE,69200.0,Buy,2024-02-12,Monday,09:51:00,57.0,-50.0,-8.064516129032258,2024-02-16,,,Square Off All Legs due to Stop Loss
41,2024-02-14,,09:16:00,70927.37,,,,,2024-02-14,,15:15:00,71741.67,159.0,,,733.45,-83.04999999999995,Exit Condition Met For Trade
41.1,2024-02-14,Wednesday,14:25:00,60.2,10,CE,72700.0,Buy,2024-02-14,Wednesday,15:15:00,76.1,158.99999999999991,26.41196013289035,2024-02-16,,,Exit Condition Met For Trade
42,2024-02-15,,09:16:00,72004.0,,,,,2024-02-15,,15:15:00,72033.87,-200.0,,,0,-200.04999999999995,Exit Condition Met For Trade
42.1,2024-02-15,Thursday,09:18:00,63.2,10,CE,73100.0,Buy,2024-02-15,Thursday,09:35:00,43.2,-200.0,-31.645569620253163,2024-02-16,,,Stop Loss Hit
43,2024-02-16,,09:16:00,72337.03,,,,,2024-02-16,,09:45:00,72289.57,-266.5,,,132.45000000000005,-274.54999999999995,Square Off All Legs due to Stop Loss
43.1,2024-02-16,Friday,09:30:00,56.55,10,CE,73000.0,Buy,2024-02-16,Friday,09:45:00,36.55,-200.0,-35.36693191865606,2024-02-16,,,Stop Loss Hit
43.2,2024-02-16,Friday,09:20:00,57.9,10,PE,71600.0,Buy,2024-02-16,Friday,09:45:00,51.25,-66.49999999999999,-11.485319516407598,2024-02-16,,,Square Off All Legs due to Stop Loss
44,2024-02-19,,09:16:00,72509.47,,,,,2024-02-19,,15:15:00,72704.25,-487.0,,,0,-487.04999999999995,Exit Condition Met For Trade
44.2,2024-02-19,Monday,10:04:00,69.8,10,PE,69800.0,Buy,2024-02-19,Monday,11:14:00,21.1,-486.99999999999994,-69.77077363896848,2024-02-23,,,Stop Loss Hit
45,2024-02-20,,09:16:00,72594.77,,,,,2024-02-20,,15:15:00,73086.52,162.5,,,222.45000000000005,-154.54999999999995,Exit Condition Met For Trade
45.1,2024-02-20,Tuesday,09:43:00,65.75,10,CE,74200.0,Buy,2024-02-20,Tuesday,15:15:00,82.0,162.5,24.714828897338403,2024-02-23,,,Exit Condition Met For Trade
46,2024-02-22,,09:16:00,72597.07,,,,,2024-02-22,,09:43:00,72535.83,-293.0,,,15.450000000000045,-293.04999999999995,Square Off All Legs due to Stop Loss
46.1,2024-02-22,Thursday,09:17:00,54.0,10,CE,73600.0,Buy,2024-02-22,Thursday,09:43:00,44.7,-92.99999999999997,-17.222222222222218,2024-02-23,,,Square Off All Legs due to Stop Loss
46.2,2024-02-22,Thursday,09:30:00,63.05,10,PE,71400.0,Buy,2024-02-22,Thursday,09:43:00,43.05,-200.0,-31.720856463124505,2024-02-23,,,Stop Loss Hit
47,2024-02-23,,09:16:00,73256.14,,,,,2024-02-23,,15:15:00,73133.93,-200.0,,,0,-200.04999999999995,Exit Condition Met For Trade
47.2,2024-02-23,Friday,09:28:00,63.1,10,PE,72700.0,Buy,2024-02-23,Friday,09:38:00,43.1,-200.0,-31.695721077654515,2024-02-23,,,Stop Loss Hit
48,2024-02-26,,09:16:00,72905.29,,,,,2024-02-26,,15:15:00,72803.74,-322.0,,,0,-322.04999999999995,Exit Condition Met For Trade
48.1,2024-02-26,Monday,09:18:00,97.05,10,CE,74800.0,Buy,2024-02-26,Monday,09:19:00,64.85,-322.0,-33.178773827923756,2024-03-01,,,Stop Loss Hit
49,2024-02-28,,09:16:00,73153.26,,,,,2024-02-28,,15:15:00,72321.92,750.0,,,750.0,-86.54999999999995,Exit Condition Met For Trade
49.2,2024-02-28,Wednesday,11:01:00,67.6,10,PE,71300.0,Buy,2024-02-28,Wednesday,13:01:00,142.6,750.0,110.94674556213019,2024-03-01,,,Target Hit
50,2024-02-29,,09:16:00,72250.14,,,,,2024-02-29,,15:15:00,72517.2,-200.0,,,6.9500000000000455,-200.04999999999995,Exit Condition Met For Trade
50.1,2024-02-29,Thursday,10:00:00,61.25,10,CE,73700.0,Buy,2024-02-29,Thursday,10:09:00,41.25,-200.0,-32.6530612244898,2024-03-01,,,Stop Loss Hit
51,2024-03-01,,09:16:00,72888.1,,,,,2024-03-01,,15:15:00,73701.3,750.0,,,750.0,-56.549999999999955,Exit Condition Met For Trade
51.1,2024-03-01,Friday,09:20:00,68.5,10,CE,73400.0,Buy,2024-03-01,Friday,09:35:00,143.5,750.0,109.48905109489051,2024-03-01,,,Target Hit
52,2024-03-06,,09:16:00,73476.91,,,,,2024-03-06,,15:15:00,74091.92,-200.0,,,315.45000000000005,-200.04999999999995,Exit Condition Met For Trade
52.1,2024-03-06,Wednesday,09:21:00,63.6,10,CE,74300.0,Buy,2024-03-06,Wednesday,11:42:00,43.6,-200.0,-31.446540880503143,2024-03-07,,,Stop Loss Hit
53,2024-03-11,,09:16:00,74070.94,,,,,2024-03-11,,09:51:00,73997.75,-326.5,,,63.450000000000045,-326.54999999999995,Square Off All Legs due to Stop Loss
53.1,2024-03-11,Monday,09:17:00,94.05,10,CE,75300.0,Buy,2024-03-11,Monday,09:51:00,74.05,-200.0,-21.26528442317916,2024-03-15,,,Stop Loss Hit
53.2,2024-03-11,Monday,09:17:00,61.3,10,PE,72000.0,Buy,2024-03-11,Monday,09:51:00,48.65,-126.49999999999999,-20.63621533442088,2024-03-15,,,Square Off All Legs due to Stop Loss
54,2024-03-12,,09:16:00,73533.44,,,,,2024-03-12,,15:15:00,73660.81,-200.0,,,250.45000000000005,-200.04999999999995,Exit Condition Met For Trade
54.1,2024-03-12,Tuesday,09:18:00,62.4,10,CE,75100.0,Buy,2024-03-12,Tuesday,10:47:00,42.4,-200.0,-32.05128205128205,2024-03-15,,,Stop Loss Hit
55,2024-03-13,,09:16:00,73944.93,,,,,2024-03-13,,15:15:00,72684.16,750.0,,,750.0,-78.04999999999995,Exit Condition Met For Trade
55.2,2024-03-13,Wednesday,09:33:00,65.25,10,PE,72400.0,Buy,2024-03-13,Wednesday,11:49:00,140.25,750.0,114.94252873563218,2024-03-15,,,Target Hit
56,2024-03-14,,09:16:00,72678.48,,,,,2024-03-14,,15:15:00,73078.32,-200.0,,,8.450000000000045,-200.04999999999995,Exit Condition Met For Trade
56.1,2024-03-14,Thursday,09:27:00,61.9,10,CE,73900.0,Buy,2024-03-14,Thursday,09:54:00,41.9,-200.0,-32.31017770597738,2024-03-15,,,Stop Loss Hit
57,2024-03-15,,09:16:00,72860.45,,,,,2024-03-15,,09:37:00,72764.8,-232.5,,,150.45000000000005,-232.54999999999995,Square Off All Legs due to Stop Loss
57.1,2024-03-15,Friday,09:17:00,57.05,10,CE,73400.0,Buy,2024-03-15,Friday,09:37:00,37.05,-200.0,-35.056967572305,2024-03-15,,,Stop Loss Hit
57.2,2024-03-15,Friday,09:36:00,59.4,10,PE,72300.0,Buy,2024-03-15,Friday,09:37:00,56.15,-32.5,-5.4713804713804715,2024-03-15,,,Square Off All Legs due to Stop Loss
58,2024-03-18,,09:16:00,72488.8,,,,,2024-03-18,,15:15:00,72758.27,-200.0,,,0,-200.04999999999995,Exit Condition Met For Trade
58.1,2024-03-18,Monday,09:26:00,65.55,10,CE,74700.0,Buy,2024-03-18,Monday,09:27:00,45.55,-200.0,-30.511060259344013,2024-03-22,,,Stop Loss Hit
59,2024-03-19,,09:16:00,72442.53,,,,,2024-03-19,,09:59:00,72313.73,-253.5,,,0,-334.54999999999995,Square Off All Legs due to Stop Loss
59.1,2024-03-19,Tuesday,09:19:00,64.05,10,CE,74100.0,Buy,2024-03-19,Tuesday,09:59:00,44.05,-200.0,-31.225604996096802,2024-03-22,,,Stop Loss Hit
59.2,2024-03-19,Tuesday,09:23:00,61.4,10,PE,70800.0,Buy,2024-03-19,Tuesday,09:59:00,56.05,-53.500000000000014,-8.713355048859937,2024-03-22,,,Square Off All Legs due to Stop Loss
60,2024-03-20,,09:16:00,72201.34,,,,,2024-03-20,,15:15:00,72106.46,-200.0,,,354.45000000000005,-200.04999999999995,Exit Condition Met For Trade
60.2,2024-03-20,Wednesday,10:03:00,64.55,10,PE,70900.0,Buy,2024-03-20,Wednesday,11:46:00,44.55,-200.0,-30.98373353989156,2024-03-22,,,Stop Loss Hit
61,2024-03-21,,09:16:00,72657.44,,,,,2024-03-21,,15:15:00,72678.26,-200.0,,,1.4500000000000455,-200.04999999999995,Exit Condition Met For Trade
61.2,2024-03-21,Thursday,12:11:00,62.8,10,PE,71800.0,Buy,2024-03-21,Thursday,12:20:00,42.8,-200.0,-31.847133757961785,2024-03-22,,,Stop Loss Hit
62,2024-03-22,,09:16:00,72473.64,,,,,2024-03-22,,15:15:00,72801.59,750.0,,,750.0,-0.05,Exit Condition Met For Trade
62.2,2024-03-22,Friday,09:26:00,66.5,10,PE,72000.0,Buy,2024-03-22,Friday,09:31:00,141.5,750.0,112.78195488721805,2024-03-22,,,Target Hit
63,2024-03-26,,09:16:00,72650.18,,,,,2024-03-26,,15:15:00,72447.32,-200.0,,,54.950000000000045,-200.04999999999995,Exit Condition Met For Trade
63.2,2024-03-26,Tuesday,09:17:00,64.0,10,PE,71300.0,Buy,2024-03-26,Tuesday,10:30:00,44.0,-200.0,-31.25,2024-03-28,,,Stop Loss Hit
64,2024-03-27,,09:16:00,72671.19,,,,,2024-03-27,,15:15:00,72964.77,-200.0,,,145.95000000000005,-200.04999999999995,Exit Condition Met For Trade
64.1,2024-03-27,Wednesday,10:03:00,60.45,10,CE,73600.0,Buy,2024-03-27,Wednesday,11:36:00,40.45,-200.0,-33.085194375516956,2024-03-28,,,Stop Loss Hit
65,2024-03-28,,09:16:00,73159.76,,,,,2024-03-28,,15:15:00,73414.51,750.0,,,750.0,-0.05,Exit Condition Met For Trade
65.1,2024-03-28,Thursday,09:21:00,66.9,10,CE,73500.0,Buy,2024-03-28,Thursday,09:49:00,141.9,750.0,112.10762331838563,2024-03-28,,,Target Hit
66,2024-04-01,,09:16:00,74099.7,,,,,2024-04-01,,15:15:00,74022.64,-200.0,,,0,-200.04999999999995,Exit Condition Met For Trade
66.2,2024-04-01,Monday,09:18:00,75.0,10,PE,72000.0,Buy,2024-04-01,Monday,09:19:00,55.0,-200.0,-26.666666666666668,2024-04-05,,,Stop Loss Hit
67,2024-04-02,,09:16:00,73894.59,,,,,2024-04-02,,15:15:00,73916.75,-200.0,,,40.950000000000045,-200.04999999999995,Exit Condition Met For Trade
67.1,2024-04-02,Tuesday,09:33:00,61.0,10,CE,75300.0,Buy,2024-04-02,Tuesday,10:26:00,41.0,-200.0,-32.78688524590164,2024-04-05,,,Stop Loss Hit
68,2024-04-03,,09:16:00,73638.69,,,,,2024-04-03,,15:15:00,73881.64,-200.0,,,33.950000000000045,-200.04999999999995,Exit Condition Met For Trade
68.1,2024-04-03,Wednesday,10:14:00,66.6,10,CE,74800.0,Buy,2024-04-03,Wednesday,10:50:00,46.6,-199.99999999999994,-30.030030030030023,2024-04-05,,,Stop Loss Hit
69,2024-04-04,,09:16:00,74301.12,,,,,2024-04-04,,15:15:00,74223.09,750.0,,,750.0,-14.549999999999955,Exit Condition Met For Trade
69.2,2024-04-04,Thursday,09:23:00,54.7,10,PE,73400.0,Buy,2024-04-04,Thursday,09:54:00,129.7,749.9999999999999,137.11151736745882,2024-04-05,,,Target Hit
70,2024-04-05,,09:16:00,74050.88,,,,,2024-04-05,,15:15:00,74274.51,-200.0,,,0,-200.04999999999995,Exit Condition Met For Trade
70.1,2024-04-05,Friday,09:26:00,60.8,10,CE,74700.0,Buy,2024-04-05,Friday,09:39:00,40.8,-200.0,-32.89473684210527,2024-04-05,,,Stop Loss Hit
71,2024-04-08,,09:16:00,74460.96,,,,,2024-04-08,,15:15:00,74776.73,-200.0,,,56.950000000000045,-200.04999999999995,Exit Condition Met For Trade
71.2,2024-04-08,Monday,09:17:00,52.55,10,PE,72400.0,Buy,2024-04-08,Monday,09:39:00,32.55,-200.0,-38.05899143672693,2024-04-12,,,Stop Loss Hit
72,2024-04-12,,09:16:00,74767.81,,,,,2024-04-12,,15:15:00,74241.37,-200.0,,,0,-200.04999999999995,Exit Condition Met For Trade
72.1,2024-04-12,Friday,09:28:00,63.7,10,CE,75200.0,Buy,2024-04-12,Friday,09:36:00,43.7,-200.0,-31.39717425431711,2024-04-12,,,Stop Loss Hit
73,2024-04-15,,09:16:00,73683.78,,,,,2024-04-15,,15:15:00,73388.38,750.0,,,750.0,-0.049999999999954525,Exit Condition Met For Trade
73.2,2024-04-15,Monday,09:17:00,101.95,10,PE,72300.0,Buy,2024-04-15,Monday,09:18:00,176.95,749.9999999999999,73.56547327121136,2024-04-19,,,Target Hit
74,2024-04-16,,09:16:00,72869.88,,,,,2024-04-16,,15:15:00,73008.73,-200.0,,,59.450000000000045,-200.04999999999995,Exit Condition Met For Trade
74.1,2024-04-16,Tuesday,09:19:00,62.55,10,CE,74300.0,Buy,2024-04-16,Tuesday,10:23:00,42.55,-200.0,-31.974420463629098,2024-04-19,,,Stop Loss Hit
75,2024-04-18,,09:16:00,73194.33,,,,,2024-04-18,,15:15:00,72386.49,-200.0,,,350.45000000000005,-200.04999999999995,Exit Condition Met For Trade
75.2,2024-04-18,Thursday,09:40:00,56.2,10,PE,72200.0,Buy,2024-04-18,Thursday,11:06:00,36.2,-200.0,-35.587188612099645,2024-04-19,,,Stop Loss Hit
76,2024-04-19,,09:16:00,71881.99,,,,,2024-04-19,,09:35:00,72051.4,226.5,,,353.45000000000005,-4.0499999999999545,Square Off All Legs due to Stop Loss
76.1,2024-04-19,Friday,09:22:00,61.25,10,CE,72600.0,Buy,2024-04-19,Friday,09:35:00,103.9,426.50000000000006,69.6326530612245,2024-04-19,,,Square Off All Legs due to Stop Loss
76.2,2024-04-19,Friday,09:22:00,63.75,10,PE,70900.0,Buy,2024-04-19,Friday,09:35:00,43.75,-200.0,-31.372549019607842,2024-04-19,,,Stop Loss Hit
77,2024-04-22,,09:16:00,73524.31,,,,,2024-04-22,,15:15:00,73677.87,-200.5,,,0,-200.55,Exit Condition Met For Trade
77.1,2024-04-22,Monday,09:17:00,43.75,10,CE,75500.0,Buy,2024-04-22,Monday,13:26:00,23.7,-200.5,-45.82857142857143,2024-04-26,,,Stop Loss Hit
78,2024-04-25,,09:16:00,73663.75,,,,,2024-04-25,,15:15:00,74361.69,750.0,,,750.0,-0.05,Exit Condition Met For Trade
78.1,2024-04-25,Thursday,09:35:00,59.6,10,CE,74400.0,Buy,2024-04-25,Thursday,10:14:00,134.6,750.0,125.83892617449663,2024-04-26,,,Target Hit
79,2024-04-26,,09:16:00,74397.62,,,,,2024-04-26,,09:52:00,74355.19,73.5,,,114.95000000000005,-64.54999999999995,Square Off All Legs due to Stop Loss
79.1,2024-04-26,Friday,09:29:00,57.2,10,CE,74900.0,Buy,2024-04-26,Friday,09:52:00,37.2,-200.0,-34.96503496503497,2024-04-26,,,Stop Loss Hit
79.2,2024-04-26,Friday,09:21:00,67.6,10,PE,73900.0,Buy,2024-04-26,Friday,09:52:00,94.95,273.5000000000001,40.458579881656824,2024-04-26,,,Square Off All Legs due to Stop Loss
80,2024-04-29,,09:16:00,73947.31,,,,,2024-04-29,,09:18:00,73974.77,-361.5,,,0,-361.54999999999995,Square Off All Legs due to Stop Loss
80.1,2024-04-29,Monday,09:17:00,58.6,10,CE,75900.0,Buy,2024-04-29,Monday,09:18:00,44.2,-144.0,-24.57337883959044,2024-05-03,,,Square Off All Legs due to Stop Loss
80.2,2024-04-29,Monday,09:17:00,76.8,10,PE,72500.0,Buy,2024-04-29,Monday,09:18:00,55.05,-217.5,-28.3203125,2024-05-03,,,Stop Loss Hit
81,2024-04-30,,09:16:00,74759.52,,,,,2024-04-30,,15:15:00,74478.93,-200.0,,,441.45000000000005,-200.04999999999995,Exit Condition Met For Trade
81.1,2024-04-30,Tuesday,09:37:00,66.9,10,CE,75900.0,Buy,2024-04-30,Tuesday,15:01:00,46.9,-200.00000000000006,-29.89536621823618,2024-05-03,,,Stop Loss Hit
82,2024-05-02,,09:16:00,74616.25,,,,,2024-05-02,,15:15:00,74584.29,-200.0,,,182.95000000000005,-200.04999999999995,Exit Condition Met For Trade
82.1,2024-05-02,Thursday,09:32:00,60.55,10,CE,75500.0,Buy,2024-05-02,Thursday,11:19:00,40.55,-200.0,-33.03055326176714,2024-05-03,,,Stop Loss Hit
83,2024-05-03,,09:16:00,75004.53,,,,,2024-05-03,,10:06:00,74778.45,762.0,,,762.0,-33.549999999999955,Square Off All Legs due to Stop Loss
83.1,2024-05-03,Friday,09:17:00,68.3,10,CE,75400.0,Buy,2024-05-03,Friday,10:06:00,48.3,-200.0,-29.282576866764277,2024-05-03,,,Stop Loss Hit
83.2,2024-05-03,Friday,09:34:00,59.4,10,PE,74400.0,Buy,2024-05-03,Friday,10:06:00,155.6,961.9999999999999,161.95286195286192,2024-05-03,,,Square Off All Legs due to Stop Loss
84,2024-05-07,,09:16:00,73963.32,,,,,2024-05-07,,15:15:00,73530.94,750.0,,,750.0,-14.049999999999955,Exit Condition Met For Trade
84.2,2024-05-07,Tuesday,09:58:00,63.4,10,PE,72300.0,Buy,2024-05-07,Tuesday,11:38:00,138.4,750.0,118.29652996845427,2024-05-10,,,Target Hit
85,2024-05-08,,09:16:00,73210.93,,,,,2024-05-08,,15:15:00,73480.69,-200.0,,,0,-200.04999999999995,Exit Condition Met For Trade
85.1,2024-05-08,Wednesday,09:27:00,68.0,10,CE,74800.0,Buy,2024-05-08,Wednesday,10:01:00,48.0,-200.0,-29.41176470588235,2024-05-10,,,Stop Loss Hit
86,2024-05-09,,09:16:00,73402.46,,,,,2024-05-09,,15:15:00,72370.61,750.0,,,750.0,-0.05,Exit Condition Met For Trade
86.2,2024-05-09,Thursday,09:23:00,58.75,10,PE,72500.0,Buy,2024-05-09,Thursday,10:22:00,133.75,750.0,127.65957446808511,2024-05-10,,,Target Hit
87,2024-05-10,,09:16:00,72476.1,,,,,2024-05-10,,15:15:00,72675.08,-200.0,,,218.45000000000005,-200.04999999999995,Exit Condition Met For Trade
87.1,2024-05-10,Friday,09:53:00,57.1,10,CE,73300.0,Buy,2024-05-10,Friday,10:46:00,37.1,-200.0,-35.02626970227671,2024-05-10,,,Stop Loss Hit
88,2024-05-13,,09:16:00,72443.94,,,,,2024-05-13,,15:15:00,72757.25,750.0,,,750.0,-0.049999999999954525,Exit Condition Met For Trade
88.2,2024-05-13,Monday,09:17:00,68.75,10,PE,70800.0,Buy,2024-05-13,Monday,09:35:00,143.75,750.0,109.0909090909091,2024-05-17,,,Target Hit
89,2024-05-15,,09:16:00,73183.7,,,,,2024-05-15,,15:15:00,73002.72,-200.0,,,105.45000000000005,-200.04999999999995,Exit Condition Met For Trade
89.2,2024-05-15,Wednesday,10:09:00,61.5,10,PE,71600.0,Buy,2024-05-15,Wednesday,11:02:00,41.5,-200.0,-32.520325203252035,2024-05-17,,,Stop Loss Hit
90,2024-05-16,,09:16:00,73307.99,,,,,2024-05-16,,15:15:00,73644.97,750.0,,,750.0,-89.04999999999995,Exit Condition Met For Trade
90.2,2024-05-16,Thursday,09:33:00,63.75,10,PE,72300.0,Buy,2024-05-16,Thursday,11:11:00,138.75,750.0,117.6470588235294,2024-05-17,,,Target Hit
91,2024-05-17,,09:16:00,73592.59,,,,,2024-05-17,,15:15:00,73941.14,-200.0,,,0,-200.04999999999995,Exit Condition Met For Trade
91.2,2024-05-17,Friday,09:24:00,67.95,10,PE,72700.0,Buy,2024-05-17,Friday,09:30:00,47.95,-200.0,-29.433406916850625,2024-05-17,,,Stop Loss Hit
92,2024-05-21,,09:16:00,73941.63,,,,,2024-05-21,,15:15:00,73957.21,-200.0,,,0,-200.04999999999995,Exit Condition Met For Trade
92.1,2024-05-21,Tuesday,09:22:00,60.0,10,CE,75800.0,Buy,2024-05-21,Tuesday,09:36:00,40.0,-200.0,-33.333333333333336,2024-05-24,,,Stop Loss Hit
93,2024-05-23,,09:16:00,74199.12,,,,,2024-05-23,,15:15:00,75446.66,750.0,,,750.0,-129.54999999999995,Exit Condition Met For Trade
93.1,2024-05-23,Thursday,09:17:00,56.1,10,CE,75200.0,Buy,2024-05-23,Thursday,10:22:00,131.1,750.0,133.6898395721925,2024-05-24,,,Target Hit
94,2024-05-24,,09:16:00,75267.89,,,,,2024-05-24,,15:15:00,75424.43,-200.0,,,136.95000000000005,-200.04999999999995,Exit Condition Met For Trade
94.1,2024-05-24,Friday,09:18:00,61.3,10,CE,76000.0,Buy,2024-05-24,Friday,09:38:00,41.3,-200.0,-32.62642740619902,2024-05-24,,,Stop Loss Hit
95,2024-05-27,,09:16:00,75627.52,,,,,2024-05-27,,15:15:00,75418.49,-200.0,,,185.95000000000005,-200.04999999999995,Exit Condition Met For Trade
95.1,2024-05-27,Monday,11:56:00,68.75,10,CE,77500.0,Buy,2024-05-27,Monday,14:48:00,48.75,-200.0,-29.09090909090909,2024-05-31,,,Stop Loss Hit
96,2024-05-29,,09:16:00,74899.69,,,,,2024-05-29,,15:15:00,74534.02,156.5,,,388.95000000000005,-57.549999999999955,Exit Condition Met For Trade
96.2,2024-05-29,Wednesday,10:21:00,64.3,10,PE,73500.0,Buy,2024-05-29,Wednesday,15:15:00,79.95,156.50000000000006,24.339035769828936,2024-05-31,,,Exit Condition Met For Trade
97,2024-05-30,,09:16:00,74345.68,,,,,2024-05-30,,09:28:00,74286.83,-150.0,,,88.95000000000005,-151.04999999999995,Square Off All Legs due to Stop Loss
97.1,2024-05-30,Thursday,09:20:00,65.7,10,CE,75700.0,Buy,2024-05-30,Thursday,09:28:00,45.7,-200.0,-30.441400304414003,2024-05-31,,,Stop Loss Hit
97.2,2024-05-30,Thursday,09:26:00,59.55,10,PE,73100.0,Buy,2024-05-30,Thursday,09:28:00,64.55,50.0,8.39630562552477,2024-05-31,,,Square Off All Legs due to Stop Loss
98,2024-05-31,,09:16:00,74145.53,,,,,2024-05-31,,15:15:00,73966.6,-200.0,,,217.95000000000005,-200.04999999999995,Exit Condition Met For Trade
98.1,2024-05-31,Friday,09:22:00,56.25,10,CE,75100.0,Buy,2024-05-31,Friday,09:54:00,36.25,-200.0,-35.55555555555556,2024-05-31,,,Stop Loss Hit
99,2024-06-03,,09:16:00,75831.25,,,,,2024-06-03,,15:15:00,76442.36,-200.0,,,0,-200.04999999999995,Exit Condition Met For Trade
99.1,2024-06-03,Monday,09:23:00,101.6,10,CE,81000.0,Buy,2024-06-03,Monday,09:30:00,81.6,-200.0,-19.68503937007874,2024-06-07,,,Stop Loss Hit
100,2024-06-04,,09:16:00,74878.32,,,,,2024-06-04,,15:15:00,72259.99,-943.0,,,0,-943.0500000000002,Exit Condition Met For Trade
100.2,2024-06-04,Tuesday,09:18:00,337.8,10,PE,73500.0,Buy,2024-06-04,Tuesday,09:19:00,243.5,-943.0000000000001,-27.915926583777388,2024-06-07,,,Stop Loss Hit
101,2024-06-05,,09:16:00,72587.04,,,,,2024-06-05,,15:15:00,74430.8,-200.0,,,0,-200.05,Exit Condition Met For Trade
101.1,2024-06-05,Wednesday,09:17:00,43.75,10,CE,78000.0,Buy,2024-06-05,Wednesday,09:22:00,23.75,-200.0,-45.714285714285715,2024-06-07,,,Stop Loss Hit
102,2024-06-06,,09:16:00,74688.36,,,,,2024-06-06,,15:15:00,75072.19,-200.0,,,0,-200.04999999999995,Exit Condition Met For Trade
102.1,2024-06-06,Thursday,09:17:00,62.5,10,CE,77200.0,Buy,2024-06-06,Thursday,09:26:00,42.5,-200.0,-32.0,2024-06-07,,,Stop Loss Hit
103,2024-06-07,,09:16:00,75008.01,,,,,2024-06-07,,15:15:00,76718.05,750.0,,,750.0,-0.05,Exit Condition Met For Trade
103.1,2024-06-07,Friday,09:21:00,64.95,10,CE,75900.0,Buy,2024-06-07,Friday,09:23:00,139.95,749.9999999999999,115.473441108545,2024-06-07,,,Target Hit
104,2024-06-10,,09:16:00,77020.01,,,,,2024-06-10,,15:15:00,76510.7,-311.5,,,0,-311.5500000000002,Exit Condition Met For Trade
104.1,2024-06-10,Monday,09:17:00,249.6,10,CE,79000.0,Buy,2024-06-10,Monday,09:18:00,218.45,-311.50000000000006,-12.47996794871795,2024-06-14,,,Stop Loss Hit
105,2024-06-12,,09:16:00,76652.8,,,,,2024-06-12,,15:15:00,76616.47,-200.0,,,79.95000000000005,-200.04999999999995,Exit Condition Met For Trade
105.1,2024-06-12,Wednesday,10:04:00,67.0,10,CE,78200.0,Buy,2024-06-12,Wednesday,11:31:00,47.0,-200.0,-29.850746268656717,2024-06-14,,,Stop Loss Hit
106,2024-06-13,,09:16:00,77000.14,,,,,2024-06-13,,15:15:00,76803.18,-200.0,,,0.4500000000000455,-200.04999999999995,Exit Condition Met For Trade
106.2,2024-06-13,Thursday,09:48:00,58.95,10,PE,75700.0,Buy,2024-06-13,Thursday,10:01:00,38.95,-200.0,-33.92705682782019,2024-06-14,,,Stop Loss Hit
107,2024-06-14,,09:16:00,76907.26,,,,,2024-06-14,,15:15:00,77007.81,750.0,,,750.0,-0.05,Exit Condition Met For Trade
107.2,2024-06-14,Friday,09:21:00,66.95,10,PE,76400.0,Buy,2024-06-14,Friday,09:24:00,141.95,749.9999999999999,112.02389843166539,2024-06-14,,,Target Hit
108,2024-06-18,,09:16:00,77166.33,,,,,2024-06-18,,15:15:00,77288.9,-200.0,,,64.45000000000005,-200.04999999999995,Exit Condition Met For Trade
108.1,2024-06-18,Tuesday,09:46:00,68.25,10,CE,78500.0,Buy,2024-06-18,Tuesday,10:20:00,48.25,-200.0,-29.304029304029303,2024-06-21,,,Stop Loss Hit
109,2024-06-19,,09:16:00,77401.29,,,,,2024-06-19,,13:10:00,77335.03,-287.5,,,358.95000000000005,-313.04999999999995,Square Off All Legs due to Stop Loss
109.1,2024-06-19,Wednesday,11:48:00,59.05,10,CE,78500.0,Buy,2024-06-19,Wednesday,13:10:00,39.05,-200.0,-33.869602032176125,2024-06-21,,,Stop Loss Hit
109.2,2024-06-19,Wednesday,10:15:00,59.25,10,PE,76100.0,Buy,2024-06-19,Wednesday,13:10:00,50.5,-87.5,-14.767932489451477,2024-06-21,,,Square Off All Legs due to Stop Loss
110,2024-06-20,,09:16:00,77444.14,,,,,2024-06-20,,15:15:00,77473.82,-200.0,,,265.45000000000005,-200.04999999999995,Exit Condition Met For Trade
110.2,2024-06-20,Thursday,09:21:00,68.4,10,PE,76300.0,Buy,2024-06-20,Thursday,09:34:00,48.4,-200.00000000000006,-29.239766081871352,2024-06-21,,,Stop Loss Hit
111,2024-06-21,,09:16:00,77636.64,,,,,2024-06-21,,15:15:00,77140.84,-200.0,,,0,-200.04999999999995,Exit Condition Met For Trade
111.2,2024-06-21,Friday,09:44:00,66.75,10,PE,76800.0,Buy,2024-06-21,Friday,09:49:00,46.75,-200.0,-29.9625468164794,2024-06-21,,,Stop Loss Hit
112,2024-06-25,,09:16:00,77517.42,,,,,2024-06-25,,15:15:00,78083.92,395.5,,,530.45,-25.549999999999955,Exit Condition Met For Trade
112.1,2024-06-25,Tuesday,12:33:00,59.4,10,CE,78900.0,Buy,2024-06-25,Tuesday,15:15:00,98.95,395.50000000000006,66.58249158249158,2024-06-28,,,Exit Condition Met For Trade
113,2024-06-26,,09:16:00,78013.11,,,,,2024-06-26,,15:15:00,78700.85,750.0,,,750.0,-134.04999999999995,Exit Condition Met For Trade
113.1,2024-06-26,Wednesday,09:17:00,60.0,10,CE,79300.0,Buy,2024-06-26,Wednesday,11:34:00,135.0,750.0,125.0,2024-06-28,,,Target Hit
114,2024-06-27,,09:16:00,78557.14,,,,,2024-06-27,,15:15:00,79249.39,-200.0,,,240.95000000000005,-200.04999999999995,Exit Condition Met For Trade
114.1,2024-06-27,Thursday,09:58:00,61.75,10,CE,79800.0,Buy,2024-06-27,Thursday,10:34:00,41.75,-200.0,-32.388663967611336,2024-06-28,,,Stop Loss Hit
115,2024-07-01,,09:16:00,79037.21,,,,,2024-07-01,,15:15:00,79506.55,-229.5,,,41.950000000000045,-229.54999999999995,Exit Condition Met For Trade
115.1,2024-07-01,Monday,09:24:00,63.9,10,CE,81200.0,Buy,2024-07-01,Monday,10:16:00,40.95,-229.49999999999994,-35.91549295774647,2024-07-05,,,Stop Loss Hit
116,2024-07-02,,09:16:00,79660.48,,,,,2024-07-02,,15:15:00,79456.54,-200.0,,,0,-200.04999999999995,Exit Condition Met For Trade
116.2,2024-07-02,Tuesday,09:46:00,56.45,10,PE,77500.0,Buy,2024-07-02,Tuesday,10:50:00,36.45,-200.0,-35.4295837023915,2024-07-05,,,Stop Loss Hit
117,2024-07-03,,09:16:00,79789.92,,,,,2024-07-03,,15:15:00,80022.36,-200.0,,,169.45000000000005,-200.04999999999995,Exit Condition Met For Trade
117.1,2024-07-03,Wednesday,09:45:00,64.9,10,CE,81000.0,Buy,2024-07-03,Wednesday,11:24:00,44.9,-200.00000000000006,-30.81664098613252,2024-07-05,,,Stop Loss Hit
118,2024-07-04,,09:16:00,80166.69,,,,,2024-07-04,,15:15:00,80047.42,-200.0,,,0,-200.04999999999995,Exit Condition Met For Trade
118.1,2024-07-04,Thursday,09:46:00,67.1,10,CE,81100.0,Buy,2024-07-04,Thursday,10:19:00,47.1,-199.99999999999994,-29.806259314456028,2024-07-05,,,Stop Loss Hit
119,2024-07-05,,09:16:00,79813.41,,,,,2024-07-05,,15:15:00,80042.51,-200.0,,,301.95000000000005,-200.04999999999995,Exit Condition Met For Trade
119.2,2024-07-05,Friday,09:17:00,58.0,10,PE,79100.0,Buy,2024-07-05,Friday,09:42:00,38.0,-200.0,-34.48275862068966,2024-07-05,,,Stop Loss Hit
120,2024-07-08,,09:16:00,79818.06,,,,,2024-07-08,,15:15:00,79961.37,-200.0,,,0,-200.04999999999995,Exit Condition Met For Trade
120.2,2024-07-08,Monday,09:17:00,59.95,10,PE,78000.0,Buy,2024-07-08,Monday,09:18:00,39.95,-200.0,-33.36113427856547,2024-07-12,,,Stop Loss Hit
121,2024-07-10,,09:16:00,80273.79,,,,,2024-07-10,,15:15:00,79950.74,750.0,,,750.0,-10.549999999999955,Exit Condition Met For Trade
121.2,2024-07-10,Wednesday,10:10:00,56.3,10,PE,79000.0,Buy,2024-07-10,Wednesday,10:36:00,131.3,750.0000000000001,133.214920071048,2024-07-12,,,Target Hit
122,2024-07-11,,09:16:00,80097.14,,,,,2024-07-11,,15:15:00,79914.56,-205.5,,,149.45000000000005,-205.54999999999995,Exit Condition Met For Trade
122.2,2024-07-11,Thursday,09:33:00,57.5,10,PE,79100.0,Buy,2024-07-11,Thursday,09:51:00,36.95,-205.49999999999997,-35.7391304347826,2024-07-12,,,Stop Loss Hit
123,2024-07-12,,09:16:00,80098.53,,,,,2024-07-12,,15:15:00,80443.42,-200.0,,,77.95000000000005,-200.04999999999995,Exit Condition Met For Trade
123.2,2024-07-12,Friday,09:18:00,64.4,10,PE,79500.0,Buy,2024-07-12,Friday,09:25:00,44.4,-200.00000000000006,-31.05590062111802,2024-07-12,,,Stop Loss Hit
124,2024-07-15,,09:16:00,80698.75,,,,,2024-07-15,,15:15:00,80650.76,-200.0,,,145.95000000000005,-200.04999999999995,Exit Condition Met For Trade
124.1,2024-07-15,Monday,09:17:00,69.95,10,CE,82100.0,Buy,2024-07-15,Monday,11:58:00,49.95,-200.0,-28.591851322373124,2024-07-19,,,Stop Loss Hit
125,2024-07-18,,09:16:00,80537.24,,,,,2024-07-18,,15:15:00,81363.01,-200.0,,,0,-200.04999999999995,Exit Condition Met For Trade
125.1,2024-07-18,Thursday,09:17:00,58.25,10,CE,81500.0,Buy,2024-07-18,Thursday,09:25:00,38.25,-200.0,-34.33476394849785,2024-07-19,,,Stop Loss Hit
126,2024-07-19,,09:16:00,81266.2,,,,,2024-07-19,,15:15:00,80610.8,-200.0,,,0,-200.04999999999995,Exit Condition Met For Trade
126.1,2024-07-19,Friday,09:25:00,64.3,10,CE,82000.0,Buy,2024-07-19,Friday,09:32:00,44.3,-200.0,-31.10419906687403,2024-07-19,,,Stop Loss Hit
127,2024-07-22,,09:16:00,80217.65,,,,,2024-07-22,,15:15:00,80537.98,-232.5,,,26.950000000000045,-232.54999999999995,Exit Condition Met For Trade
127.2,2024-07-22,Monday,09:31:00,86.55,10,PE,77500.0,Buy,2024-07-22,Monday,10:14:00,63.3,-232.5,-26.8630849220104,2024-07-26,,,Stop Loss Hit
128,2024-07-23,,09:16:00,80745.96,,,,,2024-07-23,,11:03:00,80582.78,-200.5,,,21.950000000000045,-200.54999999999995,Square Off All Legs due to Stop Loss
128.1,2024-07-23,Tuesday,09:18:00,61.4,10,CE,83800.0,Buy,2024-07-23,Tuesday,11:03:00,61.35,-0.4999999999999716,-0.0814332247556957,2024-07-26,,,Square Off All Legs due to Stop Loss
128.2,2024-07-23,Tuesday,09:42:00,78.1,10,PE,77000.0,Buy,2024-07-23,Tuesday,11:03:00,58.1,-199.99999999999994,-25.60819462227912,2024-07-26,,,Stop Loss Hit
129,2024-07-24,,09:16:00,80291.52,,,,,2024-07-24,,15:15:00,80144.37,-200.0,,,466.45000000000005,-200.04999999999995,Exit Condition Met For Trade
129.2,2024-07-24,Wednesday,11:44:00,61.2,10,PE,78600.0,Buy,2024-07-24,Wednesday,14:31:00,41.2,-200.0,-32.6797385620915,2024-07-26,,,Stop Loss Hit
130,2024-07-25,,09:16:00,79597.89,,,,,2024-07-25,,15:15:00,80023.87,-65.0,,,170.95000000000005,-142.54999999999995,Exit Condition Met For Trade
130.1,2024-07-25,Thursday,12:14:00,62.95,10,CE,80700.0,Buy,2024-07-25,Thursday,15:15:00,56.45,-65.0,-10.325655281969818,2024-07-26,,,Exit Condition Met For Trade
131,2024-07-26,,09:16:00,80116.89,,,,,2024-07-26,,15:15:00,81376.2,750.0,,,750.0,-108.04999999999995,Exit Condition Met For Trade
131.1,2024-07-26,Friday,09:17:00,64.8,10,CE,80700.0,Buy,2024-07-26,Friday,10:00:00,139.8,750.0000000000001,115.74074074074078,2024-07-26,,,Target Hit
132,2024-07-29,,09:16:00,81711.06,,,,,2024-07-29,,15:15:00,81274.15,-200.0,,,84.45000000000005,-200.04999999999995,Exit Condition Met For Trade
132.1,2024-07-29,Monday,11:42:00,65.95,10,CE,83500.0,Buy,2024-07-29,Monday,12:12:00,45.95,-200.0,-30.32600454890068,2024-08-02,,,Stop Loss Hit
133,2024-07-30,,09:16:00,81292.62,,,,,2024-07-30,,15:15:00,81418.18,-200.0,,,81.45000000000005,-200.04999999999995,Exit Condition Met For Trade
133.1,2024-07-30,Tuesday,10:58:00,56.85,10,CE,83100.0,Buy,2024-07-30,Tuesday,15:01:00,36.85,-200.0,-35.180299032541775,2024-08-02,,,Stop Loss Hit
134,2024-07-31,,09:16:00,81595.72,,,,,2024-07-31,,15:15:00,81702.91,-101.0,,,28.450000000000045,-179.04999999999995,Exit Condition Met For Trade
134.1,2024-07-31,Wednesday,09:29:00,59.1,10,CE,83000.0,Buy,2024-07-31,Wednesday,15:15:00,49.0,-101.00000000000001,-17.089678510998308,2024-08-02,,,Exit Condition Met For Trade
135,2024-08-01,,09:16:00,81938.62,,,,,2024-08-01,,15:15:00,81882.87,-200.0,,,0,-200.04999999999995,Exit Condition Met For Trade
135.1,2024-08-01,Thursday,09:22:00,60.45,10,CE,83100.0,Buy,2024-08-01,Thursday,09:43:00,40.45,-200.0,-33.085194375516956,2024-08-02,,,Stop Loss Hit
136,2024-08-02,,09:16:00,81180.66,,,,,2024-08-02,,15:15:00,81034.01,-200.0,,,83.45000000000005,-200.04999999999995,Exit Condition Met For Trade
136.1,2024-08-02,Friday,09:18:00,59.6,10,CE,81900.0,Buy,2024-08-02,Friday,09:38:00,39.6,-200.0,-33.557046979865774,2024-08-02,,,Stop Loss Hit
137,2024-08-05,,09:16:00,79709.77,,,,,2024-08-05,,15:15:00,78742.82,750.0,,,750.0,-0.049999999999954525,Exit Condition Met For Trade
137.2,2024-08-05,Monday,09:17:00,101.3,10,PE,77000.0,Buy,2024-08-05,Monday,09:18:00,176.3,750.0000000000001,74.0375123395854,2024-08-09,,,Target Hit
138,2024-08-06,,09:16:00,79705.23,,,,,2024-08-06,,15:15:00,78553.58,-200.0,,,29.950000000000045,-200.04999999999995,Exit Condition Met For Trade
138.1,2024-08-06,Tuesday,09:22:00,62.95,10,CE,82000.0,Buy,2024-08-06,Tuesday,10:23:00,42.95,-200.0,-31.77124702144559,2024-08-09,,,Stop Loss Hit
139,2024-08-07,,09:16:00,79474.41,,,,,2024-08-07,,09:33:00,79398.29,120.5,,,180.45000000000005,-54.549999999999955,Square Off All Legs due to Stop Loss
139.1,2024-08-07,Wednesday,09:18:00,64.05,10,CE,81400.0,Buy,2024-08-07,Wednesday,09:33:00,44.05,-200.0,-31.225604996096802,2024-08-09,,,Stop Loss Hit
139.2,2024-08-07,Wednesday,09:19:00,59.9,10,PE,77700.0,Buy,2024-08-07,Wednesday,09:33:00,91.95,320.50000000000006,53.505843071786316,2024-08-09,,,Square Off All Legs due to Stop Loss
140,2024-08-08,,09:16:00,79208.18,,,,,2024-08-08,,10:05:00,79216.45,-227.0,,,92.45000000000005,-227.04999999999995,Square Off All Legs due to Stop Loss
140.1,2024-08-08,Thursday,09:33:00,66.45,10,CE,80700.0,Buy,2024-08-08,Thursday,10:05:00,46.45,-200.0,-30.097817908201655,2024-08-09,,,Stop Loss Hit
140.2,2024-08-08,Thursday,09:21:00,64.75,10,PE,77800.0,Buy,2024-08-08,Thursday,10:05:00,62.05,-27.00000000000003,-4.169884169884174,2024-08-09,,,Square Off All Legs due to Stop Loss
141,2024-08-12,,09:16:00,79470.43,,,,,2024-08-12,,15:15:00,79659.53,-200.0,,,93.95000000000005,-200.04999999999995,Exit Condition Met For Trade
141.2,2024-08-12,Monday,09:17:00,70.2,10,PE,77000.0,Buy,2024-08-12,Monday,10:19:00,50.2,-200.0,-28.49002849002849,2024-08-16,,,Stop Loss Hit
142,2024-08-13,,09:16:00,79610.26,,,,,2024-08-13,,15:15:00,78919.19,41.0,,,156.95000000000005,-45.049999999999955,Exit Condition Met For Trade
142.2,2024-08-13,Tuesday,14:05:00,56.8,10,PE,77500.0,Buy,2024-08-13,Tuesday,15:15:00,60.9,41.000000000000014,7.218309859154932,2024-08-16,,,Exit Condition Met For Trade
143,2024-08-16,,09:16:00,79723.87,,,,,2024-08-16,,15:15:00,80471.09,750.0,,,750.0,-0.05,Exit Condition Met For Trade
143.1,2024-08-16,Friday,09:19:00,64.9,10,CE,80200.0,Buy,2024-08-16,Friday,09:26:00,139.9,750.0,115.56240369799691,2024-08-16,,,Target Hit
144,2024-08-20,,09:16:00,80623.77,,,,,2024-08-20,,15:15:00,80791.44,-200.0,,,103.95000000000005,-200.04999999999995,Exit Condition Met For Trade
144.1,2024-08-20,Tuesday,10:06:00,57.55,10,CE,82000.0,Buy,2024-08-20,Tuesday,15:09:00,37.55,-200.0,-34.75238922675934,2024-08-23,,,Stop Loss Hit
145,2024-08-21,,09:16:00,80725.96,,,,,2024-08-21,,15:15:00,80889.92,-200.0,,,36.450000000000045,-200.04999999999995,Exit Condition Met For Trade
145.1,2024-08-21,Wednesday,10:26:00,65.75,10,CE,81800.0,Buy,2024-08-21,Wednesday,10:39:00,45.75,-200.0,-30.418250950570343,2024-08-23,,,Stop Loss Hit
146,2024-08-23,,09:16:00,81031.68,,,,,2024-08-23,,15:15:00,81069.07,-200.0,,,0,-200.04999999999995,Exit Condition Met For Trade
146.2,2024-08-23,Friday,09:17:00,57.0,10,PE,80400.0,Buy,2024-08-23,Friday,09:23:00,37.0,-200.0,-35.08771929824562,2024-08-23,,,Stop Loss Hit
147,2024-08-26,,09:16:00,81292.98,,,,,2024-08-26,,15:15:00,81698.26,-180.0,,,155.45000000000005,-180.0,Exit Condition Met For Trade
147.1,2024-08-26,Monday,09:56:00,62.75,10,CE,83000.0,Buy,2024-08-26,Monday,15:15:00,44.75,-180.0,-28.685258964143426,2024-08-30,,,Exit Condition Met For Trade
148,2024-08-28,,09:16:00,81760.53,,,,,2024-08-28,,15:15:00,81785.78,-200.0,,,332.95000000000005,-200.04999999999995,Exit Condition Met For Trade
148.1,2024-08-28,Wednesday,11:21:00,58.55,10,CE,82700.0,Buy,2024-08-28,Wednesday,14:54:00,38.55,-200.0,-34.158838599487616,2024-08-30,,,Stop Loss Hit
149,2024-08-29,,09:16:00,81737.45,,,,,2024-08-29,,15:15:00,82064.01,750.0,,,750.0,-67.54999999999995,Exit Condition Met For Trade
149.1,2024-08-29,Thursday,09:26:00,64.0,10,CE,82400.0,Buy,2024-08-29,Thursday,12:30:00,139.0,750.0,117.1875,2024-08-30,,,Target Hit
150,2024-08-30,,09:16:00,82469.71,,,,,2024-08-30,,15:15:00,82416.73,-200.0,,,215.95000000000005,-200.04999999999995,Exit Condition Met For Trade
150.2,2024-08-30,Friday,09:33:00,63.9,10,PE,81900.0,Buy,2024-08-30,Friday,10:31:00,43.9,-200.0,-31.29890453834116,2024-08-30,,,Stop Loss Hit
151,2024-09-04,,09:16:00,82030.17,,,,,2024-09-04,,15:15:00,82381.88,-200.0,,,0,-200.04999999999995,Exit Condition Met For Trade
151.2,2024-09-04,Wednesday,09:17:00,62.5,10,PE,80800.0,Buy,2024-09-04,Wednesday,09:19:00,42.5,-200.0,-32.0,2024-09-06,,,Stop Loss Hit
152,2024-09-05,,09:16:00,82509.11,,,,,2024-09-05,,15:15:00,82225.44,-200.0,,,163.45000000000005,-200.04999999999995,Exit Condition Met For Trade
152.2,2024-09-05,Thursday,09:28:00,56.7,10,PE,81600.0,Buy,2024-09-05,Thursday,12:26:00,36.7,-200.0,-35.273368606701936,2024-09-06,,,Stop Loss Hit
153,2024-09-06,,09:16:00,82083.41,,,,,2024-09-06,,09:30:00,82144.87,781.5,,,781.5,-46.549999999999955,Square Off All Legs due to Target Profit
153.1,2024-09-06,Friday,09:29:00,73.45,10,CE,82400.0,Buy,2024-09-06,Friday,09:30:00,148.45,749.9999999999999,102.11027910142951,2024-09-06,,,Target Hit
153.2,2024-09-06,Friday,09:22:00,67.6,10,PE,81700.0,Buy,2024-09-06,Friday,09:30:00,70.75,31.500000000000057,4.659763313609476,2024-09-06,,,Square Off All Legs due to Target Profit
154,2024-09-10,,09:16:00,81747.33,,,,,2024-09-10,,15:15:00,81926.7,-205.0,,,243.45000000000005,-205.04999999999995,Exit Condition Met For Trade
154.2,2024-09-10,Tuesday,09:47:00,58.9,10,PE,80300.0,Buy,2024-09-10,Tuesday,11:02:00,38.4,-205.0,-34.80475382003396,2024-09-13,,,Stop Loss Hit
155,2024-09-11,,09:16:00,81843.15,,,,,2024-09-11,,15:15:00,81461.63,-200.0,,,0,-200.04999999999995,Exit Condition Met For Trade
155.2,2024-09-11,Wednesday,09:27:00,59.2,10,PE,80600.0,Buy,2024-09-11,Wednesday,09:39:00,39.2,-200.0,-33.78378378378378,2024-09-13,,,Stop Loss Hit
156,2024-09-12,,09:16:00,81849.53,,,,,2024-09-12,,15:15:00,83072.13,-200.0,,,0,-200.04999999999995,Exit Condition Met For Trade
156.1,2024-09-12,Thursday,09:27:00,61.0,10,CE,82700.0,Buy,2024-09-12,Thursday,09:55:00,41.0,-200.0,-32.78688524590164,2024-09-13,,,Stop Loss Hit
157,2024-09-16,,09:16:00,83024.08,,,,,2024-09-16,,15:15:00,82985.83,-168.5,,,13.950000000000045,-175.04999999999995,Exit Condition Met For Trade
157.1,2024-09-16,Monday,09:46:00,62.6,10,CE,84500.0,Buy,2024-09-16,Monday,15:15:00,45.75,-168.5,-26.916932907348247,2024-09-20,,,Exit Condition Met For Trade
158,2024-09-18,,09:16:00,82987.97,,,,,2024-09-18,,13:41:00,82715.42,788.5,,,788.5,-37.049999999999955,Square Off All Legs due to Target Profit
158.1,2024-09-18,Wednesday,09:23:00,54.05,10,CE,84300.0,Buy,2024-09-18,Wednesday,13:41:00,57.9,38.500000000000014,7.12303422756707,2024-09-20,,,Square Off All Legs due to Target Profit
158.2,2024-09-18,Wednesday,13:03:00,61.55,10,PE,81500.0,Buy,2024-09-18,Wednesday,13:41:00,136.55,750.0000000000001,121.85215272136477,2024-09-20,,,Target Hit
159,2024-09-19,,09:16:00,83485.66,,,,,2024-09-19,,15:15:00,83203.59,-200.0,,,0,-200.04999999999995,Exit Condition Met For Trade
159.1,2024-09-19,Thursday,09:22:00,67.4,10,CE,84600.0,Buy,2024-09-19,Thursday,09:24:00,47.4,-200.00000000000006,-29.673590504451045,2024-09-20,,,Stop Loss Hit
160,2024-09-20,,09:16:00,83556.42,,,,,2024-09-20,,15:15:00,84505.03,750.0,,,750.0,-40.549999999999955,Exit Condition Met For Trade
160.2,2024-09-20,Friday,09:17:00,65.8,10,PE,82900.0,Buy,2024-09-20,Friday,09:21:00,140.8,750.0000000000001,113.98176291793317,2024-09-20,,,Target Hit
161,2024-09-23,,09:16:00,84755.62,,,,,2024-09-23,,15:15:00,84906.06,-172.5,,,186.45000000000005,-194.54999999999995,Exit Condition Met For Trade
161.1,2024-09-23,Monday,09:17:00,73.25,10,CE,86500.0,Buy,2024-09-23,Monday,15:15:00,56.0,-172.5,-23.549488054607508,2024-09-27,,,Exit Condition Met For Trade
162,2024-09-24,,09:16:00,84787.4,,,,,2024-09-24,,15:15:00,84914.98,-200.0,,,0,-200.04999999999995,Exit Condition Met For Trade
162.2,2024-09-24,Tuesday,09:17:00,61.2,10,PE,82100.0,Buy,2024-09-24,Tuesday,09:23:00,41.2,-200.0,-32.6797385620915,2024-09-27,,,Stop Loss Hit
163,2024-09-26,,09:16:00,85181.58,,,,,2024-09-26,,15:15:00,85774.54,750.0,,,750.0,-134.04999999999995,Exit Condition Met For Trade
163.1,2024-09-26,Thursday,09:21:00,61.7,10,CE,86300.0,Buy,2024-09-26,Thursday,14:51:00,136.7,749.9999999999999,121.55591572123173,2024-09-27,,,Target Hit
164,2024-09-30,,09:16:00,85248.62,,,,,2024-09-30,,15:15:00,84321.89,400.0,,,659.95,-0.05000000000001137,Exit Condition Met For Trade
164.2,2024-09-30,Monday,09:38:00,50.0,10,PE,83000.0,Buy,2024-09-30,Monday,15:15:00,90.0,400.0,80.0,2024-10-04,,,Exit Condition Met For Trade
165,2024-10-01,,09:16:00,84590.31,,,,,2024-10-01,,15:15:00,84258.1,-200.0,,,448.45000000000005,-200.04999999999995,Exit Condition Met For Trade
165.2,2024-10-01,Tuesday,09:31:00,67.4,10,PE,83000.0,Buy,2024-10-01,Tuesday,14:57:00,47.4,-200.00000000000006,-29.673590504451045,2024-10-04,,,Stop Loss Hit
166,2024-10-03,,09:16:00,83424.2,,,,,2024-10-03,,15:15:00,82522.64,-200.0,,,68.45000000000005,-200.04999999999995,Exit Condition Met For Trade
166.2,2024-10-03,Thursday,09:17:00,68.55,10,PE,81600.0,Buy,2024-10-03,Thursday,09:25:00,48.55,-200.0,-29.175784099197667,2024-10-04,,,Stop Loss Hit
167,2024-10-04,,09:16:00,82563.36,,,,,2024-10-04,,15:15:00,81745.78,-200.0,,,352.45000000000005,-200.04999999999995,Exit Condition Met For Trade
167.2,2024-10-04,Friday,09:17:00,59.7,10,PE,81600.0,Buy,2024-10-04,Friday,09:36:00,39.7,-200.0,-33.50083752093802,2024-10-04,,,Stop Loss Hit
168,2024-10-07,,09:16:00,82079.26,,,,,2024-10-07,,15:15:00,80985.35,-200.0,,,0,-200.04999999999995,Exit Condition Met For Trade
168.2,2024-10-07,Monday,11:07:00,56.1,10,PE,77500.0,Buy,2024-10-07,Monday,11:09:00,36.1,-200.0,-35.650623885918,2024-10-11,,,Stop Loss Hit
169,2024-10-08,,09:16:00,81022.39,,,,,2024-10-08,,10:02:00,81192.53,-281.0,,,43.450000000000045,-320.04999999999995,Square Off All Legs due to Stop Loss
169.1,2024-10-08,Tuesday,09:17:00,63.4,10,CE,83900.0,Buy,2024-10-08,Tuesday,10:02:00,43.4,-200.0,-31.545741324921135,2024-10-11,,,Stop Loss Hit
169.2,2024-10-08,Tuesday,09:17:00,57.25,10,PE,78000.0,Buy,2024-10-08,Tuesday,10:02:00,49.15,-81.00000000000001,-14.148471615720526,2024-10-11,,,Square Off All Legs due to Stop Loss
170,2024-10-09,,09:16:00,81823.89,,,,,2024-10-09,,15:15:00,81418.56,-206.0,,,85.45000000000005,-206.04999999999995,Exit Condition Met For Trade
170.1,2024-10-09,Wednesday,10:09:00,58.55,10,CE,83800.0,Buy,2024-10-09,Wednesday,11:53:00,37.95,-205.99999999999994,-35.18360375747224,2024-10-11,,,Stop Loss Hit
171,2024-10-10,,09:16:00,81705.53,,,,,2024-10-10,,15:15:00,81613.7,-200.0,,,0,-200.04999999999995,Exit Condition Met For Trade
171.2,2024-10-10,Thursday,09:21:00,61.25,10,PE,80100.0,Buy,2024-10-10,Thursday,09:31:00,41.25,-200.0,-32.6530612244898,2024-10-11,,,Stop Loss Hit
172,2024-10-14,,09:16:00,81631.97,,,,,2024-10-14,,15:15:00,81939.06,-200.0,,,0,-200.05,Exit Condition Met For Trade
172.2,2024-10-14,Monday,09:17:00,50.5,10,PE,79500.0,Buy,2024-10-14,Monday,09:45:00,30.5,-200.0,-39.603960396039604,2024-10-18,,,Stop Loss Hit
173,2024-10-15,,09:16:00,82192.12,,,,,2024-10-15,,15:15:00,81799.7,750.0,,,750.0,-0.05,Exit Condition Met For Trade
173.2,2024-10-15,Tuesday,09:47:00,67.95,10,PE,80700.0,Buy,2024-10-15,Tuesday,10:31:00,142.95,749.9999999999999,110.37527593818982,2024-10-18,,,Target Hit
174,2024-10-16,,09:16:00,81621.18,,,,,2024-10-16,,15:15:00,81496.59,-200.0,,,119.45000000000005,-200.04999999999995,Exit Condition Met For Trade
174.1,2024-10-16,Wednesday,09:39:00,61.25,10,CE,83000.0,Buy,2024-10-16,Wednesday,11:16:00,41.25,-200.0,-32.6530612244898,2024-10-18,,,Stop Loss Hit
175,2024-10-17,,09:16:00,81733.95,,,,,2024-10-17,,15:15:00,81016.1,750.0,,,750.0,-50.049999999999955,Exit Condition Met For Trade
175.2,2024-10-17,Thursday,09:18:00,66.8,10,PE,80700.0,Buy,2024-10-17,Thursday,09:41:00,141.8,750.0000000000001,112.27544910179644,2024-10-18,,,Target Hit
176,2024-10-18,,09:16:00,80763.31,,,,,2024-10-18,,15:15:00,81209.77,-200.0,,,506.45000000000005,-200.04999999999995,Exit Condition Met For Trade
176.2,2024-10-18,Friday,09:17:00,62.05,10,PE,80200.0,Buy,2024-10-18,Friday,09:41:00,42.05,-200.0,-32.232070910556004,2024-10-18,,,Stop Loss Hit
177,2024-10-21,,09:16:00,81652.32,,,,,2024-10-21,,15:15:00,81211.6,-200.0,,,601.95,-200.04999999999995,Exit Condition Met For Trade
177.2,2024-10-21,Monday,09:34:00,68.75,10,PE,79300.0,Buy,2024-10-21,Monday,13:56:00,48.75,-200.0,-29.09090909090909,2024-10-25,,,Stop Loss Hit
178,2024-10-22,,09:16:00,81188.41,,,,,2024-10-22,,15:15:00,80170.23,-200.0,,,0,-200.04999999999995,Exit Condition Met For Trade
178.1,2024-10-22,Tuesday,09:21:00,60.4,10,CE,82900.0,Buy,2024-10-22,Tuesday,10:13:00,40.4,-200.0,-33.11258278145696,2024-10-25,,,Stop Loss Hit
179,2024-10-23,,09:16:00,80197.47,,,,,2024-10-23,,15:15:00,80075.02,-200.0,,,221.95000000000005,-200.04999999999995,Exit Condition Met For Trade
179.2,2024-10-23,Wednesday,09:39:00,60.25,10,PE,78400.0,Buy,2024-10-23,Wednesday,10:04:00,40.25,-200.0,-33.19502074688797,2024-10-25,,,Stop Loss Hit
180,2024-10-24,,09:16:00,80215.53,,,,,2024-10-24,,15:15:00,80054.88,-200.0,,,0,-200.04999999999995,Exit Condition Met For Trade
180.2,2024-10-24,Thursday,09:22:00,56.25,10,PE,78900.0,Buy,2024-10-24,Thursday,09:27:00,36.25,-200.0,-35.55555555555556,2024-10-25,,,Stop Loss Hit
181,2024-10-25,,09:16:00,80030.08,,,,,2024-10-25,,15:15:00,79437.28,-205.0,,,22.450000000000045,-205.04999999999995,Exit Condition Met For Trade
181.1,2024-10-25,Friday,09:18:00,58.7,10,CE,80800.0,Buy,2024-10-25,Friday,09:23:00,38.2,-205.0,-34.923339011925044,2024-10-25,,,Stop Loss Hit
182,2024-10-28,,09:16:00,79673.22,,,,,2024-10-28,,15:15:00,80033.23,-300.0,,,0,-300.04999999999995,Exit Condition Met For Trade
182.2,2024-10-28,Monday,09:17:00,80.0,10,PE,77000.0,Buy,2024-10-28,Monday,09:18:00,50.0,-300.0,-37.5,2024-10-31,,,Stop Loss Hit
183,2024-10-29,,09:16:00,79860.64,,,,,2024-10-29,,15:15:00,80412.94,-200.0,,,420.95000000000005,-200.04999999999995,Exit Condition Met For Trade
183.2,2024-10-29,Tuesday,09:23:00,62.2,10,PE,78400.0,Buy,2024-10-29,Tuesday,12:52:00,42.2,-200.0,-32.154340836012864,2024-10-31,,,Stop Loss Hit
184,2024-10-30,,09:16:00,80119.42,,,,,2024-10-30,,09:47:00,80040.24,-239.0,,,23.950000000000045,-239.04999999999995,Square Off All Legs due to Stop Loss
184.1,2024-10-30,Wednesday,09:42:00,57.4,10,CE,81300.0,Buy,2024-10-30,Wednesday,09:47:00,37.4,-200.0,-34.84320557491289,2024-10-31,,,Stop Loss Hit
184.2,2024-10-30,Wednesday,09:34:00,61.95,10,PE,79000.0,Buy,2024-10-30,Wednesday,09:47:00,58.05,-39.00000000000006,-6.295399515738508,2024-10-31,,,Square Off All Legs due to Stop Loss
185,2024-10-31,,09:16:00,79778.11,,,,,2024-10-31,,15:15:00,79409.27,-200.0,,,0,-200.04999999999995,Exit Condition Met For Trade
185.2,2024-10-31,Thursday,09:26:00,57.55,10,PE,79100.0,Buy,2024-10-31,Thursday,09:29:00,37.55,-200.0,-34.75238922675934,2024-10-31,,,Stop Loss Hit
186,2024-11-04,,09:16:00,79373.92,,,,,2024-11-04,,15:15:00,78789.75,750.0,,,750.0,-0.049999999999954525,Exit Condition Met For Trade
186.2,2024-11-04,Monday,09:17:00,78.75,10,PE,77000.0,Buy,2024-11-04,Monday,09:35:00,153.75,750.0,95.23809523809524,2024-11-08,,,Target Hit
187,2024-11-05,,09:16:00,78518.0,,,,,2024-11-05,,11:55:00,78347.16,-265.0,,,20.950000000000045,-274.54999999999995,Square Off All Legs due to Stop Loss
187.1,2024-11-05,Tuesday,09:19:00,66.05,10,CE,81100.0,Buy,2024-11-05,Tuesday,11:55:00,45.6,-204.49999999999994,-30.961392884178647,2024-11-08,,,Stop Loss Hit
187.2,2024-11-05,Tuesday,11:44:00,64.7,10,PE,75600.0,Buy,2024-11-05,Tuesday,11:55:00,58.65,-60.50000000000004,-9.350850077279759,2024-11-08,,,Square Off All Legs due to Stop Loss
188,2024-11-06,,09:16:00,79737.46,,,,,2024-11-06,,15:15:00,80328.21,-200.0,,,65.95000000000005,-200.04999999999995,Exit Condition Met For Trade
188.1,2024-11-06,Wednesday,14:23:00,59.95,10,CE,82000.0,Buy,2024-11-06,Wednesday,14:41:00,39.95,-200.0,-33.36113427856547,2024-11-08,,,Stop Loss Hit
189,2024-11-07,,09:16:00,80270.52,,,,,2024-11-07,,15:15:00,79549.07,750.0,,,750.0,-0.05,Exit Condition Met For Trade
189.2,2024-11-07,Thursday,09:26:00,59.1,10,PE,79000.0,Buy,2024-11-07,Thursday,10:01:00,134.1,750.0,126.90355329949239,2024-11-08,,,Target Hit
190,2024-11-08,,09:16:00,79321.6,,,,,2024-11-08,,09:27:00,79453.34,-159.5,,,322.45000000000005,-159.54999999999995,Square Off All Legs due to Stop Loss
190.1,2024-11-08,Friday,09:26:00,60.7,10,CE,80200.0,Buy,2024-11-08,Friday,09:27:00,64.75,40.49999999999997,6.672158154859962,2024-11-08,,,Square Off All Legs due to Stop Loss
190.2,2024-11-08,Friday,09:18:00,56.8,10,PE,78400.0,Buy,2024-11-08,Friday,09:27:00,36.8,-200.0,-35.21126760563381,2024-11-08,,,Stop Loss Hit
191,2024-11-11,,09:16:00,79046.67,,,,,2024-11-11,,15:15:00,79589.57,-200.0,,,0,-200.04999999999995,Exit Condition Met For Trade
191.1,2024-11-11,Monday,09:50:00,62.5,10,CE,81000.0,Buy,2024-11-11,Monday,10:14:00,42.5,-200.0,-32.0,2024-11-14,,,Stop Loss Hit
192,2024-11-12,,09:16:00,79787.24,,,,,2024-11-12,,10:01:00,79713.87,-363.5,,,433.45000000000005,-363.54999999999995,Square Off All Legs due to Stop Loss
192.1,2024-11-12,Tuesday,10:00:00,64.25,10,CE,80900.0,Buy,2024-11-12,Tuesday,10:01:00,49.4,-148.5,-23.112840466926073,2024-11-14,,,Square Off All Legs due to Stop Loss
192.2,2024-11-12,Tuesday,09:20:00,64.3,10,PE,78500.0,Buy,2024-11-12,Tuesday,10:01:00,42.8,-215.0,-33.43701399688958,2024-11-14,,,Stop Loss Hit
193,2024-11-13,,09:16:00,78582.19,,,,,2024-11-13,,15:15:00,77641.89,750.0,,,750.0,-73.54999999999995,Exit Condition Met For Trade
193.2,2024-11-13,Wednesday,09:35:00,65.55,10,PE,77400.0,Buy,2024-11-13,Wednesday,14:31:00,140.55,750.0000000000001,114.41647597254008,2024-11-14,,,Target Hit
194,2024-11-14,,09:16:00,77813.51,,,,,2024-11-14,,15:15:00,77576.53,-200.0,,,0,-200.04999999999995,Exit Condition Met For Trade
194.2,2024-11-14,Thursday,09:22:00,59.75,10,PE,76800.0,Buy,2024-11-14,Thursday,09:26:00,39.75,-200.0,-33.47280334728033,2024-11-14,,,Stop Loss Hit
195,2024-11-18,,09:16:00,77737.98,,,,,2024-11-18,,15:15:00,77346.93,-200.0,,,0,-200.05,Exit Condition Met For Trade
195.2,2024-11-18,Monday,09:17:00,42.95,10,PE,75000.0,Buy,2024-11-18,Monday,09:18:00,22.95,-200.00000000000003,-46.56577415599535,2024-11-22,,,Stop Loss Hit
196,2024-11-19,,09:16:00,77664.7,,,,,2024-11-19,,15:15:00,77502.44,750.0,,,750.0,-57.049999999999955,Exit Condition Met For Trade
196.1,2024-11-19,Tuesday,09:18:00,61.55,10,CE,79000.0,Buy,2024-11-19,Tuesday,10:26:00,136.55,750.0000000000001,121.85215272136477,2024-11-22,,,Target Hit
197,2024-11-22,,09:16:00,77352.41,,,,,2024-11-22,,15:15:00,79147.31,750.0,,,750.0,-29.049999999999955,Exit Condition Met For Trade
197.1,2024-11-22,Friday,09:20:00,60.8,10,CE,78100.0,Buy,2024-11-22,Friday,09:23:00,135.8,750.0000000000001,123.35526315789477,2024-11-22,,,Target Hit
198,2024-11-25,,09:16:00,80332.13,,,,,2024-11-25,,15:15:00,80083.3,-200.0,,,453.95000000000005,-200.04999999999995,Exit Condition Met For Trade
198.1,2024-11-25,Monday,09:17:00,122.45,10,CE,82000.0,Buy,2024-11-25,Monday,09:53:00,102.45,-200.0,-16.33319722335647,2024-11-29,,,Stop Loss Hit
199,2024-11-26,,09:16:00,80341.71,,,,,2024-11-26,,15:15:00,80050.98,-200.0,,,88.45000000000005,-200.04999999999995,Exit Condition Met For Trade
199.2,2024-11-26,Tuesday,10:17:00,61.05,10,PE,77600.0,Buy,2024-11-26,Tuesday,14:20:00,41.05,-200.0,-32.760032760032765,2024-11-29,,,Stop Loss Hit
200,2024-11-27,,09:16:00,79906.72,,,,,2024-11-27,,15:15:00,80239.9,-200.0,,,108.95000000000005,-200.04999999999995,Exit Condition Met For Trade
200.1,2024-11-27,Wednesday,12:34:00,63.75,10,CE,81600.0,Buy,2024-11-27,Wednesday,14:13:00,43.75,-200.0,-31.372549019607842,2024-11-29,,,Stop Loss Hit
201,2024-11-28,,09:16:00,80296.86,,,,,2024-11-28,,10:02:00,80371.61,-48.5,,,74.95000000000005,-170.04999999999995,Square Off All Legs due to Stop Loss
201.1,2024-11-28,Thursday,09:56:00,57.2,10,CE,81500.0,Buy,2024-11-28,Thursday,10:02:00,72.35,151.49999999999991,26.48601398601397,2024-11-29,,,Square Off All Legs due to Stop Loss
201.2,2024-11-28,Thursday,09:23:00,63.0,10,PE,79200.0,Buy,2024-11-28,Thursday,10:02:00,43.0,-200.0,-31.746031746031747,2024-11-29,,,Stop Loss Hit
202,2024-11-29,,09:16:00,79150.59,,,,,2024-11-29,,09:55:00,79482.7,118.5,,,400.95000000000005,-0.05,Square Off All Legs due to Stop Loss
202.1,2024-11-29,Friday,09:27:00,65.55,10,CE,80300.0,Buy,2024-11-29,Friday,09:55:00,97.4,318.5000000000001,48.58886346300535,2024-11-29,,,Square Off All Legs due to Stop Loss
202.2,2024-11-29,Friday,09:24:00,64.4,10,PE,78100.0,Buy,2024-11-29,Friday,09:55:00,44.4,-200.00000000000006,-31.05590062111802,2024-11-29,,,Stop Loss Hit
203,2024-12-02,,09:16:00,79456.02,,,,,2024-12-02,,15:15:00,80249.16,-200.0,,,0,-200.04999999999995,Exit Condition Met For Trade
203.2,2024-12-02,Monday,09:26:00,64.05,10,PE,77000.0,Buy,2024-12-02,Monday,09:39:00,44.05,-200.0,-31.225604996096802,2024-12-06,,,Stop Loss Hit
204,2024-12-03,,09:16:00,80381.36,,,,,2024-12-03,,15:15:00,80875.41,-26.5,,,137.45000000000005,-68.04999999999995,Exit Condition Met For Trade
204.1,2024-12-03,Tuesday,10:30:00,67.45,10,CE,82400.0,Buy,2024-12-03,Tuesday,15:15:00,64.8,-26.500000000000057,-3.9288361749444114,2024-12-06,,,Exit Condition Met For Trade
205,2024-12-04,,09:16:00,80868.78,,,,,2024-12-04,,12:00:00,80795.83,-243.5,,,264.45000000000005,-243.54999999999995,Square Off All Legs due to Stop Loss
205.1,2024-12-04,Wednesday,09:29:00,62.05,10,CE,82600.0,Buy,2024-12-04,Wednesday,12:00:00,57.7,-43.49999999999994,-7.010475423045922,2024-12-06,,,Square Off All Legs due to Stop Loss
205.2,2024-12-04,Wednesday,11:58:00,66.05,10,PE,78300.0,Buy,2024-12-04,Wednesday,12:00:00,46.05,-200.0,-30.28009084027252,2024-12-06,,,Stop Loss Hit
206,2024-12-05,,09:16:00,81083.61,,,,,2024-12-05,,13:14:00,81556.56,231.0,,,547.95,-27.549999999999955,Square Off All Legs due to Stop Loss
206.1,2024-12-05,Thursday,09:38:00,59.7,10,CE,82800.0,Buy,2024-12-05,Thursday,13:14:00,102.8,430.99999999999994,72.19430485762142,2024-12-06,,,Square Off All Legs due to Stop Loss
206.2,2024-12-05,Thursday,09:39:00,62.7,10,PE,78800.0,Buy,2024-12-05,Thursday,13:14:00,42.7,-200.0,-31.897926634768737,2024-12-06,,,Stop Loss Hit
