open,high,low,close,adj close,volume,year,month,hour,day_name,max,min,difference,candle_body,high_shadow,low_shadow,trend
15703.7001953125,15793.9501953125,15511.0498046875,15752.0498046875,15752.0498046875,364100,2022,7,0,Friday,15793.9501953125,15511.0498046875,282.900390625,-48.349609375,90.25,241.0,DOWN
15710.5,15852.349609375,15661.7998046875,15835.349609375,15835.349609375,304300,2022,7,0,Monday,15852.349609375,15661.7998046875,190.5498046875,-124.849609375,141.849609375,173.5498046875,DOWN
15909.150390625,16025.75,15785.4501953125,15810.849609375,15810.849609375,254200,2022,7,0,Tuesday,16025.75,15785.4501953125,240.2998046875,98.30078125,116.599609375,25.3994140625,UP
15818.2001953125,16011.349609375,15800.900390625,15989.7998046875,15989.7998046875,288400,2022,7,0,Wednesday,16011.349609375,15800.900390625,210.44921875,-171.599609375,193.1494140625,188.8994140625,DOWN
16113.75,16150.5,16045.9501953125,16132.900390625,16132.900390625,264600,2022,7,0,Thursday,16150.5,16045.9501953125,104.5498046875,-19.150390625,36.75,86.9501953125,DOWN
16273.650390625,16275.5,16157.900390625,16220.599609375,16220.599609375,281100,2022,7,0,Friday,16275.5,16157.900390625,117.599609375,53.05078125,1.849609375,62.69921875,UP
16136.150390625,16248.5498046875,16115.5,16216.0,16216.0,255900,2022,7,0,Monday,16248.5498046875,16115.5,133.0498046875,-79.849609375,112.3994140625,100.5,DOWN
16126.2001953125,16158.75,16031.150390625,16058.2998046875,16058.2998046875,208600,2022,7,0,Tuesday,16158.75,16031.150390625,127.599609375,67.900390625,32.5498046875,27.1494140625,UP
16128.2001953125,16140.0,15950.150390625,15966.650390625,15966.650390625,233300,2022,7,0,Wednesday,16140.0,15950.150390625,189.849609375,161.5498046875,11.7998046875,16.5,UP
16018.849609375,16070.849609375,15858.2001953125,15938.650390625,15938.650390625,228600,2022,7,0,Thursday,16070.849609375,15858.2001953125,212.6494140625,80.19921875,52.0,80.4501953125,UP
16010.7998046875,16066.9501953125,15927.2998046875,16049.2001953125,16049.2001953125,205800,2022,7,0,Friday,16066.9501953125,15927.2998046875,139.650390625,-38.400390625,56.150390625,121.900390625,DOWN
16151.400390625,16287.9501953125,16142.2001953125,16278.5,16278.5,227700,2022,7,0,Monday,16287.9501953125,16142.2001953125,145.75,-127.099609375,136.5498046875,136.2998046875,DOWN
16187.0498046875,16359.5,16187.0498046875,16340.5498046875,16340.5498046875,222600,2022,7,0,Tuesday,16359.5,16187.0498046875,172.4501953125,-153.5,172.4501953125,153.5,DOWN
16562.80078125,16588.0,16490.94921875,16520.849609375,16520.849609375,284400,2022,7,0,Wednesday,16588.0,16490.94921875,97.05078125,41.951171875,25.19921875,29.900390625,UP
16523.55078125,16626.94921875,16483.900390625,16605.25,16605.25,243600,2022,7,0,Thursday,16626.94921875,16483.900390625,143.048828125,-81.69921875,103.3984375,121.349609375,DOWN
16661.25,16752.25,16610.900390625,16719.44921875,16719.44921875,190900,2022,7,0,Friday,16752.25,16610.900390625,141.349609375,-58.19921875,91.0,108.548828125,DOWN
16662.55078125,16706.05078125,16564.25,16631.0,16631.0,211400,2022,7,0,Monday,16706.05078125,16564.25,141.80078125,31.55078125,43.5,66.75,UP
16632.900390625,16636.099609375,16463.30078125,16483.849609375,16483.849609375,208200,2022,7,0,Tuesday,16636.099609375,16463.30078125,172.798828125,149.05078125,3.19921875,20.548828125,UP
16475.349609375,16653.44921875,16438.75,16641.80078125,16641.80078125,185200,2022,7,0,Wednesday,16653.44921875,16438.75,214.69921875,-166.451171875,178.099609375,203.05078125,DOWN
16774.849609375,16947.650390625,16746.25,16929.599609375,16929.599609375,376300,2022,7,0,Thursday,16947.650390625,16746.25,201.400390625,-154.75,172.80078125,183.349609375,DOWN
17079.5,17172.80078125,17018.150390625,17158.25,17158.25,436100,2022,7,0,Friday,17172.80078125,17018.150390625,154.650390625,-78.75,93.30078125,140.099609375,DOWN
17243.19921875,17356.25,17154.80078125,17340.05078125,17340.05078125,381500,2022,8,0,Monday,17356.25,17154.80078125,201.44921875,-96.8515625,113.05078125,185.25,DOWN
17310.150390625,17390.150390625,17215.849609375,17345.44921875,17345.44921875,333600,2022,8,0,Tuesday,17390.150390625,17215.849609375,174.30078125,-35.298828125,80.0,129.599609375,DOWN
17349.25,17407.5,17225.849609375,17388.150390625,17388.150390625,285400,2022,8,0,Wednesday,17407.5,17225.849609375,181.650390625,-38.900390625,58.25,162.30078125,DOWN
17463.099609375,17490.69921875,17161.25,17382.0,17382.0,325000,2022,8,0,Thursday,17490.69921875,17161.25,329.44921875,81.099609375,27.599609375,220.75,UP
17423.650390625,17474.400390625,17348.75,17397.5,17397.5,355300,2022,8,0,Friday,17474.400390625,17348.75,125.650390625,26.150390625,50.75,48.75,UP
17401.5,17548.80078125,17359.75,17525.099609375,17525.099609375,257000,2022,8,0,Monday,17548.80078125,17359.75,189.05078125,-123.599609375,147.30078125,165.349609375,DOWN
17566.099609375,17566.099609375,17442.80078125,17534.75,17534.75,312700,2022,8,0,Wednesday,17566.099609375,17442.80078125,123.298828125,31.349609375,0.0,91.94921875,UP
17711.650390625,17719.30078125,17631.94921875,17659.0,17659.0,311200,2022,8,0,Thursday,17719.30078125,17631.94921875,87.3515625,52.650390625,7.650390625,27.05078125,UP
17659.650390625,17724.650390625,17597.849609375,17698.150390625,17698.150390625,303900,2022,8,0,Friday,17724.650390625,17597.849609375,126.80078125,-38.5,65.0,100.30078125,DOWN
17797.19921875,17839.099609375,17764.05078125,17825.25,17825.25,0,2022,8,0,Tuesday,17839.099609375,17764.05078125,75.048828125,-28.05078125,41.900390625,61.19921875,DOWN
17868.150390625,17965.94921875,17833.349609375,17944.25,17944.25,262800,2022,8,0,Wednesday,17965.94921875,17833.349609375,132.599609375,-76.099609375,97.798828125,110.900390625,DOWN
17898.650390625,17968.44921875,17852.05078125,17956.5,17956.5,263900,2022,8,0,Thursday,17968.44921875,17852.05078125,116.3984375,-57.849609375,69.798828125,104.44921875,DOWN
17966.55078125,17992.19921875,17710.75,17758.44921875,17758.44921875,295600,2022,8,0,Friday,17992.19921875,17710.75,281.44921875,208.1015625,25.6484375,47.69921875,UP
17682.900390625,17690.05078125,17467.349609375,17490.69921875,17490.69921875,287600,2022,8,0,Monday,17690.05078125,17467.349609375,222.701171875,192.201171875,7.150390625,23.349609375,UP
17357.349609375,17625.55078125,17345.19921875,17577.5,17577.5,285600,2022,8,0,Tuesday,17625.55078125,17345.19921875,280.3515625,-220.150390625,268.201171875,232.30078125,DOWN
17525.44921875,17623.650390625,17499.25,17604.94921875,17604.94921875,262000,2022,8,0,Wednesday,17623.650390625,17499.25,124.400390625,-79.5,98.201171875,105.69921875,DOWN
17679.0,17726.5,17487.44921875,17522.44921875,17522.44921875,230200,2022,8,0,Thursday,17726.5,17487.44921875,239.05078125,156.55078125,47.5,35.0,UP
17619.30078125,17685.849609375,17519.349609375,17558.900390625,17558.900390625,266600,2022,8,0,Friday,17685.849609375,17519.349609375,166.5,60.400390625,66.548828125,39.55078125,UP
17188.650390625,17380.150390625,17166.19921875,17312.900390625,17312.900390625,244900,2022,8,0,Monday,17380.150390625,17166.19921875,213.951171875,-124.25,191.5,146.701171875,DOWN
17414.94921875,17777.650390625,17401.5,17759.30078125,17759.30078125,324700,2022,8,0,Tuesday,17777.650390625,17401.5,376.150390625,-344.3515625,362.701171875,357.80078125,DOWN
17485.69921875,17695.599609375,17468.44921875,17542.80078125,17542.80078125,308500,2022,9,0,Thursday,17695.599609375,17468.44921875,227.150390625,-57.1015625,209.900390625,74.3515625,DOWN
17598.400390625,17643.849609375,17476.44921875,17539.44921875,17539.44921875,256300,2022,9,0,Friday,17643.849609375,17476.44921875,167.400390625,58.951171875,45.44921875,63.0,UP
17546.44921875,17683.150390625,17540.349609375,17665.80078125,17665.80078125,230300,2022,9,0,Monday,17683.150390625,17540.349609375,142.80078125,-119.3515625,136.701171875,125.451171875,DOWN
17695.69921875,17764.650390625,17587.650390625,17655.599609375,17655.599609375,251200,2022,9,0,Tuesday,17764.650390625,17587.650390625,177.0,40.099609375,68.951171875,67.94921875,UP
17519.400390625,17650.75,17484.30078125,17624.400390625,17624.400390625,354100,2022,9,0,Wednesday,17650.75,17484.30078125,166.44921875,-105.0,131.349609375,140.099609375,DOWN
17748.150390625,17807.650390625,17691.94921875,17798.75,17798.75,279800,2022,9,0,Thursday,17807.650390625,17691.94921875,115.701171875,-50.599609375,59.5,106.80078125,DOWN
17923.349609375,17925.94921875,17786.0,17833.349609375,17833.349609375,270300,2022,9,0,Friday,17925.94921875,17786.0,139.94921875,90.0,2.599609375,47.349609375,UP
17890.849609375,17980.55078125,17889.150390625,17936.349609375,17936.349609375,228200,2022,9,0,Monday,17980.55078125,17889.150390625,91.400390625,-45.5,89.701171875,47.19921875,DOWN
18044.44921875,18088.30078125,18015.44921875,18070.05078125,18070.05078125,259900,2022,9,0,Tuesday,18088.30078125,18015.44921875,72.8515625,-25.6015625,43.8515625,54.6015625,DOWN
17771.150390625,18091.55078125,17771.150390625,18003.75,18003.75,365900,2022,9,0,Wednesday,18091.55078125,17771.150390625,320.400390625,-232.599609375,320.400390625,232.599609375,DOWN
18046.349609375,18096.150390625,17861.5,17877.400390625,17877.400390625,289600,2022,9,0,Thursday,18096.150390625,17861.5,234.650390625,168.94921875,49.80078125,15.900390625,UP
17796.80078125,17820.05078125,17497.25,17530.849609375,17530.849609375,468500,2022,9,0,Friday,17820.05078125,17497.25,322.80078125,265.951171875,23.25,33.599609375,UP
17540.650390625,17667.19921875,17429.69921875,17622.25,17622.25,258300,2022,9,0,Monday,17667.19921875,17429.69921875,237.5,-81.599609375,126.548828125,192.55078125,DOWN
17770.400390625,17919.30078125,17744.400390625,17816.25,17816.25,263100,2022,9,0,Tuesday,17919.30078125,17744.400390625,174.900390625,-45.849609375,148.900390625,71.849609375,DOWN
17766.349609375,17838.69921875,17663.599609375,17718.349609375,17718.349609375,245500,2022,9,0,Wednesday,17838.69921875,17663.599609375,175.099609375,48.0,72.349609375,54.75,UP
17609.650390625,17722.75,17532.44921875,17629.80078125,17629.80078125,284100,2022,9,0,Thursday,17722.75,17532.44921875,190.30078125,-20.150390625,113.099609375,97.3515625,DOWN
17593.849609375,17642.150390625,17291.650390625,17327.349609375,17327.349609375,390800,2022,9,0,Friday,17642.150390625,17291.650390625,350.5,266.5,48.30078125,35.69921875,UP
17156.30078125,17196.400390625,16978.30078125,17016.30078125,17016.30078125,492000,2022,9,0,Monday,17196.400390625,16978.30078125,218.099609375,140.0,40.099609375,38.0,UP
17110.900390625,17176.44921875,16942.349609375,17007.400390625,17007.400390625,359900,2022,9,0,Tuesday,17176.44921875,16942.349609375,234.099609375,103.5,65.548828125,65.05078125,UP
16870.55078125,17037.599609375,16820.400390625,16858.599609375,16858.599609375,323900,2022,9,0,Wednesday,17037.599609375,16820.400390625,217.19921875,11.951171875,167.048828125,38.19921875,UP
16993.599609375,17026.05078125,16788.599609375,16818.099609375,16818.099609375,340000,2022,9,0,Thursday,17026.05078125,16788.599609375,237.451171875,175.5,32.451171875,29.5,UP
16798.05078125,17187.099609375,16747.69921875,17094.349609375,17094.349609375,376100,2022,9,0,Friday,17187.099609375,16747.69921875,439.400390625,-296.298828125,389.048828125,346.650390625,DOWN
17102.099609375,17114.650390625,16855.55078125,16887.349609375,16887.349609375,278400,2022,10,0,Monday,17114.650390625,16855.55078125,259.099609375,214.75,12.55078125,31.798828125,UP
17147.44921875,17287.30078125,17117.30078125,17274.30078125,17274.30078125,226000,2022,10,0,Tuesday,17287.30078125,17117.30078125,170.0,-126.8515625,139.8515625,157.0,DOWN
17379.25,17428.80078125,17315.650390625,17331.80078125,17331.80078125,265500,2022,10,0,Thursday,17428.80078125,17315.650390625,113.150390625,47.44921875,49.55078125,16.150390625,UP
17287.19921875,17337.349609375,17216.94921875,17314.650390625,17314.650390625,216300,2022,10,0,Friday,17337.349609375,17216.94921875,120.400390625,-27.451171875,50.150390625,97.701171875,DOWN
17094.349609375,17280.150390625,17064.69921875,17241.0,17241.0,234000,2022,10,0,Monday,17280.150390625,17064.69921875,215.451171875,-146.650390625,185.80078125,176.30078125,DOWN
17256.05078125,17261.80078125,16950.30078125,16983.55078125,16983.55078125,282600,2022,10,0,Tuesday,17261.80078125,16950.30078125,311.5,272.5,5.75,33.25,UP
17025.55078125,17142.349609375,16960.05078125,17123.599609375,17123.599609375,256000,2022,10,0,Wednesday,17142.349609375,16960.05078125,182.298828125,-98.048828125,116.798828125,163.548828125,DOWN
17087.349609375,17112.349609375,16956.94921875,17014.349609375,17014.349609375,266400,2022,10,0,Thursday,17112.349609375,16956.94921875,155.400390625,73.0,25.0,57.400390625,UP
17322.30078125,17348.55078125,17169.75,17185.69921875,17185.69921875,227000,2022,10,0,Friday,17348.55078125,17169.75,178.80078125,136.6015625,26.25,15.94921875,UP
17144.80078125,17328.55078125,17098.55078125,17311.80078125,17311.80078125,212200,2022,10,0,Monday,17328.55078125,17098.55078125,230.0,-167.0,183.75,213.25,DOWN
17438.75,17527.80078125,17434.05078125,17486.94921875,17486.94921875,239500,2022,10,0,Tuesday,17527.80078125,17434.05078125,93.75,-48.19921875,89.05078125,52.8984375,DOWN
17568.150390625,17607.599609375,17472.849609375,17512.25,17512.25,210500,2022,10,0,Wednesday,17607.599609375,17472.849609375,134.75,55.900390625,39.44921875,39.400390625,UP
17423.099609375,17584.150390625,17421.0,17563.94921875,17563.94921875,249600,2022,10,0,Thursday,17584.150390625,17421.0,163.150390625,-140.849609375,161.05078125,142.94921875,DOWN
17622.849609375,17670.150390625,17520.75,17576.30078125,17576.30078125,277700,2022,10,0,Friday,17670.150390625,17520.75,149.400390625,46.548828125,47.30078125,55.55078125,UP
17736.349609375,17777.55078125,17707.400390625,17730.75,17730.75,45000,2022,10,0,Monday,17777.55078125,17707.400390625,70.150390625,5.599609375,41.201171875,23.349609375,UP
17808.30078125,17811.5,17637.0,17656.349609375,17656.349609375,251400,2022,10,0,Tuesday,17811.5,17637.0,174.5,151.951171875,3.19921875,19.349609375,UP
17771.400390625,17783.900390625,17654.5,17736.94921875,17736.94921875,324600,2022,10,0,Thursday,17783.900390625,17654.5,129.400390625,34.451171875,12.5,82.44921875,UP
17756.400390625,17838.900390625,17723.69921875,17786.80078125,17786.80078125,250000,2022,10,0,Friday,17838.900390625,17723.69921875,115.201171875,-30.400390625,82.5,63.1015625,DOWN
17910.19921875,18022.80078125,17899.900390625,18012.19921875,18012.19921875,227200,2022,10,0,Monday,18022.80078125,17899.900390625,122.900390625,-102.0,112.6015625,112.298828125,DOWN
18130.69921875,18175.80078125,18060.150390625,18145.400390625,18145.400390625,349900,2022,11,0,Tuesday,18175.80078125,18060.150390625,115.650390625,-14.701171875,45.1015625,85.25,DOWN
18177.900390625,18178.75,18048.650390625,18082.849609375,18082.849609375,270900,2022,11,0,Wednesday,18178.75,18048.650390625,130.099609375,95.05078125,0.849609375,34.19921875,UP
17968.349609375,18106.30078125,17959.19921875,18052.69921875,18052.69921875,213000,2022,11,0,Thursday,18106.30078125,17959.19921875,147.1015625,-84.349609375,137.951171875,93.5,DOWN
18053.400390625,18135.099609375,18017.150390625,18117.150390625,18117.150390625,267900,2022,11,0,Friday,18135.099609375,18017.150390625,117.94921875,-63.75,81.69921875,100.0,DOWN
18211.75,18255.5,18064.75,18202.80078125,18202.80078125,314800,2022,11,0,Monday,18255.5,18064.75,190.75,8.94921875,43.75,138.05078125,UP
18288.25,18296.400390625,18117.5,18157.0,18157.0,307200,2022,11,0,Wednesday,18296.400390625,18117.5,178.900390625,131.25,8.150390625,39.5,UP
18044.349609375,18103.099609375,17969.400390625,18028.19921875,18028.19921875,256500,2022,11,0,Thursday,18103.099609375,17969.400390625,133.69921875,16.150390625,58.75,58.798828125,UP
18272.349609375,18362.30078125,18259.349609375,18349.69921875,18349.69921875,378500,2022,11,0,Friday,18362.30078125,18259.349609375,102.951171875,-77.349609375,89.951171875,90.349609375,DOWN
18376.400390625,18399.44921875,18311.400390625,18329.150390625,18329.150390625,301400,2022,11,0,Monday,18399.44921875,18311.400390625,88.048828125,47.25,23.048828125,17.75,UP
18362.75,18427.94921875,18282.0,18403.400390625,18403.400390625,250900,2022,11,0,Tuesday,18427.94921875,18282.0,145.94921875,-40.650390625,65.19921875,121.400390625,DOWN
18398.25,18442.150390625,18344.150390625,18409.650390625,18409.650390625,219300,2022,11,0,Wednesday,18442.150390625,18344.150390625,98.0,-11.400390625,43.900390625,65.5,DOWN
18358.69921875,18417.599609375,18312.94921875,18343.900390625,18343.900390625,200500,2022,11,0,Thursday,18417.599609375,18312.94921875,104.650390625,14.798828125,58.900390625,30.951171875,UP
18382.94921875,18394.599609375,18209.80078125,18307.650390625,18307.650390625,198800,2022,11,0,Friday,18394.599609375,18209.80078125,184.798828125,75.298828125,11.650390625,97.849609375,UP
18246.400390625,18262.30078125,18133.349609375,18159.94921875,18159.94921875,213800,2022,11,0,Monday,18262.30078125,18133.349609375,128.951171875,86.451171875,15.900390625,26.599609375,UP
18179.150390625,18261.849609375,18137.69921875,18244.19921875,18244.19921875,177700,2022,11,0,Tuesday,18261.849609375,18137.69921875,124.150390625,-65.048828125,82.69921875,106.5,DOWN
18325.19921875,18325.400390625,18246.0,18267.25,18267.25,178800,2022,11,0,Wednesday,18325.400390625,18246.0,79.400390625,57.94921875,0.201171875,21.25,UP
18326.099609375,18529.69921875,18294.25,18484.099609375,18484.099609375,204000,2022,11,0,Thursday,18529.69921875,18294.25,235.44921875,-158.0,203.599609375,189.849609375,DOWN
18528.44921875,18534.900390625,18445.099609375,18512.75,18512.75,205900,2022,11,0,Friday,18534.900390625,18445.099609375,89.80078125,15.69921875,6.451171875,67.650390625,UP
18430.55078125,18614.25,18365.599609375,18562.75,18562.75,206500,2022,11,0,Monday,18614.25,18365.599609375,248.650390625,-132.19921875,183.69921875,197.150390625,DOWN
18552.44921875,18678.099609375,18552.150390625,18618.05078125,18618.05078125,195300,2022,11,0,Tuesday,18678.099609375,18552.150390625,125.94921875,-65.6015625,125.650390625,65.900390625,DOWN
18625.69921875,18816.05078125,18616.55078125,18758.349609375,18758.349609375,345600,2022,11,0,Wednesday,18816.05078125,18616.55078125,199.5,-132.650390625,190.3515625,141.798828125,DOWN
18871.94921875,18887.599609375,18778.19921875,18812.5,18812.5,325000,2022,12,0,Thursday,18887.599609375,18778.19921875,109.400390625,59.44921875,15.650390625,34.30078125,UP
18752.400390625,18781.94921875,18639.19921875,18696.099609375,18696.099609375,254400,2022,12,0,Friday,18781.94921875,18639.19921875,142.75,56.30078125,29.548828125,56.900390625,UP
18719.55078125,18728.599609375,18591.349609375,18701.05078125,18701.05078125,288400,2022,12,0,Monday,18728.599609375,18591.349609375,137.25,18.5,9.048828125,109.701171875,UP
18600.650390625,18654.900390625,18577.900390625,18642.75,18642.75,217800,2022,12,0,Tuesday,18654.900390625,18577.900390625,77.0,-42.099609375,54.25,64.849609375,DOWN
18638.849609375,18668.30078125,18528.400390625,18560.5,18560.5,200500,2022,12,0,Wednesday,18668.30078125,18528.400390625,139.900390625,78.349609375,29.451171875,32.099609375,UP
18570.849609375,18625.0,18536.94921875,18609.349609375,18609.349609375,202800,2022,12,0,Thursday,18625.0,18536.94921875,88.05078125,-38.5,54.150390625,72.400390625,DOWN
18662.400390625,18664.69921875,18410.099609375,18496.599609375,18496.599609375,215800,2022,12,0,Friday,18664.69921875,18410.099609375,254.599609375,165.80078125,2.298828125,86.5,UP
18402.150390625,18521.55078125,18345.69921875,18497.150390625,18497.150390625,193900,2022,12,0,Monday,18521.55078125,18345.69921875,175.8515625,-95.0,119.400390625,151.451171875,DOWN
18524.400390625,18617.25,18490.19921875,18608.0,18608.0,187600,2022,12,0,Tuesday,18617.25,18490.19921875,127.05078125,-83.599609375,92.849609375,117.80078125,DOWN
18671.25,18696.099609375,18632.900390625,18660.30078125,18660.30078125,208000,2022,12,0,Wednesday,18696.099609375,18632.900390625,63.19921875,10.94921875,24.849609375,27.400390625,UP
18614.400390625,18652.900390625,18387.69921875,18414.900390625,18414.900390625,183100,2022,12,0,Thursday,18652.900390625,18387.69921875,265.201171875,199.5,38.5,27.201171875,UP
18319.099609375,18440.94921875,18255.150390625,18269.0,18269.0,277700,2022,12,0,Friday,18440.94921875,18255.150390625,185.798828125,50.099609375,121.849609375,13.849609375,UP
18288.099609375,18431.650390625,18244.55078125,18420.44921875,18420.44921875,154800,2022,12,0,Monday,18431.650390625,18244.55078125,187.099609375,-132.349609375,143.55078125,175.8984375,DOWN
18340.30078125,18404.900390625,18202.650390625,18385.30078125,18385.30078125,169000,2022,12,0,Tuesday,18404.900390625,18202.650390625,202.25,-45.0,64.599609375,182.650390625,DOWN
18435.150390625,18473.349609375,18162.75,18199.099609375,18199.099609375,187600,2022,12,0,Wednesday,18473.349609375,18162.75,310.599609375,236.05078125,38.19921875,36.349609375,UP
18288.80078125,18318.75,18068.599609375,18127.349609375,18127.349609375,195700,2022,12,0,Thursday,18318.75,18068.599609375,250.150390625,161.451171875,29.94921875,58.75,UP
17977.650390625,18050.44921875,17779.5,17806.80078125,17806.80078125,221500,2022,12,0,Friday,18050.44921875,17779.5,270.94921875,170.849609375,72.798828125,27.30078125,UP
17830.400390625,18084.099609375,17774.25,18014.599609375,18014.599609375,176700,2022,12,0,Monday,18084.099609375,17774.25,309.849609375,-184.19921875,253.69921875,240.349609375,DOWN
18089.80078125,18149.25,17967.44921875,18132.30078125,18132.30078125,214300,2022,12,0,Tuesday,18149.25,17967.44921875,181.80078125,-42.5,59.44921875,164.8515625,DOWN
18084.75,18173.099609375,18068.349609375,18122.5,18122.5,193900,2022,12,0,Wednesday,18173.099609375,18068.349609375,104.75,-37.75,88.349609375,54.150390625,DOWN
18045.69921875,18229.69921875,17992.80078125,18191.0,18191.0,281100,2022,12,0,Thursday,18229.69921875,17992.80078125,236.8984375,-145.30078125,184.0,198.19921875,DOWN
18259.099609375,18265.25,18080.30078125,18105.30078125,18105.30078125,192000,2022,12,0,Friday,18265.25,18080.30078125,184.94921875,153.798828125,6.150390625,25.0,UP
18131.69921875,18215.150390625,18086.5,18197.44921875,18197.44921875,256100,2023,1,0,Monday,18215.150390625,18086.5,128.650390625,-65.75,83.451171875,110.94921875,DOWN
18163.19921875,18251.94921875,18149.80078125,18232.55078125,18232.55078125,208700,2023,1,0,Tuesday,18251.94921875,18149.80078125,102.1484375,-69.3515625,88.75,82.75,DOWN
18230.650390625,18243.0,18020.599609375,18042.94921875,18042.94921875,235200,2023,1,0,Wednesday,18243.0,18020.599609375,222.400390625,187.701171875,12.349609375,22.349609375,UP
18101.94921875,18120.30078125,17892.599609375,17992.150390625,17992.150390625,269900,2023,1,0,Thursday,18120.30078125,17892.599609375,227.701171875,109.798828125,18.3515625,99.55078125,UP
18008.05078125,18047.400390625,17795.55078125,17859.44921875,17859.44921875,238200,2023,1,0,Friday,18047.400390625,17795.55078125,251.849609375,148.6015625,39.349609375,63.8984375,UP
17952.55078125,18141.400390625,17936.150390625,18101.19921875,18101.19921875,257200,2023,1,0,Monday,18141.400390625,17936.150390625,205.25,-148.6484375,188.849609375,165.048828125,DOWN
18121.30078125,18127.599609375,17856.0,17914.150390625,17914.150390625,283300,2023,1,0,Tuesday,18127.599609375,17856.0,271.599609375,207.150390625,6.298828125,58.150390625,UP
17924.25,17976.349609375,17824.349609375,17895.69921875,17895.69921875,259900,2023,1,0,Wednesday,17976.349609375,17824.349609375,152.0,28.55078125,52.099609375,71.349609375,UP
17920.849609375,17945.80078125,17761.650390625,17858.19921875,17858.19921875,227800,2023,1,0,Thursday,17945.80078125,17761.650390625,184.150390625,62.650390625,24.951171875,96.548828125,UP
17867.5,17999.349609375,17774.25,17956.599609375,17956.599609375,256700,2023,1,0,Friday,17999.349609375,17774.25,225.099609375,-89.099609375,131.849609375,182.349609375,DOWN
18033.150390625,18049.650390625,17853.650390625,17894.849609375,17894.849609375,206200,2023,1,0,Monday,18049.650390625,17853.650390625,196.0,138.30078125,16.5,41.19921875,UP
17922.80078125,18072.05078125,17886.94921875,18053.30078125,18053.30078125,219100,2023,1,0,Tuesday,18072.05078125,17886.94921875,185.1015625,-130.5,149.25,166.3515625,DOWN
18074.30078125,18183.75,18032.44921875,18165.349609375,18165.349609375,255800,2023,1,0,Wednesday,18183.75,18032.44921875,151.30078125,-91.048828125,109.44921875,132.900390625,DOWN
18119.80078125,18155.19921875,18063.75,18107.849609375,18107.849609375,237800,2023,1,0,Thursday,18155.19921875,18063.75,91.44921875,11.951171875,35.3984375,44.099609375,UP
18115.599609375,18145.44921875,18016.19921875,18027.650390625,18027.650390625,237200,2023,1,0,Friday,18145.44921875,18016.19921875,129.25,87.94921875,29.849609375,11.451171875,UP
18118.44921875,18162.599609375,18063.44921875,18118.55078125,18118.55078125,202500,2023,1,0,Monday,18162.599609375,18063.44921875,99.150390625,-0.1015625,44.150390625,55.1015625,DOWN
18183.94921875,18201.25,18078.650390625,18118.30078125,18118.30078125,216900,2023,1,0,Tuesday,18201.25,18078.650390625,122.599609375,65.6484375,17.30078125,39.650390625,UP
18093.349609375,18100.599609375,17846.150390625,17891.94921875,17891.94921875,257200,2023,1,0,Wednesday,18100.599609375,17846.150390625,254.44921875,201.400390625,7.25,45.798828125,UP
17877.19921875,17884.75,17493.55078125,17604.349609375,17604.349609375,476300,2023,1,0,Friday,17884.75,17493.55078125,391.19921875,272.849609375,7.55078125,110.798828125,UP
17541.94921875,17709.150390625,17405.55078125,17648.94921875,17648.94921875,432400,2023,1,0,Monday,17709.150390625,17405.55078125,303.599609375,-107.0,167.201171875,243.3984375,DOWN
17731.44921875,17735.69921875,17537.55078125,17662.150390625,17662.150390625,398300,2023,1,0,Tuesday,17735.69921875,17537.55078125,198.1484375,69.298828125,4.25,124.599609375,UP
17811.599609375,17972.19921875,17353.400390625,17616.30078125,17616.30078125,512900,2023,2,0,Wednesday,17972.19921875,17353.400390625,618.798828125,195.298828125,160.599609375,262.900390625,UP
17517.099609375,17653.900390625,17445.94921875,17610.400390625,17610.400390625,490100,2023,2,0,Thursday,17653.900390625,17445.94921875,207.951171875,-93.30078125,136.80078125,164.451171875,DOWN
17721.75,17870.30078125,17584.19921875,17854.05078125,17854.05078125,424100,2023,2,0,Friday,17870.30078125,17584.19921875,286.1015625,-132.30078125,148.55078125,269.8515625,DOWN
17818.55078125,17823.69921875,17698.349609375,17764.599609375,17764.599609375,282500,2023,2,0,Monday,17823.69921875,17698.349609375,125.349609375,53.951171875,5.1484375,66.25,UP
17790.099609375,17811.150390625,17652.55078125,17721.5,17721.5,354400,2023,2,0,Tuesday,17811.150390625,17652.55078125,158.599609375,68.599609375,21.05078125,68.94921875,UP
17750.30078125,17898.69921875,17744.150390625,17871.69921875,17871.69921875,291000,2023,2,0,Wednesday,17898.69921875,17744.150390625,154.548828125,-121.3984375,148.3984375,127.548828125,DOWN
17885.5,17916.900390625,17779.80078125,17893.44921875,17893.44921875,260900,2023,2,0,Thursday,17916.900390625,17779.80078125,137.099609375,-7.94921875,31.400390625,113.6484375,DOWN
17847.55078125,17876.94921875,17801.0,17856.5,17856.5,232000,2023,2,0,Friday,17876.94921875,17801.0,75.94921875,-8.94921875,29.3984375,55.5,DOWN
17859.099609375,17880.69921875,17719.75,17770.900390625,17770.900390625,231300,2023,2,0,Monday,17880.69921875,17719.75,160.94921875,88.19921875,21.599609375,51.150390625,UP
17840.349609375,17954.55078125,17800.05078125,17929.849609375,17929.849609375,244500,2023,2,0,Tuesday,17954.55078125,17800.05078125,154.5,-89.5,114.201171875,129.798828125,DOWN
17896.599609375,18034.099609375,17853.80078125,18015.849609375,18015.849609375,229300,2023,2,0,Wednesday,18034.099609375,17853.80078125,180.298828125,-119.25,137.5,162.048828125,DOWN
18094.75,18134.75,18000.650390625,18035.849609375,18035.849609375,230200,2023,2,0,Thursday,18134.75,18000.650390625,134.099609375,58.900390625,40.0,35.19921875,UP
17974.849609375,18034.25,17884.599609375,17944.19921875,17944.19921875,208100,2023,2,0,Friday,18034.25,17884.599609375,149.650390625,30.650390625,59.400390625,59.599609375,UP
17965.55078125,18004.349609375,17818.400390625,17844.599609375,17844.599609375,174600,2023,2,0,Monday,18004.349609375,17818.400390625,185.94921875,120.951171875,38.798828125,26.19921875,UP
17905.80078125,17924.900390625,17800.30078125,17826.69921875,17826.69921875,198200,2023,2,0,Tuesday,17924.900390625,17800.30078125,124.599609375,79.1015625,19.099609375,26.3984375,UP
17755.349609375,17772.5,17529.44921875,17554.30078125,17554.30078125,204000,2023,2,0,Wednesday,17772.5,17529.44921875,243.05078125,201.048828125,17.150390625,24.8515625,UP
17574.650390625,17620.05078125,17455.400390625,17511.25,17511.25,240800,2023,2,0,Thursday,17620.05078125,17455.400390625,164.650390625,63.400390625,45.400390625,55.849609375,UP
17591.349609375,17599.75,17421.80078125,17465.80078125,17465.80078125,209400,2023,2,0,Friday,17599.75,17421.80078125,177.94921875,125.548828125,8.400390625,44.0,UP
17428.599609375,17451.599609375,17299.0,17392.69921875,17392.69921875,246400,2023,2,0,Monday,17451.599609375,17299.0,152.599609375,35.900390625,23.0,93.69921875,UP
17383.25,17440.44921875,17255.19921875,17303.94921875,17303.94921875,420900,2023,2,0,Tuesday,17440.44921875,17255.19921875,185.25,79.30078125,57.19921875,48.75,UP
17360.099609375,17467.75,17345.25,17450.900390625,17450.900390625,272900,2023,3,0,Wednesday,17467.75,17345.25,122.5,-90.80078125,107.650390625,105.650390625,DOWN
17421.5,17445.80078125,17306.0,17321.900390625,17321.900390625,310700,2023,3,0,Thursday,17445.80078125,17306.0,139.80078125,99.599609375,24.30078125,15.900390625,UP
17451.25,17644.75,17427.69921875,17594.349609375,17594.349609375,356200,2023,3,0,Friday,17644.75,17427.69921875,217.05078125,-143.099609375,193.5,166.650390625,DOWN
17680.349609375,17799.94921875,17671.94921875,17711.44921875,17711.44921875,362800,2023,3,0,Monday,17799.94921875,17671.94921875,128.0,-31.099609375,119.599609375,39.5,DOWN
17665.75,17766.5,17602.25,17754.400390625,17754.400390625,267000,2023,3,0,Wednesday,17766.5,17602.25,164.25,-88.650390625,100.75,152.150390625,DOWN
17772.05078125,17772.349609375,17573.599609375,17589.599609375,17589.599609375,262400,2023,3,0,Thursday,17772.349609375,17573.599609375,198.75,182.451171875,0.298828125,16.0,UP
17443.80078125,17451.5,17324.349609375,17412.900390625,17412.900390625,235900,2023,3,0,Friday,17451.5,17324.349609375,127.150390625,30.900390625,7.69921875,88.55078125,UP
17421.900390625,17529.900390625,17113.44921875,17154.30078125,17154.30078125,254900,2023,3,0,Monday,17529.900390625,17113.44921875,416.451171875,267.599609375,108.0,40.8515625,UP
17160.55078125,17224.650390625,16987.099609375,17043.30078125,17043.30078125,290600,2023,3,0,Tuesday,17224.650390625,16987.099609375,237.55078125,117.25,64.099609375,56.201171875,UP
17166.44921875,17211.349609375,16938.900390625,16972.150390625,16972.150390625,248200,2023,3,0,Wednesday,17211.349609375,16938.900390625,272.44921875,194.298828125,44.900390625,33.25,UP
16994.650390625,17062.44921875,16850.150390625,16985.599609375,16985.599609375,349800,2023,3,0,Thursday,17062.44921875,16850.150390625,212.298828125,9.05078125,67.798828125,135.44921875,UP
17111.80078125,17145.80078125,16958.150390625,17100.05078125,17100.05078125,408100,2023,3,0,Friday,17145.80078125,16958.150390625,187.650390625,11.75,34.0,141.900390625,UP
17066.599609375,17066.599609375,16828.349609375,16988.400390625,16988.400390625,241800,2023,3,0,Monday,17066.599609375,16828.349609375,238.25,78.19921875,0.0,160.05078125,UP
17060.400390625,17127.69921875,17016.0,17107.5,17107.5,246700,2023,3,0,Tuesday,17127.69921875,17016.0,111.69921875,-47.099609375,67.298828125,91.5,DOWN
17177.44921875,17207.25,17107.849609375,17151.900390625,17151.900390625,0,2023,3,0,Wednesday,17207.25,17107.849609375,99.400390625,25.548828125,29.80078125,44.05078125,UP
17097.400390625,17205.400390625,17045.30078125,17076.900390625,17076.900390625,219200,2023,3,0,Thursday,17205.400390625,17045.30078125,160.099609375,20.5,108.0,31.599609375,UP
17076.19921875,17109.44921875,16917.349609375,16945.05078125,16945.05078125,228000,2023,3,0,Friday,17109.44921875,16917.349609375,192.099609375,131.1484375,33.25,27.701171875,UP
16984.30078125,17091.0,16918.55078125,16985.69921875,16985.69921875,218400,2023,3,0,Monday,17091.0,16918.55078125,172.44921875,-1.3984375,106.69921875,67.1484375,DOWN
17031.75,17061.75,16913.75,16951.69921875,16951.69921875,238800,2023,3,0,Tuesday,17061.75,16913.75,148.0,80.05078125,30.0,37.94921875,UP
16977.30078125,17126.150390625,16940.599609375,17080.69921875,17080.69921875,345900,2023,3,0,Wednesday,17126.150390625,16940.599609375,185.55078125,-103.3984375,148.849609375,140.099609375,DOWN
17210.349609375,17381.599609375,17204.650390625,17359.75,17359.75,263900,2023,3,0,Friday,17381.599609375,17204.650390625,176.94921875,-149.400390625,171.25,155.099609375,DOWN
17427.94921875,17428.05078125,17312.75,17398.05078125,17398.05078125,230200,2023,4,0,Monday,17428.05078125,17312.75,115.30078125,29.8984375,0.1015625,85.30078125,UP
17422.30078125,17570.55078125,17402.69921875,17557.05078125,17557.05078125,248300,2023,4,0,Wednesday,17570.55078125,17402.69921875,167.8515625,-134.75,148.25,154.3515625,DOWN
17533.849609375,17638.69921875,17502.849609375,17599.150390625,17599.150390625,242700,2023,4,0,Thursday,17638.69921875,17502.849609375,135.849609375,-65.30078125,104.849609375,96.30078125,DOWN
17634.900390625,17694.099609375,17597.94921875,17624.05078125,17624.05078125,254800,2023,4,0,Monday,17694.099609375,17597.94921875,96.150390625,10.849609375,59.19921875,26.1015625,UP
17704.80078125,17748.75,17655.150390625,17722.30078125,17722.30078125,304300,2023,4,0,Tuesday,17748.75,17655.150390625,93.599609375,-17.5,43.94921875,67.150390625,DOWN
17759.55078125,17825.75,17717.25,17812.400390625,17812.400390625,232800,2023,4,0,Wednesday,17825.75,17717.25,108.5,-52.849609375,66.19921875,95.150390625,DOWN
17807.30078125,17842.150390625,17729.650390625,17828.0,17828.0,285800,2023,4,0,Thursday,17842.150390625,17729.650390625,112.5,-20.69921875,34.849609375,98.349609375,DOWN
17863.0,17863.0,17574.05078125,17706.849609375,17706.849609375,357400,2023,4,0,Monday,17863.0,17574.05078125,288.94921875,156.150390625,0.0,132.798828125,UP
17766.599609375,17766.599609375,17610.19921875,17660.150390625,17660.150390625,258900,2023,4,0,Tuesday,17766.599609375,17610.19921875,156.400390625,106.44921875,0.0,49.951171875,UP
17653.349609375,17666.150390625,17579.849609375,17618.75,17618.75,281500,2023,4,0,Wednesday,17666.150390625,17579.849609375,86.30078125,34.599609375,12.80078125,38.900390625,UP
17638.599609375,17684.44921875,17584.349609375,17624.44921875,17624.44921875,215100,2023,4,0,Thursday,17684.44921875,17584.349609375,100.099609375,14.150390625,45.849609375,40.099609375,UP
17639.75,17663.19921875,17553.94921875,17624.05078125,17624.05078125,230200,2023,4,0,Friday,17663.19921875,17553.94921875,109.25,15.69921875,23.44921875,70.1015625,UP
17707.55078125,17754.5,17612.5,17743.400390625,17743.400390625,255700,2023,4,0,Monday,17754.5,17612.5,142.0,-35.849609375,46.94921875,130.900390625,DOWN
17761.55078125,17807.44921875,17716.849609375,17769.25,17769.25,297400,2023,4,0,Tuesday,17807.44921875,17716.849609375,90.599609375,-7.69921875,45.8984375,52.400390625,DOWN
17767.30078125,17827.75,17711.19921875,17813.599609375,17813.599609375,233000,2023,4,0,Wednesday,17827.75,17711.19921875,116.55078125,-46.298828125,60.44921875,102.400390625,DOWN
17813.099609375,17931.599609375,17797.900390625,17915.05078125,17915.05078125,241400,2023,4,0,Thursday,17931.599609375,17797.900390625,133.69921875,-101.951171875,118.5,117.150390625,DOWN
17950.400390625,18089.150390625,17885.30078125,18065.0,18065.0,290300,2023,4,0,Friday,18089.150390625,17885.30078125,203.849609375,-114.599609375,138.75,179.69921875,DOWN
18124.80078125,18180.25,18101.75,18147.650390625,18147.650390625,265200,2023,5,0,Tuesday,18180.25,18101.75,78.5,-22.849609375,55.44921875,45.900390625,DOWN
18113.80078125,18116.349609375,18042.400390625,18089.849609375,18089.849609375,226200,2023,5,0,Wednesday,18116.349609375,18042.400390625,73.94921875,23.951171875,2.548828125,47.44921875,UP
18081.0,18267.44921875,18066.69921875,18255.80078125,18255.80078125,226600,2023,5,0,Thursday,18267.44921875,18066.69921875,200.75,-174.80078125,186.44921875,189.1015625,DOWN
18117.30078125,18216.94921875,18055.44921875,18069.0,18069.0,239700,2023,5,0,Friday,18216.94921875,18055.44921875,161.5,48.30078125,99.6484375,13.55078125,UP
18120.599609375,18286.94921875,18100.30078125,18264.400390625,18264.400390625,228400,2023,5,0,Monday,18286.94921875,18100.30078125,186.6484375,-143.80078125,166.349609375,164.099609375,DOWN
18303.400390625,18344.19921875,18229.650390625,18265.94921875,18265.94921875,245400,2023,5,0,Tuesday,18344.19921875,18229.650390625,114.548828125,37.451171875,40.798828125,36.298828125,UP
18313.599609375,18326.75,18211.94921875,18315.099609375,18315.099609375,220500,2023,5,0,Wednesday,18326.75,18211.94921875,114.80078125,-1.5,13.150390625,103.150390625,DOWN
18357.80078125,18389.69921875,18270.400390625,18297.0,18297.0,248900,2023,5,0,Thursday,18389.69921875,18270.400390625,119.298828125,60.80078125,31.8984375,26.599609375,UP
18273.75,18342.75,18194.55078125,18314.80078125,18314.80078125,241700,2023,5,0,Friday,18342.75,18194.55078125,148.19921875,-41.05078125,69.0,120.25,DOWN
18339.30078125,18458.900390625,18287.900390625,18398.849609375,18398.849609375,216100,2023,5,0,Monday,18458.900390625,18287.900390625,171.0,-59.548828125,119.599609375,110.94921875,DOWN
18432.349609375,18432.349609375,18264.349609375,18286.5,18286.5,219500,2023,5,0,Tuesday,18432.349609375,18264.349609375,168.0,145.849609375,0.0,22.150390625,UP
18300.44921875,18309.0,18115.349609375,18181.75,18181.75,229900,2023,5,0,Wednesday,18309.0,18115.349609375,193.650390625,118.69921875,8.55078125,66.400390625,UP
18287.5,18297.19921875,18104.849609375,18129.94921875,18129.94921875,272100,2023,5,0,Thursday,18297.19921875,18104.849609375,192.349609375,157.55078125,9.69921875,25.099609375,UP
18186.150390625,18218.099609375,18060.400390625,18203.400390625,18203.400390625,260900,2023,5,0,Friday,18218.099609375,18060.400390625,157.69921875,-17.25,31.94921875,143.0,DOWN
18201.099609375,18335.25,18178.849609375,18314.400390625,18314.400390625,262600,2023,5,0,Monday,18335.25,18178.849609375,156.400390625,-113.30078125,134.150390625,135.55078125,DOWN
18362.900390625,18419.75,18324.19921875,18348.0,18348.0,270400,2023,5,0,Tuesday,18419.75,18324.19921875,95.55078125,14.900390625,56.849609375,23.80078125,UP
18294.80078125,18392.599609375,18262.94921875,18285.400390625,18285.400390625,232600,2023,5,0,Wednesday,18392.599609375,18262.94921875,129.650390625,9.400390625,97.798828125,22.451171875,UP
18268.900390625,18338.099609375,18202.400390625,18321.150390625,18321.150390625,235900,2023,5,0,Thursday,18338.099609375,18202.400390625,135.69921875,-52.25,69.19921875,118.75,DOWN
18368.349609375,18508.55078125,18333.150390625,18499.349609375,18499.349609375,198700,2023,5,0,Friday,18508.55078125,18333.150390625,175.400390625,-131.0,140.201171875,166.19921875,DOWN
18619.150390625,18641.19921875,18581.25,18598.650390625,18598.650390625,265300,2023,5,0,Monday,18641.19921875,18581.25,59.94921875,20.5,22.048828125,17.400390625,UP
18606.650390625,18662.44921875,18575.5,18633.849609375,18633.849609375,234400,2023,5,0,Tuesday,18662.44921875,18575.5,86.94921875,-27.19921875,55.798828125,58.349609375,DOWN
18594.19921875,18603.900390625,18483.849609375,18534.400390625,18534.400390625,696500,2023,5,0,Wednesday,18603.900390625,18483.849609375,120.05078125,59.798828125,9.701171875,50.55078125,UP
18579.400390625,18580.30078125,18464.55078125,18487.75,18487.75,265600,2023,6,0,Thursday,18580.30078125,18464.55078125,115.75,91.650390625,0.900390625,23.19921875,UP
18550.849609375,18573.69921875,18478.400390625,18534.099609375,18534.099609375,270900,2023,6,0,Friday,18573.69921875,18478.400390625,95.298828125,16.75,22.849609375,55.69921875,UP
18612.0,18640.150390625,18582.80078125,18593.849609375,18593.849609375,256100,2023,6,0,Monday,18640.150390625,18582.80078125,57.349609375,18.150390625,28.150390625,11.048828125,UP
18600.80078125,18622.75,18531.599609375,18599.0,18599.0,220800,2023,6,0,Tuesday,18622.75,18531.599609375,91.150390625,1.80078125,21.94921875,67.400390625,UP
18665.599609375,18738.94921875,18636.0,18726.400390625,18726.400390625,260100,2023,6,0,Wednesday,18738.94921875,18636.0,102.94921875,-60.80078125,73.349609375,90.400390625,DOWN
18725.349609375,18777.900390625,18615.599609375,18634.55078125,18634.55078125,286500,2023,6,0,Thursday,18777.900390625,18615.599609375,162.30078125,90.798828125,52.55078125,18.951171875,UP
18655.900390625,18676.650390625,18555.400390625,18563.400390625,18563.400390625,221800,2023,6,0,Friday,18676.650390625,18555.400390625,121.25,92.5,20.75,8.0,UP
18595.05078125,18633.599609375,18559.75,18601.5,18601.5,179500,2023,6,0,Monday,18633.599609375,18559.75,73.849609375,-6.44921875,38.548828125,41.75,DOWN
18631.80078125,18728.900390625,18631.80078125,18716.150390625,18716.150390625,233200,2023,6,0,Tuesday,18728.900390625,18631.80078125,97.099609375,-84.349609375,97.099609375,84.349609375,DOWN
18744.599609375,18769.69921875,18690.0,18755.900390625,18755.900390625,261400,2023,6,0,Wednesday,18769.69921875,18690.0,79.69921875,-11.30078125,25.099609375,65.900390625,DOWN
18774.44921875,18794.099609375,18669.05078125,18688.099609375,18688.099609375,263000,2023,6,0,Thursday,18794.099609375,18669.05078125,125.048828125,86.349609375,19.650390625,19.048828125,UP
18723.30078125,18864.69921875,18710.5,18826.0,18826.0,272800,2023,6,0,Friday,18864.69921875,18710.5,154.19921875,-102.69921875,141.3984375,115.5,DOWN
18873.30078125,18881.44921875,18719.150390625,18755.44921875,18755.44921875,219800,2023,6,0,Monday,18881.44921875,18719.150390625,162.298828125,117.8515625,8.1484375,36.298828125,UP
18752.349609375,18839.69921875,18660.650390625,18816.69921875,18816.69921875,211600,2023,6,0,Tuesday,18839.69921875,18660.650390625,179.048828125,-64.349609375,87.349609375,156.048828125,DOWN
18849.400390625,18875.900390625,18794.849609375,18856.849609375,18856.849609375,217500,2023,6,0,Wednesday,18875.900390625,18794.849609375,81.05078125,-7.44921875,26.5,62.0,DOWN
18853.599609375,18886.599609375,18759.5,18771.25,18771.25,252700,2023,6,0,Thursday,18886.599609375,18759.5,127.099609375,82.349609375,33.0,11.75,UP
18741.849609375,18756.400390625,18647.099609375,18665.5,18665.5,210600,2023,6,0,Friday,18756.400390625,18647.099609375,109.30078125,76.349609375,14.55078125,18.400390625,UP
18682.349609375,18722.05078125,18646.69921875,18691.19921875,18691.19921875,171300,2023,6,0,Monday,18722.05078125,18646.69921875,75.3515625,-8.849609375,39.701171875,44.5,DOWN
18748.55078125,18829.25,18714.25,18817.400390625,18817.400390625,222500,2023,6,0,Tuesday,18829.25,18714.25,115.0,-68.849609375,80.69921875,103.150390625,DOWN
18908.150390625,19011.25,18861.349609375,18972.099609375,18972.099609375,398800,2023,6,0,Wednesday,19011.25,18861.349609375,149.900390625,-63.94921875,103.099609375,110.75,DOWN
19076.849609375,19201.69921875,19024.599609375,19189.05078125,19189.05078125,247900,2023,6,0,Friday,19201.69921875,19024.599609375,177.099609375,-112.201171875,124.849609375,164.451171875,DOWN
19246.5,19345.099609375,19234.400390625,19322.55078125,19322.55078125,226100,2023,7,0,Monday,19345.099609375,19234.400390625,110.69921875,-76.05078125,98.599609375,88.150390625,DOWN
19406.599609375,19434.150390625,19300.0,19389.0,19389.0,226900,2023,7,0,Tuesday,19434.150390625,19300.0,134.150390625,17.599609375,27.55078125,89.0,UP
19405.94921875,19421.599609375,19339.599609375,19398.5,19398.5,224400,2023,7,0,Wednesday,19421.599609375,19339.599609375,82.0,7.44921875,15.650390625,58.900390625,UP
19385.69921875,19512.19921875,19373.0,19497.30078125,19497.30078125,268300,2023,7,0,Thursday,19512.19921875,19373.0,139.19921875,-111.6015625,126.5,124.30078125,DOWN
19422.80078125,19523.599609375,19303.599609375,19331.80078125,19331.80078125,237100,2023,7,0,Friday,19523.599609375,19303.599609375,220.0,91.0,100.798828125,28.201171875,UP
19400.349609375,19435.849609375,19327.099609375,19355.900390625,19355.900390625,268200,2023,7,0,Monday,19435.849609375,19327.099609375,108.75,44.44921875,35.5,28.80078125,UP
19427.099609375,19515.099609375,19406.44921875,19439.400390625,19439.400390625,251300,2023,7,0,Tuesday,19515.099609375,19406.44921875,108.650390625,-12.30078125,88.0,32.951171875,DOWN
19497.44921875,19507.69921875,19361.75,19384.30078125,19384.30078125,327900,2023,7,0,Wednesday,19507.69921875,19361.75,145.94921875,113.1484375,10.25,22.55078125,UP
19495.19921875,19567.0,19385.80078125,19413.75,19413.75,310400,2023,7,0,Thursday,19567.0,19385.80078125,181.19921875,81.44921875,71.80078125,27.94921875,UP
19493.44921875,19595.349609375,19433.5,19564.5,19564.5,291200,2023,7,0,Friday,19595.349609375,19433.5,161.849609375,-71.05078125,101.900390625,131.0,DOWN
19612.150390625,19731.849609375,19562.94921875,19711.44921875,19711.44921875,268700,2023,7,0,Monday,19731.849609375,19562.94921875,168.900390625,-99.298828125,119.69921875,148.5,DOWN
19787.5,19819.44921875,19690.19921875,19749.25,19749.25,286400,2023,7,0,Tuesday,19819.44921875,19690.19921875,129.25,38.25,31.94921875,59.05078125,UP
19802.94921875,19851.69921875,19727.44921875,19833.150390625,19833.150390625,259700,2023,7,0,Wednesday,19851.69921875,19727.44921875,124.25,-30.201171875,48.75,105.701171875,DOWN
19831.69921875,19991.849609375,19758.400390625,19979.150390625,19979.150390625,274700,2023,7,0,Thursday,19991.849609375,19758.400390625,233.44921875,-147.451171875,160.150390625,220.75,DOWN
19800.44921875,19887.400390625,19700.0,19745.0,19745.0,312500,2023,7,0,Friday,19887.400390625,19700.0,187.400390625,55.44921875,86.951171875,45.0,UP
19748.44921875,19782.75,19658.30078125,19672.349609375,19672.349609375,265600,2023,7,0,Monday,19782.75,19658.30078125,124.44921875,76.099609375,34.30078125,14.048828125,UP
19729.349609375,19729.349609375,19615.94921875,19680.599609375,19680.599609375,369700,2023,7,0,Tuesday,19729.349609375,19615.94921875,113.400390625,48.75,0.0,64.650390625,UP
19733.349609375,19825.599609375,19716.69921875,19778.30078125,19778.30078125,244700,2023,7,0,Wednesday,19825.599609375,19716.69921875,108.900390625,-44.951171875,92.25,61.6015625,DOWN
19850.900390625,19867.55078125,19603.55078125,19659.900390625,19659.900390625,334900,2023,7,0,Thursday,19867.55078125,19603.55078125,264.0,191.0,16.650390625,56.349609375,UP
19659.75,19695.900390625,19563.099609375,19646.05078125,19646.05078125,258700,2023,7,0,Friday,19695.900390625,19563.099609375,132.80078125,13.69921875,36.150390625,82.951171875,UP
19666.349609375,19772.75,19597.599609375,19753.80078125,19753.80078125,295100,2023,7,0,Monday,19772.75,19597.599609375,175.150390625,-87.451171875,106.400390625,156.201171875,DOWN
19784.0,19795.599609375,19704.599609375,19733.55078125,19733.55078125,298000,2023,8,0,Tuesday,19795.599609375,19704.599609375,91.0,50.44921875,11.599609375,28.951171875,UP
19655.400390625,19678.25,19423.55078125,19526.55078125,19526.55078125,290700,2023,8,0,Wednesday,19678.25,19423.55078125,254.69921875,128.849609375,22.849609375,103.0,UP
19463.75,19537.650390625,19296.44921875,19381.650390625,19381.650390625,315700,2023,8,0,Thursday,19537.650390625,19296.44921875,241.201171875,82.099609375,73.900390625,85.201171875,UP
19462.80078125,19538.849609375,19436.44921875,19517.0,19517.0,280800,2023,8,0,Friday,19538.849609375,19436.44921875,102.400390625,-54.19921875,76.048828125,80.55078125,DOWN
19576.849609375,19620.44921875,19524.80078125,19597.30078125,19597.30078125,216600,2023,8,0,Monday,19620.44921875,19524.80078125,95.6484375,-20.451171875,43.599609375,72.5,DOWN
19627.19921875,19634.400390625,19533.099609375,19570.849609375,19570.849609375,260300,2023,8,0,Tuesday,19634.400390625,19533.099609375,101.30078125,56.349609375,7.201171875,37.75,UP
19578.80078125,19645.5,19467.5,19632.55078125,19632.55078125,266500,2023,8,0,Wednesday,19645.5,19467.5,178.0,-53.75,66.69921875,165.05078125,DOWN
19605.55078125,19623.599609375,19495.400390625,19543.099609375,19543.099609375,312200,2023,8,0,Thursday,19623.599609375,19495.400390625,128.19921875,62.451171875,18.048828125,47.69921875,UP
19554.25,19557.75,19412.75,19428.30078125,19428.30078125,235500,2023,8,0,Friday,19557.75,19412.75,145.0,125.94921875,3.5,15.55078125,UP
19383.94921875,19465.849609375,19257.900390625,19434.55078125,19434.55078125,243900,2023,8,0,Monday,19465.849609375,19257.900390625,207.94921875,-50.6015625,81.900390625,176.650390625,DOWN
19369.0,19482.75,19317.19921875,19465.0,19465.0,0,2023,8,0,Wednesday,19482.75,19317.19921875,165.55078125,-96.0,113.75,147.80078125,DOWN
19450.55078125,19461.55078125,19326.25,19365.25,19365.25,268700,2023,8,0,Thursday,19461.55078125,19326.25,135.30078125,85.30078125,11.0,39.0,UP
19301.75,19373.80078125,19253.599609375,19310.150390625,19310.150390625,256100,2023,8,0,Friday,19373.80078125,19253.599609375,120.201171875,-8.400390625,72.05078125,56.55078125,DOWN
19320.650390625,19425.94921875,19296.30078125,19393.599609375,19393.599609375,262600,2023,8,0,Monday,19425.94921875,19296.30078125,129.6484375,-72.94921875,105.298828125,97.298828125,DOWN
19417.099609375,19443.5,19381.30078125,19396.44921875,19396.44921875,208700,2023,8,0,Tuesday,19443.5,19381.30078125,62.19921875,20.650390625,26.400390625,15.1484375,UP
19439.19921875,19472.05078125,19366.599609375,19444.0,19444.0,225200,2023,8,0,Wednesday,19472.05078125,19366.599609375,105.451171875,-4.80078125,32.8515625,77.400390625,DOWN
19535.150390625,19584.44921875,19369.0,19386.69921875,19386.69921875,268300,2023,8,0,Thursday,19584.44921875,19369.0,215.44921875,148.451171875,49.298828125,17.69921875,UP
19297.400390625,19339.55078125,19229.69921875,19265.80078125,19265.80078125,466500,2023,8,0,Friday,19339.55078125,19229.69921875,109.8515625,31.599609375,42.150390625,36.1015625,UP
19298.349609375,19366.849609375,19249.69921875,19306.05078125,19306.05078125,248200,2023,8,0,Monday,19366.849609375,19249.69921875,117.150390625,-7.701171875,68.5,56.3515625,DOWN
19374.849609375,19377.900390625,19309.099609375,19342.650390625,19342.650390625,307400,2023,8,0,Tuesday,19377.900390625,19309.099609375,68.80078125,32.19921875,3.05078125,33.55078125,UP
19433.44921875,19452.80078125,19334.75,19347.44921875,19347.44921875,233000,2023,8,0,Wednesday,19452.80078125,19334.75,118.05078125,86.0,19.3515625,12.69921875,UP
19375.55078125,19388.19921875,19223.650390625,19253.80078125,19253.80078125,562600,2023,8,0,Thursday,19388.19921875,19223.650390625,164.548828125,121.75,12.6484375,30.150390625,UP
19258.150390625,19458.55078125,19255.69921875,19435.30078125,19435.30078125,333000,2023,9,0,Friday,19458.55078125,19255.69921875,202.8515625,-177.150390625,200.400390625,179.6015625,DOWN
19525.05078125,19545.150390625,19432.849609375,19528.80078125,19528.80078125,296800,2023,9,0,Monday,19545.150390625,19432.849609375,112.30078125,-3.75,20.099609375,95.951171875,DOWN
19564.650390625,19587.05078125,19525.75,19574.900390625,19574.900390625,256800,2023,9,0,Tuesday,19587.05078125,19525.75,61.30078125,-10.25,22.400390625,49.150390625,DOWN
19581.19921875,19636.44921875,19491.5,19611.05078125,19611.05078125,287600,2023,9,0,Wednesday,19636.44921875,19491.5,144.94921875,-29.8515625,55.25,119.55078125,DOWN
19598.650390625,19737.0,19550.05078125,19727.05078125,19727.05078125,304900,2023,9,0,Thursday,19737.0,19550.05078125,186.94921875,-128.400390625,138.349609375,177.0,DOWN
19774.80078125,19867.150390625,19727.05078125,19819.94921875,19819.94921875,288100,2023,9,0,Friday,19867.150390625,19727.05078125,140.099609375,-45.1484375,92.349609375,92.8984375,DOWN
19890.0,20008.150390625,19865.349609375,19996.349609375,19996.349609375,248800,2023,9,0,Monday,20008.150390625,19865.349609375,142.80078125,-106.349609375,118.150390625,131.0,DOWN
20110.150390625,20110.349609375,19914.650390625,19993.19921875,19993.19921875,328100,2023,9,0,Tuesday,20110.349609375,19914.650390625,195.69921875,116.951171875,0.19921875,78.548828125,UP
19989.5,20096.900390625,19944.099609375,20070.0,20070.0,251400,2023,9,0,Wednesday,20096.900390625,19944.099609375,152.80078125,-80.5,107.400390625,125.900390625,DOWN
20127.94921875,20167.650390625,20043.44921875,20103.099609375,20103.099609375,275100,2023,9,0,Thursday,20167.650390625,20043.44921875,124.201171875,24.849609375,39.701171875,59.650390625,UP
20156.44921875,20222.44921875,20129.69921875,20192.349609375,20192.349609375,438200,2023,9,0,Friday,20222.44921875,20129.69921875,92.75,-35.900390625,66.0,62.650390625,DOWN
20155.94921875,20195.349609375,20115.69921875,20133.30078125,20133.30078125,264900,2023,9,0,Monday,20195.349609375,20115.69921875,79.650390625,22.6484375,39.400390625,17.6015625,UP
19980.75,20050.650390625,19878.849609375,19901.400390625,19901.400390625,378100,2023,9,0,Wednesday,20050.650390625,19878.849609375,171.80078125,79.349609375,69.900390625,22.55078125,UP
19840.55078125,19848.75,19709.94921875,19742.349609375,19742.349609375,275100,2023,9,0,Thursday,19848.75,19709.94921875,138.80078125,98.201171875,8.19921875,32.400390625,UP
19744.849609375,19798.650390625,19657.5,19674.25,19674.25,246400,2023,9,0,Friday,19798.650390625,19657.5,141.150390625,70.599609375,53.80078125,16.75,UP
19678.19921875,19734.150390625,19601.55078125,19674.55078125,19674.55078125,188400,2023,9,0,Monday,19734.150390625,19601.55078125,132.599609375,3.6484375,55.951171875,73.0,UP
19682.80078125,19699.349609375,19637.44921875,19664.69921875,19664.69921875,204900,2023,9,0,Tuesday,19699.349609375,19637.44921875,61.900390625,18.1015625,16.548828125,27.25,UP
19637.05078125,19730.69921875,19554.0,19716.44921875,19716.44921875,203600,2023,9,0,Wednesday,19730.69921875,19554.0,176.69921875,-79.3984375,93.6484375,162.44921875,DOWN
19761.80078125,19766.650390625,19492.099609375,19523.55078125,19523.55078125,352800,2023,9,0,Thursday,19766.650390625,19492.099609375,274.55078125,238.25,4.849609375,31.451171875,UP
19581.19921875,19726.25,19551.05078125,19638.30078125,19638.30078125,243500,2023,9,0,Friday,19726.25,19551.05078125,175.19921875,-57.1015625,145.05078125,87.25,DOWN
19622.400390625,19623.19921875,19479.650390625,19528.75,19528.75,221700,2023,10,0,Tuesday,19623.19921875,19479.650390625,143.548828125,93.650390625,0.798828125,49.099609375,UP
19446.30078125,19457.80078125,19333.599609375,19436.099609375,19436.099609375,277100,2023,10,0,Wednesday,19457.80078125,19333.599609375,124.201171875,10.201171875,11.5,102.5,UP
19521.849609375,19576.94921875,19487.30078125,19545.75,19545.75,234900,2023,10,0,Thursday,19576.94921875,19487.30078125,89.6484375,-23.900390625,55.099609375,58.44921875,DOWN
19621.19921875,19675.75,19589.400390625,19653.5,19653.5,159100,2023,10,0,Friday,19675.75,19589.400390625,86.349609375,-32.30078125,54.55078125,64.099609375,DOWN
19539.44921875,19588.94921875,19480.5,19512.349609375,19512.349609375,165100,2023,10,0,Monday,19588.94921875,19480.5,108.44921875,27.099609375,49.5,31.849609375,UP
19565.599609375,19717.80078125,19565.44921875,19689.849609375,19689.849609375,216600,2023,10,0,Tuesday,19717.80078125,19565.44921875,152.3515625,-124.25,152.201171875,124.400390625,DOWN
19767.0,19839.19921875,19756.94921875,19811.349609375,19811.349609375,213700,2023,10,0,Wednesday,19839.19921875,19756.94921875,82.25,-44.349609375,72.19921875,54.400390625,DOWN
19822.69921875,19843.30078125,19772.650390625,19794.0,19794.0,217900,2023,10,0,Thursday,19843.30078125,19772.650390625,70.650390625,28.69921875,20.6015625,21.349609375,UP
19654.55078125,19805.400390625,19635.30078125,19751.05078125,19751.05078125,255000,2023,10,0,Friday,19805.400390625,19635.30078125,170.099609375,-96.5,150.849609375,115.75,DOWN
19737.25,19781.30078125,19691.849609375,19731.75,19731.75,181000,2023,10,0,Monday,19781.30078125,19691.849609375,89.451171875,5.5,44.05078125,39.900390625,UP
19843.19921875,19849.75,19775.650390625,19811.5,19811.5,185800,2023,10,0,Tuesday,19849.75,19775.650390625,74.099609375,31.69921875,6.55078125,35.849609375,UP
19820.44921875,19840.94921875,19659.94921875,19671.099609375,19671.099609375,198900,2023,10,0,Wednesday,19840.94921875,19659.94921875,181.0,149.349609375,20.5,11.150390625,UP
19545.19921875,19681.80078125,19512.349609375,19624.69921875,19624.69921875,230300,2023,10,0,Thursday,19681.80078125,19512.349609375,169.451171875,-79.5,136.6015625,112.349609375,DOWN
19542.150390625,19593.80078125,19518.69921875,19542.650390625,19542.650390625,198300,2023,10,0,Friday,19593.80078125,19518.69921875,75.1015625,-0.5,51.650390625,23.951171875,DOWN
19521.599609375,19556.849609375,19257.849609375,19281.75,19281.75,176000,2023,10,0,Monday,19556.849609375,19257.849609375,299.0,239.849609375,35.25,23.900390625,UP
19286.44921875,19347.30078125,19074.150390625,19122.150390625,19122.150390625,225300,2023,10,0,Wednesday,19347.30078125,19074.150390625,273.150390625,164.298828125,60.8515625,48.0,UP
19027.25,19041.69921875,18837.849609375,18857.25,18857.25,300400,2023,10,0,Thursday,19041.69921875,18837.849609375,203.849609375,170.0,14.44921875,19.400390625,UP
18928.75,19076.150390625,18926.650390625,19047.25,19047.25,205200,2023,10,0,Friday,19076.150390625,18926.650390625,149.5,-118.5,147.400390625,120.599609375,DOWN
19053.400390625,19158.5,18940.0,19140.900390625,19140.900390625,180100,2023,10,0,Monday,19158.5,18940.0,218.5,-87.5,105.099609375,200.900390625,DOWN
19232.94921875,19233.69921875,19056.44921875,19079.599609375,19079.599609375,206000,2023,10,0,Tuesday,19233.69921875,19056.44921875,177.25,153.349609375,0.75,23.150390625,UP
19064.05078125,19096.05078125,18973.69921875,18989.150390625,18989.150390625,194100,2023,11,0,Wednesday,19096.05078125,18973.69921875,122.3515625,74.900390625,32.0,15.451171875,UP
19120.0,19175.25,19064.150390625,19133.25,19133.25,245600,2023,11,0,Thursday,19175.25,19064.150390625,111.099609375,-13.25,55.25,69.099609375,DOWN
19241.0,19276.25,19210.900390625,19230.599609375,19230.599609375,189500,2023,11,0,Friday,19276.25,19210.900390625,65.349609375,10.400390625,35.25,19.69921875,UP
19345.849609375,19423.0,19309.69921875,19411.75,19411.75,180700,2023,11,0,Monday,19423.0,19309.69921875,113.30078125,-65.900390625,77.150390625,102.05078125,DOWN
19404.05078125,19423.5,19329.099609375,19406.69921875,19406.69921875,198700,2023,11,0,Tuesday,19423.5,19329.099609375,94.400390625,-2.6484375,19.44921875,77.599609375,DOWN
19449.599609375,19464.400390625,19401.5,19443.5,19443.5,195000,2023,11,0,Wednesday,19464.400390625,19401.5,62.900390625,6.099609375,14.80078125,42.0,UP
19457.400390625,19463.900390625,19378.349609375,19395.30078125,19395.30078125,208400,2023,11,0,Thursday,19463.900390625,19378.349609375,85.55078125,62.099609375,6.5,16.951171875,UP
19351.849609375,19451.30078125,19329.44921875,19425.349609375,19425.349609375,152200,2023,11,0,Friday,19451.30078125,19329.44921875,121.8515625,-73.5,99.451171875,95.900390625,DOWN
19486.75,19494.400390625,19414.75,19443.55078125,19443.55078125,189300,2023,11,0,Monday,19494.400390625,19414.75,79.650390625,43.19921875,7.650390625,28.80078125,UP
19651.400390625,19693.19921875,19579.650390625,19675.44921875,19675.44921875,291500,2023,11,0,Wednesday,19693.19921875,19579.650390625,113.548828125,-24.048828125,41.798828125,95.798828125,DOWN
19674.69921875,19875.25,19627.0,19765.19921875,19765.19921875,282700,2023,11,0,Thursday,19875.25,19627.0,248.25,-90.5,200.55078125,138.19921875,DOWN
19674.75,19806.0,19667.44921875,19731.80078125,19731.80078125,236800,2023,11,0,Friday,19806.0,19667.44921875,138.55078125,-57.05078125,131.25,64.3515625,DOWN
19731.150390625,19756.44921875,19670.5,19694.0,19694.0,173800,2023,11,0,Monday,19756.44921875,19670.5,85.94921875,37.150390625,25.298828125,23.5,UP
19770.900390625,19829.099609375,19754.05078125,19783.400390625,19783.400390625,195000,2023,11,0,Tuesday,19829.099609375,19754.05078125,75.048828125,-12.5,58.19921875,29.349609375,DOWN
19784.0,19825.55078125,19703.849609375,19811.849609375,19811.849609375,184500,2023,11,0,Wednesday,19825.55078125,19703.849609375,121.701171875,-27.849609375,41.55078125,108.0,DOWN
19828.44921875,19875.150390625,19786.75,19802.0,19802.0,170000,2023,11,0,Thursday,19875.150390625,19786.75,88.400390625,26.44921875,46.701171875,15.25,UP
19809.599609375,19832.849609375,19768.849609375,19794.69921875,19794.69921875,145900,2023,11,0,Friday,19832.849609375,19768.849609375,64.0,14.900390625,23.25,25.849609375,UP
19844.650390625,19916.849609375,19800.0,19889.69921875,19889.69921875,229600,2023,11,0,Tuesday,19916.849609375,19800.0,116.849609375,-45.048828125,72.19921875,89.69921875,DOWN
19976.55078125,20104.650390625,19956.30078125,20096.599609375,20096.599609375,236200,2023,11,0,Wednesday,20104.650390625,19956.30078125,148.349609375,-120.048828125,128.099609375,140.298828125,DOWN
20108.5,20158.69921875,20015.849609375,20133.150390625,20133.150390625,486600,2023,11,0,Thursday,20158.69921875,20015.849609375,142.849609375,-24.650390625,50.19921875,117.30078125,DOWN
20194.099609375,20291.55078125,20183.69921875,20267.900390625,20267.900390625,265800,2023,12,0,Friday,20291.55078125,20183.69921875,107.8515625,-73.80078125,97.451171875,84.201171875,DOWN
20601.94921875,20702.650390625,20507.75,20686.80078125,20686.80078125,381100,2023,12,0,Monday,20702.650390625,20507.75,194.900390625,-84.8515625,100.701171875,179.05078125,DOWN
20808.900390625,20864.05078125,20711.150390625,20855.099609375,20855.099609375,421000,2023,12,0,Tuesday,20864.05078125,20711.150390625,152.900390625,-46.19921875,55.150390625,143.94921875,DOWN
20950.75,20961.94921875,20852.150390625,20937.69921875,20937.69921875,359200,2023,12,0,Wednesday,20961.94921875,20852.150390625,109.798828125,13.05078125,11.19921875,85.548828125,UP
20932.400390625,20941.25,20850.80078125,20901.150390625,20901.150390625,275000,2023,12,0,Thursday,20941.25,20850.80078125,90.44921875,31.25,8.849609375,50.349609375,UP
20934.099609375,21006.099609375,20862.69921875,20969.400390625,20969.400390625,292400,2023,12,0,Friday,21006.099609375,20862.69921875,143.400390625,-35.30078125,72.0,106.701171875,DOWN
20965.30078125,21026.099609375,20923.69921875,20997.099609375,20997.099609375,212900,2023,12,0,Monday,21026.099609375,20923.69921875,102.400390625,-31.798828125,60.798828125,73.400390625,DOWN
21018.55078125,21037.900390625,20867.150390625,20906.400390625,20906.400390625,244900,2023,12,0,Tuesday,21037.900390625,20867.150390625,170.75,112.150390625,19.349609375,39.25,UP
20929.75,20950.0,20769.5,20926.349609375,20926.349609375,260300,2023,12,0,Wednesday,20950.0,20769.5,180.5,3.400390625,20.25,156.849609375,UP
21110.400390625,21210.900390625,21074.44921875,21182.69921875,21182.69921875,334400,2023,12,0,Thursday,21210.900390625,21074.44921875,136.451171875,-72.298828125,100.5,108.25,DOWN
21287.44921875,21492.30078125,21235.30078125,21456.650390625,21456.650390625,508800,2023,12,0,Friday,21492.30078125,21235.30078125,257.0,-169.201171875,204.8515625,221.349609375,DOWN
21434.80078125,21482.80078125,21365.349609375,21418.650390625,21418.650390625,249700,2023,12,0,Monday,21482.80078125,21365.349609375,117.451171875,16.150390625,48.0,53.30078125,UP
21477.650390625,21505.05078125,21337.75,21453.099609375,21453.099609375,249800,2023,12,0,Tuesday,21505.05078125,21337.75,167.30078125,24.55078125,27.400390625,115.349609375,UP
21543.5,21593.0,21087.349609375,21150.150390625,21150.150390625,363900,2023,12,0,Wednesday,21593.0,21087.349609375,505.650390625,393.349609375,49.5,62.80078125,UP
21033.94921875,21288.349609375,20976.80078125,21255.05078125,21255.05078125,277500,2023,12,0,Thursday,21288.349609375,20976.80078125,311.548828125,-221.1015625,254.400390625,278.25,DOWN
21295.849609375,21390.5,21232.44921875,21349.400390625,21349.400390625,284700,2023,12,0,Friday,21390.5,21232.44921875,158.05078125,-53.55078125,94.650390625,116.951171875,DOWN
21365.19921875,21477.150390625,21329.44921875,21441.349609375,21441.349609375,219500,2023,12,0,Tuesday,21477.150390625,21329.44921875,147.701171875,-76.150390625,111.951171875,111.900390625,DOWN
21497.650390625,21675.75,21495.80078125,21654.75,21654.75,256500,2023,12,0,Wednesday,21675.75,21495.80078125,179.94921875,-157.099609375,178.099609375,158.94921875,DOWN
21715.0,21801.44921875,21678.0,21778.69921875,21778.69921875,393100,2023,12,0,Thursday,21801.44921875,21678.0,123.44921875,-63.69921875,86.44921875,100.69921875,DOWN
21737.650390625,21770.30078125,21676.900390625,21731.400390625,21731.400390625,270900,2023,12,0,Friday,21770.30078125,21676.900390625,93.400390625,6.25,32.650390625,54.5,UP
21727.75,21834.349609375,21680.849609375,21741.900390625,21741.900390625,154000,2024,1,0,Monday,21834.349609375,21680.849609375,153.5,-14.150390625,106.599609375,61.05078125,DOWN
21751.349609375,21755.599609375,21555.650390625,21665.80078125,21665.80078125,263700,2024,1,0,Tuesday,21755.599609375,21555.650390625,199.94921875,85.548828125,4.25,110.150390625,UP
21661.099609375,21677.0,21500.349609375,21517.349609375,21517.349609375,311900,2024,1,0,Wednesday,21677.0,21500.349609375,176.650390625,143.75,15.900390625,17.0,UP
21605.80078125,21685.650390625,21564.55078125,21658.599609375,21658.599609375,339200,2024,1,0,Thursday,21685.650390625,21564.55078125,121.099609375,-52.798828125,79.849609375,94.048828125,DOWN
21705.75,21749.599609375,21629.19921875,21710.80078125,21710.80078125,309300,2024,1,0,Friday,21749.599609375,21629.19921875,120.400390625,-5.05078125,43.849609375,81.6015625,DOWN
21747.599609375,21763.94921875,21492.900390625,21513.0,21513.0,231500,2024,1,0,Monday,21763.94921875,21492.900390625,271.048828125,234.599609375,16.349609375,20.099609375,UP
21653.599609375,21724.44921875,21517.849609375,21544.849609375,21544.849609375,228600,2024,1,0,Tuesday,21724.44921875,21517.849609375,206.599609375,108.75,70.849609375,27.0,UP
21529.30078125,21641.849609375,21448.650390625,21618.69921875,21618.69921875,217000,2024,1,0,Wednesday,21641.849609375,21448.650390625,193.19921875,-89.3984375,112.548828125,170.048828125,DOWN
21688.0,21726.5,21593.75,21647.19921875,21647.19921875,212500,2024,1,0,Thursday,21726.5,21593.75,132.75,40.80078125,38.5,53.44921875,UP
21773.55078125,21928.25,21715.150390625,21894.55078125,21894.55078125,294700,2024,1,0,Friday,21928.25,21715.150390625,213.099609375,-121.0,154.69921875,179.400390625,DOWN
22053.150390625,22115.55078125,21963.55078125,22097.44921875,22097.44921875,345500,2024,1,0,Monday,22115.55078125,21963.55078125,152.0,-44.298828125,62.400390625,133.8984375,DOWN
22080.5,22124.150390625,21969.80078125,22032.30078125,22032.30078125,292400,2024,1,0,Tuesday,22124.150390625,21969.80078125,154.349609375,48.19921875,43.650390625,62.5,UP
21647.25,21851.5,21550.44921875,21571.94921875,21571.94921875,456000,2024,1,0,Wednesday,21851.5,21550.44921875,301.05078125,75.30078125,204.25,21.5,UP
21414.19921875,21539.400390625,21285.55078125,21462.25,21462.25,387300,2024,1,0,Thursday,21539.400390625,21285.55078125,253.849609375,-48.05078125,125.201171875,176.69921875,DOWN
21615.19921875,21670.599609375,21575.0,21622.400390625,21622.400390625,343100,2024,1,0,Friday,21670.599609375,21575.0,95.599609375,-7.201171875,55.400390625,47.400390625,DOWN
21716.69921875,21750.25,21192.599609375,21238.80078125,21238.80078125,449700,2024,1,0,Tuesday,21750.25,21192.599609375,557.650390625,477.8984375,33.55078125,46.201171875,UP
21185.25,21482.349609375,21137.19921875,21453.94921875,21453.94921875,407500,2024,1,0,Wednesday,21482.349609375,21137.19921875,345.150390625,-268.69921875,297.099609375,316.75,DOWN
21454.599609375,21459.0,21247.05078125,21352.599609375,21352.599609375,418100,2024,1,0,Thursday,21459.0,21247.05078125,211.94921875,102.0,4.400390625,105.548828125,UP
21433.099609375,21763.25,21429.599609375,21737.599609375,21737.599609375,376700,2024,1,0,Monday,21763.25,21429.599609375,333.650390625,-304.5,330.150390625,308.0,DOWN
21775.75,21813.05078125,21501.80078125,21522.099609375,21522.099609375,375100,2024,1,0,Tuesday,21813.05078125,21501.80078125,311.25,253.650390625,37.30078125,20.298828125,UP
21487.25,21741.349609375,21448.849609375,21725.69921875,21725.69921875,410600,2024,1,0,Wednesday,21741.349609375,21448.849609375,292.5,-238.44921875,254.099609375,276.849609375,DOWN
21780.650390625,21832.94921875,21658.75,21697.44921875,21697.44921875,332500,2024,2,0,Thursday,21832.94921875,21658.75,174.19921875,83.201171875,52.298828125,38.69921875,UP
21812.75,22126.80078125,21805.55078125,21853.80078125,21853.80078125,442800,2024,2,0,Friday,22126.80078125,21805.55078125,321.25,-41.05078125,314.05078125,48.25,DOWN
21921.05078125,21964.30078125,21726.94921875,21771.69921875,21771.69921875,440800,2024,2,0,Monday,21964.30078125,21726.94921875,237.3515625,149.3515625,43.25,44.75,UP
21825.19921875,21951.400390625,21737.55078125,21929.400390625,21929.400390625,371000,2024,2,0,Tuesday,21951.400390625,21737.55078125,213.849609375,-104.201171875,126.201171875,191.849609375,DOWN
22045.05078125,22053.30078125,21860.150390625,21930.5,21930.5,346300,2024,2,0,Wednesday,22053.30078125,21860.150390625,193.150390625,114.55078125,8.25,70.349609375,UP
22009.650390625,22011.05078125,21665.30078125,21717.94921875,21717.94921875,491100,2024,2,0,Thursday,22011.05078125,21665.30078125,345.75,291.701171875,1.400390625,52.6484375,UP
21727.0,21804.44921875,21629.900390625,21782.5,21782.5,349200,2024,2,0,Friday,21804.44921875,21629.900390625,174.548828125,-55.5,77.44921875,152.599609375,DOWN
21800.80078125,21831.69921875,21574.75,21616.05078125,21616.05078125,287400,2024,2,0,Monday,21831.69921875,21574.75,256.94921875,184.75,30.8984375,41.30078125,UP
21664.30078125,21766.80078125,21543.349609375,21743.25,21743.25,365800,2024,2,0,Tuesday,21766.80078125,21543.349609375,223.451171875,-78.94921875,102.5,199.900390625,DOWN
21578.150390625,21870.849609375,21530.19921875,21840.05078125,21840.05078125,359100,2024,2,0,Wednesday,21870.849609375,21530.19921875,340.650390625,-261.900390625,292.69921875,309.8515625,DOWN
21906.55078125,21953.849609375,21794.80078125,21910.75,21910.75,345400,2024,2,0,Thursday,21953.849609375,21794.80078125,159.048828125,-4.19921875,47.298828125,115.94921875,DOWN
22020.30078125,22068.650390625,21968.94921875,22040.69921875,22040.69921875,343900,2024,2,0,Friday,22068.650390625,21968.94921875,99.701171875,-20.3984375,48.349609375,71.75,DOWN
22103.44921875,22186.650390625,22021.05078125,22122.25,22122.25,0,2024,2,0,Monday,22186.650390625,22021.05078125,165.599609375,-18.80078125,83.201171875,101.19921875,DOWN
22099.19921875,22215.599609375,22045.849609375,22196.94921875,22196.94921875,295700,2024,2,0,Tuesday,22215.599609375,22045.849609375,169.75,-97.75,116.400390625,151.099609375,DOWN
22248.849609375,22249.400390625,21997.94921875,22055.05078125,22055.05078125,364500,2024,2,0,Wednesday,22249.400390625,21997.94921875,251.451171875,193.798828125,0.55078125,57.1015625,UP
22081.55078125,22252.5,21875.25,22217.44921875,22217.44921875,343500,2024,2,0,Thursday,22252.5,21875.25,377.25,-135.8984375,170.94921875,342.19921875,DOWN
22290.0,22297.5,22186.099609375,22212.69921875,22212.69921875,226000,2024,2,0,Friday,22297.5,22186.099609375,111.400390625,77.30078125,7.5,26.599609375,UP
22169.19921875,22202.150390625,22075.150390625,22122.05078125,22122.05078125,207800,2024,2,0,Monday,22202.150390625,22075.150390625,127.0,47.1484375,32.951171875,46.900390625,UP
22090.19921875,22218.25,22085.650390625,22198.349609375,22198.349609375,252200,2024,2,0,Tuesday,22218.25,22085.650390625,132.599609375,-108.150390625,128.05078125,112.69921875,DOWN
22214.099609375,22229.150390625,21915.849609375,21951.150390625,21951.150390625,203000,2024,2,0,Wednesday,22229.150390625,21915.849609375,313.30078125,262.94921875,15.05078125,35.30078125,UP
21935.19921875,22060.55078125,21860.650390625,21982.80078125,21982.80078125,360200,2024,2,0,Thursday,22060.55078125,21860.650390625,199.900390625,-47.6015625,125.3515625,122.150390625,DOWN
22048.30078125,22353.30078125,22047.75,22338.75,22338.75,351500,2024,3,0,Friday,22353.30078125,22047.75,305.55078125,-290.44921875,305.0,291.0,DOWN
22403.5,22440.900390625,22358.30078125,22405.599609375,22405.599609375,298800,2024,3,0,Monday,22440.900390625,22358.30078125,82.599609375,-2.099609375,37.400390625,47.298828125,DOWN
22371.25,22416.900390625,22269.150390625,22356.30078125,22356.30078125,296200,2024,3,0,Tuesday,22416.900390625,22269.150390625,147.75,14.94921875,45.650390625,87.150390625,UP
22327.5,22497.19921875,22224.349609375,22474.05078125,22474.05078125,312300,2024,3,0,Wednesday,22497.19921875,22224.349609375,272.849609375,-146.55078125,169.69921875,249.701171875,DOWN
22505.30078125,22525.650390625,22430.0,22493.55078125,22493.55078125,379900,2024,3,0,Thursday,22525.650390625,22430.0,95.650390625,11.75,20.349609375,63.55078125,UP
22517.5,22526.599609375,22307.25,22332.650390625,22332.650390625,277900,2024,3,0,Monday,22526.599609375,22307.25,219.349609375,184.849609375,9.099609375,25.400390625,UP
22334.44921875,22452.55078125,22256.0,22335.69921875,22335.69921875,299200,2024,3,0,Tuesday,22452.55078125,22256.0,196.55078125,-1.25,118.1015625,79.69921875,DOWN
22432.19921875,22446.75,21905.650390625,21997.69921875,21997.69921875,493300,2024,3,0,Wednesday,22446.75,21905.650390625,541.099609375,434.5,14.55078125,92.048828125,UP
21982.55078125,22204.599609375,21917.5,22146.650390625,22146.650390625,426700,2024,3,0,Thursday,22204.599609375,21917.5,287.099609375,-164.099609375,222.048828125,229.150390625,DOWN
22064.849609375,22120.900390625,21931.69921875,22023.349609375,22023.349609375,661500,2024,3,0,Friday,22120.900390625,21931.69921875,189.201171875,41.5,56.05078125,91.650390625,UP
21990.099609375,22123.69921875,21916.55078125,22055.69921875,22055.69921875,356300,2024,3,0,Monday,22123.69921875,21916.55078125,207.1484375,-65.599609375,133.599609375,139.1484375,DOWN
21946.44921875,21978.30078125,21793.099609375,21817.44921875,21817.44921875,344200,2024,3,0,Tuesday,21978.30078125,21793.099609375,185.201171875,129.0,31.8515625,24.349609375,UP
21843.900390625,21930.900390625,21710.19921875,21839.099609375,21839.099609375,312400,2024,3,0,Wednesday,21930.900390625,21710.19921875,220.701171875,4.80078125,87.0,128.900390625,UP
21989.900390625,22080.94921875,21941.30078125,22011.94921875,22011.94921875,353200,2024,3,0,Thursday,22080.94921875,21941.30078125,139.6484375,-22.048828125,91.048828125,70.6484375,DOWN
21932.19921875,22180.69921875,21883.30078125,22096.75,22096.75,388700,2024,3,0,Friday,22180.69921875,21883.30078125,297.3984375,-164.55078125,248.5,213.44921875,DOWN
21947.900390625,22073.19921875,21947.55078125,22004.69921875,22004.69921875,328400,2024,3,0,Tuesday,22073.19921875,21947.55078125,125.6484375,-56.798828125,125.298828125,57.1484375,DOWN
22053.94921875,22193.599609375,22052.849609375,22123.650390625,22123.650390625,409100,2024,3,0,Wednesday,22193.599609375,22052.849609375,140.75,-69.701171875,139.650390625,70.80078125,DOWN
22163.599609375,22516.0,22163.599609375,22326.900390625,22326.900390625,410500,2024,3,0,Thursday,22516.0,22163.599609375,352.400390625,-163.30078125,352.400390625,163.30078125,DOWN
22455.0,22529.94921875,22427.75,22462.0,22462.0,0,2024,4,0,Monday,22529.94921875,22427.75,102.19921875,-7.0,74.94921875,34.25,DOWN
22458.80078125,22497.599609375,22388.150390625,22453.30078125,22453.30078125,289500,2024,4,0,Tuesday,22497.599609375,22388.150390625,109.44921875,5.5,38.798828125,65.150390625,UP
22385.69921875,22521.099609375,22346.5,22434.650390625,22434.650390625,309600,2024,4,0,Wednesday,22521.099609375,22346.5,174.599609375,-48.951171875,135.400390625,88.150390625,DOWN
22592.099609375,22619.0,22303.80078125,22514.650390625,22514.650390625,401000,2024,4,0,Thursday,22619.0,22303.80078125,315.19921875,77.44921875,26.900390625,210.849609375,UP
22486.400390625,22537.599609375,22427.599609375,22513.69921875,22513.69921875,242200,2024,4,0,Friday,22537.599609375,22427.599609375,110.0,-27.298828125,51.19921875,86.099609375,DOWN
22578.349609375,22697.30078125,22550.349609375,22666.30078125,22666.30078125,227600,2024,4,0,Monday,22697.30078125,22550.349609375,146.951171875,-87.951171875,118.951171875,115.951171875,DOWN
22765.099609375,22768.400390625,22612.25,22642.75,22642.75,232400,2024,4,0,Tuesday,22768.400390625,22612.25,156.150390625,122.349609375,3.30078125,30.5,UP
22720.25,22775.69921875,22673.69921875,22753.80078125,22753.80078125,276800,2024,4,0,Wednesday,22775.69921875,22673.69921875,102.0,-33.55078125,55.44921875,80.1015625,DOWN
22677.400390625,22726.44921875,22503.75,22519.400390625,22519.400390625,357200,2024,4,0,Friday,22726.44921875,22503.75,222.69921875,158.0,49.048828125,15.650390625,UP
22339.05078125,22427.44921875,22259.55078125,22272.5,22272.5,355500,2024,4,0,Monday,22427.44921875,22259.55078125,167.8984375,66.55078125,88.3984375,12.94921875,UP
22125.30078125,22213.75,22079.44921875,22147.900390625,22147.900390625,317300,2024,4,0,Tuesday,22213.75,22079.44921875,134.30078125,-22.599609375,88.44921875,68.451171875,DOWN
22212.349609375,22326.5,21961.69921875,21995.849609375,21995.849609375,456900,2024,4,0,Thursday,22326.5,21961.69921875,364.80078125,216.5,114.150390625,34.150390625,UP
21861.5,22179.55078125,21777.650390625,22147.0,22147.0,362500,2024,4,0,Friday,22179.55078125,21777.650390625,401.900390625,-285.5,318.05078125,369.349609375,DOWN
22336.900390625,22375.650390625,22198.150390625,22336.400390625,22336.400390625,279300,2024,4,0,Monday,22375.650390625,22198.150390625,177.5,0.5,38.75,138.25,UP
22447.05078125,22447.55078125,22349.44921875,22368.0,22368.0,231500,2024,4,0,Tuesday,22447.55078125,22349.44921875,98.1015625,79.05078125,0.5,18.55078125,UP
22421.55078125,22476.44921875,22384.0,22402.400390625,22402.400390625,235900,2024,4,0,Wednesday,22476.44921875,22384.0,92.44921875,19.150390625,54.8984375,18.400390625,UP
22316.900390625,22625.94921875,22305.25,22570.349609375,22570.349609375,475000,2024,4,0,Thursday,22625.94921875,22305.25,320.69921875,-253.44921875,309.048828125,265.099609375,DOWN
22620.400390625,22620.400390625,22385.55078125,22419.94921875,22419.94921875,329900,2024,4,0,Friday,22620.400390625,22385.55078125,234.849609375,200.451171875,0.0,34.3984375,UP
22475.55078125,22655.80078125,22441.900390625,22643.400390625,22643.400390625,292000,2024,4,0,Monday,22655.80078125,22441.900390625,213.900390625,-167.849609375,180.25,201.5,DOWN
22679.650390625,22783.349609375,22568.400390625,22604.849609375,22604.849609375,361900,2024,4,0,Tuesday,22783.349609375,22568.400390625,214.94921875,74.80078125,103.69921875,36.44921875,UP
22567.849609375,22710.5,22567.849609375,22648.19921875,22648.19921875,445900,2024,5,0,Thursday,22710.5,22567.849609375,142.650390625,-80.349609375,142.650390625,80.349609375,DOWN
22766.349609375,22794.69921875,22348.05078125,22475.849609375,22475.849609375,438100,2024,5,0,Friday,22794.69921875,22348.05078125,446.6484375,290.5,28.349609375,127.798828125,UP
22561.599609375,22588.80078125,22409.44921875,22442.69921875,22442.69921875,320300,2024,5,0,Monday,22588.80078125,22409.44921875,179.3515625,118.900390625,27.201171875,33.25,UP
22489.75,22499.05078125,22232.05078125,22302.5,22302.5,297800,2024,5,0,Tuesday,22499.05078125,22232.05078125,267.0,187.25,9.30078125,70.44921875,UP
22231.19921875,22368.650390625,22185.19921875,22302.5,22302.5,277400,2024,5,0,Wednesday,22368.650390625,22185.19921875,183.451171875,-71.30078125,137.451171875,117.30078125,DOWN
22224.80078125,22307.75,21932.400390625,21957.5,21957.5,331300,2024,5,0,Thursday,22307.75,21932.400390625,375.349609375,267.30078125,82.94921875,25.099609375,UP
21990.94921875,22131.30078125,21950.30078125,22055.19921875,22055.19921875,265800,2024,5,0,Friday,22131.30078125,21950.30078125,181.0,-64.25,140.3515625,104.8984375,DOWN
22027.94921875,22131.650390625,21821.05078125,22104.05078125,22104.05078125,278200,2024,5,0,Monday,22131.650390625,21821.05078125,310.599609375,-76.1015625,103.701171875,283.0,DOWN
22112.900390625,22270.05078125,22081.25,22217.849609375,22217.849609375,230200,2024,5,0,Tuesday,22270.05078125,22081.25,188.80078125,-104.94921875,157.150390625,136.599609375,DOWN
22255.599609375,22297.55078125,22151.75,22200.55078125,22200.55078125,231900,2024,5,0,Wednesday,22297.55078125,22151.75,145.80078125,55.048828125,41.951171875,48.80078125,UP
22319.19921875,22432.25,22054.55078125,22403.849609375,22403.849609375,368900,2024,5,0,Thursday,22432.25,22054.55078125,377.69921875,-84.650390625,113.05078125,349.298828125,DOWN
22415.25,22502.150390625,22345.650390625,22466.099609375,22466.099609375,242700,2024,5,0,Friday,22502.150390625,22345.650390625,156.5,-50.849609375,86.900390625,120.44921875,DOWN
22404.55078125,22591.099609375,22404.55078125,22529.05078125,22529.05078125,347600,2024,5,0,Tuesday,22591.099609375,22404.55078125,186.548828125,-124.5,186.548828125,124.5,DOWN
22576.599609375,22629.5,22483.150390625,22597.80078125,22597.80078125,290300,2024,5,0,Wednesday,22629.5,22483.150390625,146.349609375,-21.201171875,52.900390625,114.650390625,DOWN
22614.099609375,22993.599609375,22577.44921875,22967.650390625,22967.650390625,369800,2024,5,0,Thursday,22993.599609375,22577.44921875,416.150390625,-353.55078125,379.5,390.201171875,DOWN
22930.75,23026.400390625,22908.0,22957.099609375,22957.099609375,261900,2024,5,0,Friday,23026.400390625,22908.0,118.400390625,-26.349609375,95.650390625,49.099609375,DOWN
23038.94921875,23110.80078125,22871.19921875,22932.44921875,22932.44921875,260000,2024,5,0,Monday,23110.80078125,22871.19921875,239.6015625,106.5,71.8515625,61.25,UP
22977.150390625,22998.55078125,22858.5,22888.150390625,22888.150390625,217900,2024,5,0,Tuesday,22998.55078125,22858.5,140.05078125,89.0,21.400390625,29.650390625,UP
22762.75,22825.5,22685.44921875,22704.69921875,22704.69921875,269900,2024,5,0,Wednesday,22825.5,22685.44921875,140.05078125,58.05078125,62.75,19.25,UP
22617.44921875,22705.75,22417.0,22488.650390625,22488.650390625,373400,2024,5,0,Thursday,22705.75,22417.0,288.75,128.798828125,88.30078125,71.650390625,UP
22568.099609375,22653.75,22465.099609375,22530.69921875,22530.69921875,572100,2024,5,0,Friday,22653.75,22465.099609375,188.650390625,37.400390625,85.650390625,65.599609375,UP
23337.900390625,23338.69921875,23062.30078125,23263.900390625,23263.900390625,569400,2024,6,0,Monday,23338.69921875,23062.30078125,276.3984375,74.0,0.798828125,201.599609375,UP
23179.5,23179.5,21281.44921875,21884.5,21884.5,1006100,2024,6,0,Tuesday,23179.5,21281.44921875,1898.05078125,1295.0,0.0,603.05078125,UP
22128.349609375,22670.400390625,21791.94921875,22620.349609375,22620.349609375,638500,2024,6,0,Wednesday,22670.400390625,21791.94921875,878.451171875,-492.0,542.05078125,828.400390625,DOWN
22798.599609375,22910.150390625,22642.599609375,22821.400390625,22821.400390625,480400,2024,6,0,Thursday,22910.150390625,22642.599609375,267.55078125,-22.80078125,111.55078125,178.80078125,DOWN
22821.849609375,23320.19921875,22789.05078125,23290.150390625,23290.150390625,473600,2024,6,0,Friday,23320.19921875,22789.05078125,531.1484375,-468.30078125,498.349609375,501.099609375,DOWN
23319.150390625,23411.900390625,23227.150390625,23259.19921875,23259.19921875,304400,2024,6,0,Monday,23411.900390625,23227.150390625,184.75,59.951171875,92.75,32.048828125,UP
23283.75,23389.44921875,23206.650390625,23264.849609375,23264.849609375,305200,2024,6,0,Tuesday,23389.44921875,23206.650390625,182.798828125,18.900390625,105.69921875,58.19921875,UP
23344.44921875,23441.94921875,23295.94921875,23322.94921875,23322.94921875,295600,2024,6,0,Wednesday,23441.94921875,23295.94921875,146.0,21.5,97.5,27.0,UP
23480.94921875,23481.05078125,23353.900390625,23398.900390625,23398.900390625,268300,2024,6,0,Thursday,23481.05078125,23353.900390625,127.150390625,82.048828125,0.1015625,45.0,UP
23464.94921875,23490.400390625,23334.25,23465.599609375,23465.599609375,223100,2024,6,0,Friday,23490.400390625,23334.25,156.150390625,-0.650390625,25.451171875,131.349609375,DOWN
23570.80078125,23579.05078125,23499.69921875,23557.900390625,23557.900390625,272200,2024,6,0,Tuesday,23579.05078125,23499.69921875,79.3515625,12.900390625,8.25,58.201171875,UP
23629.849609375,23664.0,23412.900390625,23516.0,23516.0,328800,2024,6,0,Wednesday,23664.0,23412.900390625,251.099609375,113.849609375,34.150390625,103.099609375,UP
23586.150390625,23624.0,23442.599609375,23567.0,23567.0,280300,2024,6,0,Thursday,23624.0,23442.599609375,181.400390625,19.150390625,37.849609375,124.400390625,UP
23661.150390625,23667.099609375,23398.19921875,23501.099609375,23501.099609375,609900,2024,6,0,Friday,23667.099609375,23398.19921875,268.900390625,160.05078125,5.94921875,102.900390625,UP
23382.30078125,23558.099609375,23350.0,23537.849609375,23537.849609375,239400,2024,6,0,Monday,23558.099609375,23350.0,208.099609375,-155.548828125,175.798828125,187.849609375,DOWN
23577.099609375,23754.150390625,23562.05078125,23721.30078125,23721.30078125,298100,2024,6,0,Tuesday,23754.150390625,23562.05078125,192.099609375,-144.201171875,177.05078125,159.25,DOWN
23723.099609375,23889.900390625,23670.44921875,23868.80078125,23868.80078125,287800,2024,6,0,Wednesday,23889.900390625,23670.44921875,219.451171875,-145.701171875,166.80078125,198.3515625,DOWN
23881.55078125,24087.44921875,23805.400390625,24044.5,24044.5,515200,2024,6,0,Thursday,24087.44921875,23805.400390625,282.048828125,-162.94921875,205.8984375,239.099609375,DOWN
24085.900390625,24174.0,23985.80078125,24010.599609375,24010.599609375,354800,2024,6,0,Friday,24174.0,23985.80078125,188.19921875,75.30078125,88.099609375,24.798828125,UP
23992.94921875,24164.0,23992.69921875,24141.94921875,24141.94921875,0,2024,7,0,Monday,24164.0,23992.69921875,171.30078125,-149.0,171.05078125,149.25,DOWN
24228.75,24236.349609375,24056.400390625,24123.849609375,24123.849609375,0,2024,7,0,Tuesday,24236.349609375,24056.400390625,179.94921875,104.900390625,7.599609375,67.44921875,UP
24291.75,24309.150390625,24207.099609375,24286.5,24286.5,0,2024,7,0,Wednesday,24309.150390625,24207.099609375,102.05078125,5.25,17.400390625,79.400390625,UP
24369.94921875,24401.0,24281.0,24302.150390625,24302.150390625,251200,2024,7,0,Thursday,24401.0,24281.0,120.0,67.798828125,31.05078125,21.150390625,UP
24213.349609375,24363.0,24168.849609375,24323.849609375,24323.849609375,298400,2024,7,0,Friday,24363.0,24168.849609375,194.150390625,-110.5,149.650390625,155.0,DOWN
24329.44921875,24344.599609375,24240.55078125,24320.55078125,24320.55078125,266300,2024,7,0,Monday,24344.599609375,24240.55078125,104.048828125,8.8984375,15.150390625,80.0,UP
24351.0,24443.599609375,24331.900390625,24433.19921875,24433.19921875,250500,2024,7,0,Tuesday,24443.599609375,24331.900390625,111.69921875,-82.19921875,92.599609375,101.298828125,DOWN
24459.849609375,24461.05078125,24141.80078125,24324.44921875,24324.44921875,292300,2024,7,0,Wednesday,24461.05078125,24141.80078125,319.25,135.400390625,1.201171875,182.6484375,UP
24396.55078125,24402.650390625,24193.75,24315.94921875,24315.94921875,306400,2024,7,0,Thursday,24402.650390625,24193.75,208.900390625,80.6015625,6.099609375,122.19921875,UP
24387.94921875,24592.19921875,24331.150390625,24502.150390625,24502.150390625,325800,2024,7,0,Friday,24592.19921875,24331.150390625,261.048828125,-114.201171875,204.25,171.0,DOWN
24587.599609375,24635.05078125,24522.75,24586.69921875,24586.69921875,305400,2024,7,0,Monday,24635.05078125,24522.75,112.30078125,0.900390625,47.451171875,63.94921875,UP
24615.900390625,24661.25,24587.650390625,24613.0,24613.0,283200,2024,7,0,Tuesday,24661.25,24587.650390625,73.599609375,2.900390625,45.349609375,25.349609375,UP
24543.80078125,24837.75,24504.44921875,24800.849609375,24800.849609375,350900,2024,7,0,Thursday,24837.75,24504.44921875,333.30078125,-257.048828125,293.94921875,296.400390625,DOWN
24853.80078125,24854.80078125,24508.150390625,24530.900390625,24530.900390625,343800,2024,7,0,Friday,24854.80078125,24508.150390625,346.650390625,322.900390625,1.0,22.75,UP
24445.75,24595.19921875,24362.30078125,24509.25,24509.25,324200,2024,7,0,Monday,24595.19921875,24362.30078125,232.8984375,-63.5,149.44921875,146.94921875,DOWN
24568.900390625,24582.55078125,24074.19921875,24479.05078125,24479.05078125,436400,2024,7,0,Tuesday,24582.55078125,24074.19921875,508.3515625,89.849609375,13.650390625,404.8515625,UP
24444.94921875,24504.25,24307.25,24413.5,24413.5,366600,2024,7,0,Wednesday,24504.25,24307.25,197.0,31.44921875,59.30078125,106.25,UP
24230.94921875,24426.150390625,24210.80078125,24406.099609375,24406.099609375,391800,2024,7,0,Thursday,24426.150390625,24210.80078125,215.349609375,-175.150390625,195.201171875,195.298828125,DOWN
24423.349609375,24861.150390625,24410.900390625,24834.849609375,24834.849609375,383800,2024,7,0,Friday,24861.150390625,24410.900390625,450.25,-411.5,437.80078125,423.94921875,DOWN
24943.30078125,24999.75,24774.599609375,24836.099609375,24836.099609375,355000,2024,7,0,Monday,24999.75,24774.599609375,225.150390625,107.201171875,56.44921875,61.5,UP
24839.400390625,24971.75,24798.650390625,24857.30078125,24857.30078125,385000,2024,7,0,Tuesday,24971.75,24798.650390625,173.099609375,-17.900390625,132.349609375,58.650390625,DOWN
24886.69921875,24984.599609375,24856.5,24951.150390625,24951.150390625,333600,2024,7,0,Wednesday,24984.599609375,24856.5,128.099609375,-64.451171875,97.900390625,94.650390625,DOWN
25030.94921875,25078.30078125,24956.400390625,25010.900390625,25010.900390625,431300,2024,8,0,Thursday,25078.30078125,24956.400390625,121.900390625,20.048828125,47.3515625,54.5,UP
24789.0,24851.900390625,24686.849609375,24717.69921875,24717.69921875,345000,2024,8,0,Friday,24851.900390625,24686.849609375,165.05078125,71.30078125,62.900390625,30.849609375,UP
24302.849609375,24350.05078125,23893.69921875,24055.599609375,24055.599609375,487000,2024,8,0,Monday,24350.05078125,23893.69921875,456.3515625,247.25,47.201171875,161.900390625,UP
24189.849609375,24382.599609375,23960.400390625,23992.55078125,23992.55078125,312300,2024,8,0,Tuesday,24382.599609375,23960.400390625,422.19921875,197.298828125,192.75,32.150390625,UP
24289.400390625,24337.69921875,24184.900390625,24297.5,24297.5,317600,2024,8,0,Wednesday,24337.69921875,24184.900390625,152.798828125,-8.099609375,48.298828125,112.599609375,DOWN
24248.55078125,24340.5,24079.69921875,24117.0,24117.0,311900,2024,8,0,Thursday,24340.5,24079.69921875,260.80078125,131.55078125,91.94921875,37.30078125,UP
24386.849609375,24419.75,24311.19921875,24367.5,24367.5,215100,2024,8,0,Friday,24419.75,24311.19921875,108.55078125,19.349609375,32.900390625,56.30078125,UP
24320.05078125,24472.80078125,24212.099609375,24347.0,24347.0,279900,2024,8,0,Monday,24472.80078125,24212.099609375,260.701171875,-26.94921875,152.75,134.900390625,DOWN
24342.349609375,24359.94921875,24116.5,24139.0,24139.0,239700,2024,8,0,Tuesday,24359.94921875,24116.5,243.44921875,203.349609375,17.599609375,22.5,UP
24184.400390625,24196.5,24099.69921875,24143.75,24143.75,303300,2024,8,0,Wednesday,24196.5,24099.69921875,96.80078125,40.650390625,12.099609375,44.05078125,UP
24334.849609375,24563.900390625,24204.5,24541.150390625,24541.150390625,271600,2024,8,0,Friday,24563.900390625,24204.5,359.400390625,-206.30078125,229.05078125,336.650390625,DOWN
24636.349609375,24638.80078125,24522.94921875,24572.650390625,24572.650390625,243600,2024,8,0,Monday,24638.80078125,24522.94921875,115.8515625,63.69921875,2.451171875,49.701171875,UP
24648.900390625,24734.30078125,24607.19921875,24698.849609375,24698.849609375,238300,2024,8,0,Tuesday,24734.30078125,24607.19921875,127.1015625,-49.94921875,85.400390625,91.650390625,DOWN
24680.55078125,24787.94921875,24654.5,24770.19921875,24770.19921875,257100,2024,8,0,Wednesday,24787.94921875,24654.5,133.44921875,-89.6484375,107.3984375,115.69921875,DOWN
24863.400390625,24867.349609375,24784.44921875,24811.5,24811.5,220300,2024,8,0,Thursday,24867.349609375,24784.44921875,82.900390625,51.900390625,3.94921875,27.05078125,UP
24845.400390625,24858.400390625,24771.650390625,24823.150390625,24823.150390625,206800,2024,8,0,Friday,24858.400390625,24771.650390625,86.75,22.25,13.0,51.5,UP
24906.099609375,25043.80078125,24874.69921875,25010.599609375,25010.599609375,210300,2024,8,0,Monday,25043.80078125,24874.69921875,169.1015625,-104.5,137.701171875,135.900390625,DOWN
25024.80078125,25073.099609375,24973.650390625,25017.75,25017.75,223300,2024,8,0,Tuesday,25073.099609375,24973.650390625,99.44921875,7.05078125,48.298828125,44.099609375,UP
25030.80078125,25129.599609375,24964.650390625,25052.349609375,25052.349609375,220400,2024,8,0,Wednesday,25129.599609375,24964.650390625,164.94921875,-21.548828125,98.798828125,87.69921875,DOWN
25035.30078125,25192.900390625,24998.5,25151.94921875,25151.94921875,354000,2024,8,0,Thursday,25192.900390625,24998.5,194.400390625,-116.6484375,157.599609375,153.44921875,DOWN
25249.69921875,25268.349609375,25199.400390625,25235.900390625,25235.900390625,638200,2024,8,0,Friday,25268.349609375,25199.400390625,68.94921875,13.798828125,18.650390625,36.5,UP
