datetime,open,high,low,close,adj close,volume,year,month,hour,day,day_name,minute,max,min,difference,candle_body,high_shadow,low_shadow,trend
2024-08-01 09:30:00,25053.400390625,25064.349609375,25026.19921875,25052.849609375,25052.849609375,0,2024,8,9,1,Thursday,30,25064.349609375,25026.19921875,38.150390625,0.55078125,10.94921875,26.650390625,UP
2024-08-01 10:00:00,25053.55078125,25056.599609375,25021.30078125,25021.30078125,25021.30078125,0,2024,8,10,1,Thursday,0,25056.599609375,25021.30078125,35.298828125,32.25,3.048828125,0.0,UP
2024-08-01 10:30:00,25021.650390625,25032.30078125,25006.0,25014.400390625,25014.400390625,0,2024,8,10,1,Thursday,30,25032.30078125,25006.0,26.30078125,7.25,10.650390625,8.400390625,UP
2024-08-01 11:00:00,25014.400390625,25041.19921875,25004.05078125,25022.099609375,25022.099609375,0,2024,8,11,1,Thursday,0,25041.19921875,25004.05078125,37.1484375,-7.69921875,26.798828125,18.048828125,DOWN
2024-08-01 11:30:00,25023.099609375,25027.75,24986.44921875,24999.849609375,24999.849609375,0,2024,8,11,1,Thursday,30,25027.75,24986.44921875,41.30078125,23.25,4.650390625,13.400390625,UP
2024-08-01 12:00:00,24999.849609375,25005.099609375,24971.75,24978.349609375,24978.349609375,0,2024,8,12,1,Thursday,0,25005.099609375,24971.75,33.349609375,21.5,5.25,6.599609375,UP
2024-08-01 12:30:00,24978.44921875,24997.400390625,24964.5,24983.25,24983.25,0,2024,8,12,1,Thursday,30,24997.400390625,24964.5,32.900390625,-4.80078125,18.951171875,18.75,DOWN
2024-08-01 13:00:00,24983.19921875,25008.349609375,24978.650390625,24980.099609375,24980.099609375,0,2024,8,13,1,Thursday,0,25008.349609375,24978.650390625,29.69921875,3.099609375,25.150390625,1.44921875,UP
2024-08-01 13:30:00,24978.849609375,24992.400390625,24972.150390625,24984.75,24984.75,0,2024,8,13,1,Thursday,30,24992.400390625,24972.150390625,20.25,-5.900390625,13.55078125,12.599609375,DOWN
2024-08-01 14:00:00,24985.099609375,24996.44921875,24965.900390625,24973.5,24973.5,0,2024,8,14,1,Thursday,0,24996.44921875,24965.900390625,30.548828125,11.599609375,11.349609375,7.599609375,UP
2024-08-01 14:30:00,24973.05078125,25010.25,24956.94921875,24983.05078125,24983.05078125,0,2024,8,14,1,Thursday,30,25010.25,24956.94921875,53.30078125,-10.0,37.19921875,26.1015625,DOWN
2024-08-01 15:00:00,24982.55078125,25030.849609375,24975.349609375,25004.900390625,25004.900390625,0,2024,8,15,1,Thursday,0,25030.849609375,24975.349609375,55.5,-22.349609375,48.298828125,29.55078125,DOWN
2024-08-02 09:30:00,24836.0,24836.69921875,24725.0,24738.650390625,24738.650390625,0,2024,8,9,2,Friday,30,24836.69921875,24725.0,111.69921875,97.349609375,0.69921875,13.650390625,UP
2024-08-02 10:00:00,24739.25,24788.650390625,24730.25,24754.099609375,24754.099609375,0,2024,8,10,2,Friday,0,24788.650390625,24730.25,58.400390625,-14.849609375,49.400390625,23.849609375,DOWN
2024-08-02 10:30:00,24754.849609375,24823.25,24754.849609375,24821.400390625,24821.400390625,0,2024,8,10,2,Friday,30,24823.25,24754.849609375,68.400390625,-66.55078125,68.400390625,66.55078125,DOWN
2024-08-02 11:00:00,24820.599609375,24824.05078125,24778.75,24822.94921875,24822.94921875,0,2024,8,11,2,Friday,0,24824.05078125,24778.75,45.30078125,-2.349609375,3.451171875,44.19921875,DOWN
2024-08-02 11:30:00,24822.599609375,24835.099609375,24796.849609375,24797.400390625,24797.400390625,0,2024,8,11,2,Friday,30,24835.099609375,24796.849609375,38.25,25.19921875,12.5,0.55078125,UP
2024-08-02 12:00:00,24797.25,24799.44921875,24765.75,24771.05078125,24771.05078125,0,2024,8,12,2,Friday,0,24799.44921875,24765.75,33.69921875,26.19921875,2.19921875,5.30078125,UP
2024-08-02 12:30:00,24770.69921875,24780.44921875,24754.69921875,24776.650390625,24776.650390625,0,2024,8,12,2,Friday,30,24780.44921875,24754.69921875,25.75,-5.951171875,9.75,21.951171875,DOWN
2024-08-02 13:00:00,24776.650390625,24783.400390625,24755.400390625,24775.5,24775.5,0,2024,8,13,2,Friday,0,24783.400390625,24755.400390625,28.0,1.150390625,6.75,20.099609375,UP
2024-08-02 13:30:00,24775.5,24808.30078125,24767.599609375,24801.25,24801.25,0,2024,8,13,2,Friday,30,24808.30078125,24767.599609375,40.701171875,-25.75,32.80078125,33.650390625,DOWN
2024-08-02 14:00:00,24801.5,24808.900390625,24755.5,24767.849609375,24767.849609375,0,2024,8,14,2,Friday,0,24808.900390625,24755.5,53.400390625,33.650390625,7.400390625,12.349609375,UP
2024-08-02 14:30:00,24767.099609375,24770.44921875,24718.94921875,24731.150390625,24731.150390625,0,2024,8,14,2,Friday,30,24770.44921875,24718.94921875,51.5,35.94921875,3.349609375,12.201171875,UP
2024-08-02 15:00:00,24730.650390625,24736.69921875,24688.30078125,24699.44921875,24699.44921875,0,2024,8,15,2,Friday,0,24736.69921875,24688.30078125,48.3984375,31.201171875,6.048828125,11.1484375,UP
2024-08-05 09:30:00,24215.5,24346.19921875,24193.25,24332.44921875,24332.44921875,0,2024,8,9,5,Monday,30,24346.19921875,24193.25,152.94921875,-116.94921875,130.69921875,139.19921875,DOWN
2024-08-05 10:00:00,24333.400390625,24337.5,24256.400390625,24273.0,24273.0,0,2024,8,10,5,Monday,0,24337.5,24256.400390625,81.099609375,60.400390625,4.099609375,16.599609375,UP
2024-08-05 10:30:00,24273.0,24280.44921875,24093.400390625,24096.650390625,24096.650390625,0,2024,8,10,5,Monday,30,24280.44921875,24093.400390625,187.048828125,176.349609375,7.44921875,3.25,UP
2024-08-05 11:00:00,24095.55078125,24099.44921875,23895.0,24006.5,24006.5,0,2024,8,11,5,Monday,0,24099.44921875,23895.0,204.44921875,89.05078125,3.8984375,111.5,UP
2024-08-05 11:30:00,24005.94921875,24049.25,23935.349609375,23990.44921875,23990.44921875,0,2024,8,11,5,Monday,30,24049.25,23935.349609375,113.900390625,15.5,43.30078125,55.099609375,UP
2024-08-05 12:00:00,23990.400390625,24056.80078125,23983.55078125,24013.44921875,24013.44921875,0,2024,8,12,5,Monday,0,24056.80078125,23983.55078125,73.25,-23.048828125,66.400390625,29.8984375,DOWN
2024-08-05 12:30:00,24012.650390625,24013.349609375,23918.099609375,23925.05078125,23925.05078125,0,2024,8,12,5,Monday,30,24013.349609375,23918.099609375,95.25,87.599609375,0.69921875,6.951171875,UP
2024-08-05 13:00:00,23925.55078125,24053.849609375,23916.69921875,24048.55078125,24048.55078125,0,2024,8,13,5,Monday,0,24053.849609375,23916.69921875,137.150390625,-123.0,128.298828125,131.8515625,DOWN
2024-08-05 13:30:00,24048.75,24127.349609375,24027.099609375,24102.849609375,24102.849609375,0,2024,8,13,5,Monday,30,24127.349609375,24027.099609375,100.25,-54.099609375,78.599609375,75.75,DOWN
2024-08-05 14:00:00,24103.150390625,24125.80078125,24014.599609375,24028.19921875,24028.19921875,0,2024,8,14,5,Monday,0,24125.80078125,24014.599609375,111.201171875,74.951171875,22.650390625,13.599609375,UP
2024-08-05 14:30:00,24027.349609375,24115.0,24022.30078125,24110.94921875,24110.94921875,0,2024,8,14,5,Monday,30,24115.0,24022.30078125,92.69921875,-83.599609375,87.650390625,88.6484375,DOWN
2024-08-05 15:00:00,24107.69921875,24110.25,24031.400390625,24051.80078125,24051.80078125,0,2024,8,15,5,Monday,0,24110.25,24031.400390625,78.849609375,55.8984375,2.55078125,20.400390625,UP
2024-08-06 09:30:00,24318.599609375,24344.5,24263.599609375,24339.94921875,24339.94921875,0,2024,8,9,6,Tuesday,30,24344.5,24263.599609375,80.900390625,-21.349609375,25.900390625,76.349609375,DOWN
2024-08-06 10:00:00,24339.94921875,24347.80078125,24219.75,24230.75,24230.75,0,2024,8,10,6,Tuesday,0,24347.80078125,24219.75,128.05078125,109.19921875,7.8515625,11.0,UP
2024-08-06 10:30:00,24231.30078125,24260.849609375,24131.94921875,24258.19921875,24258.19921875,0,2024,8,10,6,Tuesday,30,24260.849609375,24131.94921875,128.900390625,-26.8984375,29.548828125,126.25,DOWN
2024-08-06 11:00:00,24257.19921875,24265.849609375,24195.150390625,24228.349609375,24228.349609375,0,2024,8,11,6,Tuesday,0,24265.849609375,24195.150390625,70.69921875,28.849609375,8.650390625,33.19921875,UP
2024-08-06 11:30:00,24228.44921875,24248.69921875,24207.69921875,24230.80078125,24230.80078125,0,2024,8,11,6,Tuesday,30,24248.69921875,24207.69921875,41.0,-2.3515625,20.25,23.1015625,DOWN
2024-08-06 12:00:00,24231.599609375,24248.94921875,24185.05078125,24193.19921875,24193.19921875,0,2024,8,12,6,Tuesday,0,24248.94921875,24185.05078125,63.8984375,38.400390625,17.349609375,8.1484375,UP
2024-08-06 12:30:00,24193.599609375,24208.55078125,24166.099609375,24187.69921875,24187.69921875,0,2024,8,12,6,Tuesday,30,24208.55078125,24166.099609375,42.451171875,5.900390625,14.951171875,21.599609375,UP
2024-08-06 13:00:00,24187.849609375,24194.05078125,24134.19921875,24169.5,24169.5,0,2024,8,13,6,Tuesday,0,24194.05078125,24134.19921875,59.8515625,18.349609375,6.201171875,35.30078125,UP
2024-08-06 13:30:00,24169.19921875,24172.0,24042.19921875,24094.849609375,24094.849609375,0,2024,8,13,6,Tuesday,30,24172.0,24042.19921875,129.80078125,74.349609375,2.80078125,52.650390625,UP
2024-08-06 14:00:00,24093.75,24102.80078125,23985.400390625,24036.94921875,24036.94921875,0,2024,8,14,6,Tuesday,0,24102.80078125,23985.400390625,117.400390625,56.80078125,9.05078125,51.548828125,UP
2024-08-06 14:30:00,24036.75,24049.349609375,23960.5,24013.69921875,24013.69921875,0,2024,8,14,6,Tuesday,30,24049.349609375,23960.5,88.849609375,23.05078125,12.599609375,53.19921875,UP
2024-08-06 15:00:00,24013.900390625,24039.44921875,23963.5,24033.05078125,24033.05078125,0,2024,8,15,6,Tuesday,0,24039.44921875,23963.5,75.94921875,-19.150390625,25.548828125,69.55078125,DOWN
2024-08-07 09:30:00,24265.05078125,24285.0,24215.099609375,24230.5,24230.5,0,2024,8,9,7,Wednesday,30,24285.0,24215.099609375,69.900390625,34.55078125,19.94921875,15.400390625,UP
2024-08-07 10:00:00,24230.400390625,24275.05078125,24185.94921875,24269.19921875,24269.19921875,0,2024,8,10,7,Wednesday,0,24275.05078125,24185.94921875,89.1015625,-38.798828125,44.650390625,83.25,DOWN
2024-08-07 10:30:00,24268.44921875,24337.0,24265.55078125,24300.94921875,24300.94921875,0,2024,8,10,7,Wednesday,30,24337.0,24265.55078125,71.44921875,-32.5,68.55078125,35.3984375,DOWN
2024-08-07 11:00:00,24300.30078125,24300.55078125,24209.69921875,24223.75,24223.75,0,2024,8,11,7,Wednesday,0,24300.55078125,24209.69921875,90.8515625,76.55078125,0.25,14.05078125,UP
2024-08-07 11:30:00,24222.400390625,24253.94921875,24218.5,24226.94921875,24226.94921875,0,2024,8,11,7,Wednesday,30,24253.94921875,24218.5,35.44921875,-4.548828125,31.548828125,8.44921875,DOWN
2024-08-07 12:00:00,24225.0,24276.80078125,24220.150390625,24259.44921875,24259.44921875,0,2024,8,12,7,Wednesday,0,24276.80078125,24220.150390625,56.650390625,-34.44921875,51.80078125,39.298828125,DOWN
2024-08-07 12:30:00,24260.400390625,24265.650390625,24208.30078125,24220.69921875,24220.69921875,0,2024,8,12,7,Wednesday,30,24265.650390625,24208.30078125,57.349609375,39.701171875,5.25,12.3984375,UP
2024-08-07 13:00:00,24220.55078125,24237.349609375,24188.94921875,24196.650390625,24196.650390625,0,2024,8,13,7,Wednesday,0,24237.349609375,24188.94921875,48.400390625,23.900390625,16.798828125,7.701171875,UP
2024-08-07 13:30:00,24195.400390625,24239.099609375,24193.099609375,24228.900390625,24228.900390625,0,2024,8,13,7,Wednesday,30,24239.099609375,24193.099609375,46.0,-33.5,43.69921875,35.80078125,DOWN
2024-08-07 14:00:00,24229.75,24293.55078125,24209.05078125,24284.349609375,24284.349609375,0,2024,8,14,7,Wednesday,0,24293.55078125,24209.05078125,84.5,-54.599609375,63.80078125,75.298828125,DOWN
2024-08-07 14:30:00,24283.349609375,24288.30078125,24244.44921875,24271.75,24271.75,0,2024,8,14,7,Wednesday,30,24288.30078125,24244.44921875,43.8515625,11.599609375,4.951171875,27.30078125,UP
2024-08-07 15:00:00,24271.05078125,24316.900390625,24268.25,24316.05078125,24316.05078125,0,2024,8,15,7,Wednesday,0,24316.900390625,24268.25,48.650390625,-45.0,45.849609375,47.80078125,DOWN
2024-08-08 09:30:00,24222.349609375,24262.75,24192.900390625,24205.400390625,24205.400390625,0,2024,8,9,8,Thursday,30,24262.75,24192.900390625,69.849609375,16.94921875,40.400390625,12.5,UP
2024-08-08 10:00:00,24204.94921875,24259.599609375,24120.599609375,24237.44921875,24237.44921875,0,2024,8,10,8,Thursday,0,24259.599609375,24120.599609375,139.0,-32.5,54.650390625,116.849609375,DOWN
2024-08-08 10:30:00,24236.650390625,24238.599609375,24134.400390625,24149.400390625,24149.400390625,0,2024,8,10,8,Thursday,30,24238.599609375,24134.400390625,104.19921875,87.25,1.94921875,15.0,UP
2024-08-08 11:00:00,24148.94921875,24252.94921875,24148.44921875,24197.150390625,24197.150390625,0,2024,8,11,8,Thursday,0,24252.94921875,24148.44921875,104.5,-48.201171875,104.0,48.701171875,DOWN
2024-08-08 11:30:00,24196.55078125,24245.05078125,24167.80078125,24225.599609375,24225.599609375,0,2024,8,11,8,Thursday,30,24245.05078125,24167.80078125,77.25,-29.048828125,48.5,57.798828125,DOWN
2024-08-08 12:00:00,24225.94921875,24339.30078125,24217.05078125,24317.55078125,24317.55078125,0,2024,8,12,8,Thursday,0,24339.30078125,24217.05078125,122.25,-91.6015625,113.3515625,100.5,DOWN
2024-08-08 12:30:00,24317.30078125,24336.400390625,24210.150390625,24223.19921875,24223.19921875,0,2024,8,12,8,Thursday,30,24336.400390625,24210.150390625,126.25,94.1015625,19.099609375,13.048828125,UP
2024-08-08 13:00:00,24223.30078125,24224.5,24107.650390625,24112.05078125,24112.05078125,0,2024,8,13,8,Thursday,0,24224.5,24107.650390625,116.849609375,111.25,1.19921875,4.400390625,UP
2024-08-08 13:30:00,24113.44921875,24179.349609375,24092.5,24136.19921875,24136.19921875,0,2024,8,13,8,Thursday,30,24179.349609375,24092.5,86.849609375,-22.75,65.900390625,43.69921875,DOWN
2024-08-08 14:00:00,24136.400390625,24195.80078125,24131.19921875,24158.75,24158.75,0,2024,8,14,8,Thursday,0,24195.80078125,24131.19921875,64.6015625,-22.349609375,59.400390625,27.55078125,DOWN
2024-08-08 14:30:00,24158.94921875,24187.69921875,24122.75,24155.5,24155.5,0,2024,8,14,8,Thursday,30,24187.69921875,24122.75,64.94921875,3.44921875,28.75,32.75,UP
2024-08-08 15:00:00,24157.0,24167.599609375,24079.94921875,24098.69921875,24098.69921875,0,2024,8,15,8,Thursday,0,24167.599609375,24079.94921875,87.650390625,58.30078125,10.599609375,18.75,UP
2024-08-09 09:30:00,24388.94921875,24419.599609375,24359.900390625,24373.75,24373.75,0,2024,8,9,9,Friday,30,24419.599609375,24359.900390625,59.69921875,15.19921875,30.650390625,13.849609375,UP
2024-08-09 10:00:00,24373.30078125,24386.400390625,24317.150390625,24327.849609375,24327.849609375,0,2024,8,10,9,Friday,0,24386.400390625,24317.150390625,69.25,45.451171875,13.099609375,10.69921875,UP
2024-08-09 10:30:00,24328.650390625,24362.349609375,24312.19921875,24343.150390625,24343.150390625,0,2024,8,10,9,Friday,30,24362.349609375,24312.19921875,50.150390625,-14.5,33.69921875,30.951171875,DOWN
2024-08-09 11:00:00,24343.0,24369.69921875,24337.25,24351.099609375,24351.099609375,0,2024,8,11,9,Friday,0,24369.69921875,24337.25,32.44921875,-8.099609375,26.69921875,13.849609375,DOWN
2024-08-09 11:30:00,24350.75,24371.849609375,24344.849609375,24371.400390625,24371.400390625,0,2024,8,11,9,Friday,30,24371.849609375,24344.849609375,27.0,-20.650390625,21.099609375,26.55078125,DOWN
2024-08-09 12:00:00,24371.0,24374.900390625,24344.69921875,24355.150390625,24355.150390625,0,2024,8,12,9,Friday,0,24374.900390625,24344.69921875,30.201171875,15.849609375,3.900390625,10.451171875,UP
2024-08-09 12:30:00,24354.650390625,24371.150390625,24338.69921875,24344.55078125,24344.55078125,0,2024,8,12,9,Friday,30,24371.150390625,24338.69921875,32.451171875,10.099609375,16.5,5.8515625,UP
2024-08-09 13:00:00,24343.849609375,24374.900390625,24338.099609375,24372.75,24372.75,0,2024,8,13,9,Friday,0,24374.900390625,24338.099609375,36.80078125,-28.900390625,31.05078125,34.650390625,DOWN
2024-08-09 13:30:00,24371.099609375,24374.05078125,24350.25,24364.0,24364.0,0,2024,8,13,9,Friday,30,24374.05078125,24350.25,23.80078125,7.099609375,2.951171875,13.75,UP
2024-08-09 14:00:00,24364.75,24389.599609375,24364.75,24365.650390625,24365.650390625,0,2024,8,14,9,Friday,0,24389.599609375,24364.75,24.849609375,-0.900390625,24.849609375,0.900390625,DOWN
2024-08-09 14:30:00,24365.400390625,24377.400390625,24353.849609375,24375.30078125,24375.30078125,0,2024,8,14,9,Friday,30,24377.400390625,24353.849609375,23.55078125,-9.900390625,12.0,21.451171875,DOWN
2024-08-09 15:00:00,24377.400390625,24381.80078125,24356.94921875,24363.75,24363.75,0,2024,8,15,9,Friday,0,24381.80078125,24356.94921875,24.8515625,13.650390625,4.400390625,6.80078125,UP
2024-08-12 09:30:00,24274.44921875,24302.05078125,24212.30078125,24223.400390625,24223.400390625,0,2024,8,9,12,Monday,30,24302.05078125,24212.30078125,89.75,51.048828125,27.6015625,11.099609375,UP
2024-08-12 10:00:00,24223.05078125,24304.599609375,24219.25,24290.849609375,24290.849609375,0,2024,8,10,12,Monday,0,24304.599609375,24219.25,85.349609375,-67.798828125,81.548828125,71.599609375,DOWN
2024-08-12 10:30:00,24291.05078125,24405.849609375,24290.19921875,24400.30078125,24400.30078125,0,2024,8,10,12,Monday,30,24405.849609375,24290.19921875,115.650390625,-109.25,114.798828125,110.1015625,DOWN
2024-08-12 11:00:00,24400.75,24472.69921875,24381.150390625,24450.44921875,24450.44921875,0,2024,8,11,12,Monday,0,24472.69921875,24381.150390625,91.548828125,-49.69921875,71.94921875,69.298828125,DOWN
2024-08-12 11:30:00,24452.0,24466.44921875,24404.099609375,24418.25,24418.25,0,2024,8,11,12,Monday,30,24466.44921875,24404.099609375,62.349609375,33.75,14.44921875,14.150390625,UP
2024-08-12 12:00:00,24418.69921875,24426.30078125,24382.400390625,24391.5,24391.5,0,2024,8,12,12,Monday,0,24426.30078125,24382.400390625,43.900390625,27.19921875,7.6015625,9.099609375,UP
2024-08-12 12:30:00,24392.05078125,24436.44921875,24380.55078125,24402.80078125,24402.80078125,0,2024,8,12,12,Monday,30,24436.44921875,24380.55078125,55.8984375,-10.75,44.3984375,22.25,DOWN
2024-08-12 13:00:00,24406.150390625,24439.099609375,24392.75,24415.30078125,24415.30078125,0,2024,8,13,12,Monday,0,24439.099609375,24392.75,46.349609375,-9.150390625,32.94921875,22.55078125,DOWN
2024-08-12 13:30:00,24415.55078125,24432.650390625,24409.5,24423.75,24423.75,0,2024,8,13,12,Monday,30,24432.650390625,24409.5,23.150390625,-8.19921875,17.099609375,14.25,DOWN
2024-08-12 14:00:00,24423.349609375,24444.349609375,24395.849609375,24407.900390625,24407.900390625,0,2024,8,14,12,Monday,0,24444.349609375,24395.849609375,48.5,15.44921875,21.0,12.05078125,UP
2024-08-12 14:30:00,24406.400390625,24429.349609375,24349.0,24349.0,24349.0,0,2024,8,14,12,Monday,30,24429.349609375,24349.0,80.349609375,57.400390625,22.94921875,0.0,UP
2024-08-12 15:00:00,24350.80078125,24365.349609375,24302.400390625,24348.80078125,24348.80078125,0,2024,8,15,12,Monday,0,24365.349609375,24302.400390625,62.94921875,2.0,14.548828125,46.400390625,UP
2024-08-13 09:30:00,24322.150390625,24358.0,24300.0,24315.75,24315.75,0,2024,8,9,13,Tuesday,30,24358.0,24300.0,58.0,6.400390625,35.849609375,15.75,UP
2024-08-13 10:00:00,24314.349609375,24341.94921875,24292.05078125,24295.650390625,24295.650390625,0,2024,8,10,13,Tuesday,0,24341.94921875,24292.05078125,49.8984375,18.69921875,27.599609375,3.599609375,UP
2024-08-13 10:30:00,24295.849609375,24317.94921875,24277.75,24309.94921875,24309.94921875,0,2024,8,10,13,Tuesday,30,24317.94921875,24277.75,40.19921875,-14.099609375,22.099609375,32.19921875,DOWN
2024-08-13 11:00:00,24308.400390625,24328.150390625,24290.94921875,24326.900390625,24326.900390625,0,2024,8,11,13,Tuesday,0,24328.150390625,24290.94921875,37.201171875,-18.5,19.75,35.951171875,DOWN
2024-08-13 11:30:00,24326.849609375,24330.150390625,24304.80078125,24323.69921875,24323.69921875,0,2024,8,11,13,Tuesday,30,24330.150390625,24304.80078125,25.349609375,3.150390625,3.30078125,18.8984375,UP
2024-08-13 12:00:00,24322.80078125,24327.650390625,24268.80078125,24286.150390625,24286.150390625,0,2024,8,12,13,Tuesday,0,24327.650390625,24268.80078125,58.849609375,36.650390625,4.849609375,17.349609375,UP
2024-08-13 12:30:00,24285.55078125,24287.94921875,24218.44921875,24234.30078125,24234.30078125,0,2024,8,12,13,Tuesday,30,24287.94921875,24218.44921875,69.5,51.25,2.3984375,15.8515625,UP
2024-08-13 13:00:00,24233.44921875,24251.150390625,24205.25,24246.30078125,24246.30078125,0,2024,8,13,13,Tuesday,0,24251.150390625,24205.25,45.900390625,-12.8515625,17.701171875,41.05078125,DOWN
2024-08-13 13:30:00,24246.05078125,24257.30078125,24157.75,24159.69921875,24159.69921875,0,2024,8,13,13,Tuesday,30,24257.30078125,24157.75,99.55078125,86.3515625,11.25,1.94921875,UP
2024-08-13 14:00:00,24159.5,24177.94921875,24117.19921875,24170.900390625,24170.900390625,0,2024,8,14,13,Tuesday,0,24177.94921875,24117.19921875,60.75,-11.400390625,18.44921875,53.701171875,DOWN
2024-08-13 14:30:00,24170.900390625,24176.75,24121.599609375,24127.94921875,24127.94921875,0,2024,8,14,13,Tuesday,30,24176.75,24121.599609375,55.150390625,42.951171875,5.849609375,6.349609375,UP
2024-08-13 15:00:00,24128.650390625,24164.900390625,24119.349609375,24141.19921875,24141.19921875,0,2024,8,15,13,Tuesday,0,24164.900390625,24119.349609375,45.55078125,-12.548828125,36.25,21.849609375,DOWN
2024-08-14 09:30:00,24135.30078125,24174.400390625,24100.150390625,24113.400390625,24113.400390625,0,2024,8,9,14,Wednesday,30,24174.400390625,24100.150390625,74.25,21.900390625,39.099609375,13.25,UP
2024-08-14 10:00:00,24113.30078125,24171.349609375,24113.30078125,24141.650390625,24141.650390625,0,2024,8,10,14,Wednesday,0,24171.349609375,24113.30078125,58.048828125,-28.349609375,58.048828125,28.349609375,DOWN
2024-08-14 10:30:00,24140.849609375,24170.55078125,24127.69921875,24133.44921875,24133.44921875,0,2024,8,10,14,Wednesday,30,24170.55078125,24127.69921875,42.8515625,7.400390625,29.701171875,5.75,UP
2024-08-14 11:00:00,24133.30078125,24151.099609375,24118.30078125,24151.099609375,24151.099609375,0,2024,8,11,14,Wednesday,0,24151.099609375,24118.30078125,32.798828125,-17.798828125,17.798828125,32.798828125,DOWN
2024-08-14 11:30:00,24150.94921875,24156.19921875,24127.150390625,24147.94921875,24147.94921875,0,2024,8,11,14,Wednesday,30,24156.19921875,24127.150390625,29.048828125,3.0,5.25,20.798828125,UP
2024-08-14 12:00:00,24147.25,24166.150390625,24144.150390625,24158.94921875,24158.94921875,0,2024,8,12,14,Wednesday,0,24166.150390625,24144.150390625,22.0,-11.69921875,18.900390625,14.798828125,DOWN
2024-08-14 12:30:00,24158.25,24192.94921875,24145.44921875,24190.900390625,24190.900390625,0,2024,8,12,14,Wednesday,30,24192.94921875,24145.44921875,47.5,-32.650390625,34.69921875,45.451171875,DOWN
2024-08-14 13:00:00,24188.55078125,24194.349609375,24147.400390625,24159.44921875,24159.44921875,0,2024,8,13,14,Wednesday,0,24194.349609375,24147.400390625,46.94921875,29.1015625,5.798828125,12.048828125,UP
2024-08-14 13:30:00,24159.650390625,24169.25,24145.599609375,24156.94921875,24156.94921875,0,2024,8,13,14,Wednesday,30,24169.25,24145.599609375,23.650390625,2.701171875,9.599609375,11.349609375,UP
2024-08-14 14:00:00,24156.5,24177.75,24152.900390625,24156.0,24156.0,0,2024,8,14,14,Wednesday,0,24177.75,24152.900390625,24.849609375,0.5,21.25,3.099609375,UP
2024-08-14 14:30:00,24156.5,24163.599609375,24127.5,24136.5,24136.5,0,2024,8,14,14,Wednesday,30,24163.599609375,24127.5,36.099609375,20.0,7.099609375,9.0,UP
2024-08-14 15:00:00,24136.19921875,24157.30078125,24121.849609375,24143.69921875,24143.69921875,0,2024,8,15,14,Wednesday,0,24157.30078125,24121.849609375,35.451171875,-7.5,21.1015625,21.849609375,DOWN
2024-08-16 09:30:00,24385.30078125,24398.55078125,24287.44921875,24300.150390625,24300.150390625,0,2024,8,9,16,Friday,30,24398.55078125,24287.44921875,111.1015625,85.150390625,13.25,12.701171875,UP
2024-08-16 10:00:00,24299.099609375,24319.599609375,24234.0,24238.94921875,24238.94921875,0,2024,8,10,16,Friday,0,24319.599609375,24234.0,85.599609375,60.150390625,20.5,4.94921875,UP
2024-08-16 10:30:00,24241.05078125,24274.900390625,24205.19921875,24256.900390625,24256.900390625,0,2024,8,10,16,Friday,30,24274.900390625,24205.19921875,69.701171875,-15.849609375,33.849609375,51.701171875,DOWN
2024-08-16 11:00:00,24257.44921875,24319.94921875,24226.400390625,24313.900390625,24313.900390625,0,2024,8,11,16,Friday,0,24319.94921875,24226.400390625,93.548828125,-56.451171875,62.5,87.5,DOWN
2024-08-16 11:30:00,24313.30078125,24388.75,24303.75,24385.849609375,24385.849609375,0,2024,8,11,16,Friday,30,24388.75,24303.75,85.0,-72.548828125,75.44921875,82.099609375,DOWN
2024-08-16 12:00:00,24385.099609375,24440.30078125,24375.69921875,24409.30078125,24409.30078125,0,2024,8,12,16,Friday,0,24440.30078125,24375.69921875,64.6015625,-24.201171875,55.201171875,33.6015625,DOWN
2024-08-16 12:30:00,24409.05078125,24451.19921875,24408.400390625,24427.650390625,24427.650390625,0,2024,8,12,16,Friday,30,24451.19921875,24408.400390625,42.798828125,-18.599609375,42.1484375,19.25,DOWN
2024-08-16 13:00:00,24427.099609375,24458.94921875,24426.900390625,24438.05078125,24438.05078125,0,2024,8,13,16,Friday,0,24458.94921875,24426.900390625,32.048828125,-10.951171875,31.849609375,11.150390625,DOWN
2024-08-16 13:30:00,24437.30078125,24495.150390625,24434.69921875,24481.80078125,24481.80078125,0,2024,8,13,16,Friday,30,24495.150390625,24434.69921875,60.451171875,-44.5,57.849609375,47.1015625,DOWN
2024-08-16 14:00:00,24481.69921875,24517.75,24481.400390625,24506.150390625,24506.150390625,0,2024,8,14,16,Friday,0,24517.75,24481.400390625,36.349609375,-24.451171875,36.05078125,24.75,DOWN
2024-08-16 14:30:00,24504.849609375,24517.75,24473.25,24513.650390625,24513.650390625,0,2024,8,14,16,Friday,30,24517.75,24473.25,44.5,-8.80078125,12.900390625,40.400390625,DOWN
2024-08-16 15:00:00,24513.19921875,24563.44921875,24507.75,24539.19921875,24539.19921875,0,2024,8,15,16,Friday,0,24563.44921875,24507.75,55.69921875,-26.0,50.25,31.44921875,DOWN
2024-08-19 09:30:00,24582.5,24625.94921875,24566.30078125,24585.25,24585.25,0,2024,8,9,19,Monday,30,24625.94921875,24566.30078125,59.6484375,-2.75,43.44921875,18.94921875,DOWN
2024-08-19 10:00:00,24584.19921875,24602.099609375,24542.150390625,24558.0,24558.0,0,2024,8,10,19,Monday,0,24602.099609375,24542.150390625,59.94921875,26.19921875,17.900390625,15.849609375,UP
2024-08-19 10:30:00,24557.5,24579.94921875,24543.05078125,24552.5,24552.5,0,2024,8,10,19,Monday,30,24579.94921875,24543.05078125,36.8984375,5.0,22.44921875,9.44921875,UP
2024-08-19 11:00:00,24551.650390625,24588.05078125,24523.55078125,24585.55078125,24585.55078125,0,2024,8,11,19,Monday,0,24588.05078125,24523.55078125,64.5,-33.900390625,36.400390625,62.0,DOWN
2024-08-19 11:30:00,24586.349609375,24598.0,24570.94921875,24593.900390625,24593.900390625,0,2024,8,11,19,Monday,30,24598.0,24570.94921875,27.05078125,-7.55078125,11.650390625,22.951171875,DOWN
2024-08-19 12:00:00,24594.0,24596.650390625,24556.30078125,24556.599609375,24556.599609375,0,2024,8,12,19,Monday,0,24596.650390625,24556.30078125,40.349609375,37.400390625,2.650390625,0.298828125,UP
2024-08-19 12:30:00,24556.849609375,24586.599609375,24552.25,24574.650390625,24574.650390625,0,2024,8,12,19,Monday,30,24586.599609375,24552.25,34.349609375,-17.80078125,29.75,22.400390625,DOWN
2024-08-19 13:00:00,24574.69921875,24605.099609375,24562.849609375,24562.849609375,24562.849609375,0,2024,8,13,19,Monday,0,24605.099609375,24562.849609375,42.25,11.849609375,30.400390625,0.0,UP
2024-08-19 13:30:00,24561.80078125,24576.30078125,24543.849609375,24569.5,24569.5,0,2024,8,13,19,Monday,30,24576.30078125,24543.849609375,32.451171875,-7.69921875,14.5,25.650390625,DOWN
2024-08-19 14:00:00,24569.650390625,24588.0,24563.0,24583.0,24583.0,0,2024,8,14,19,Monday,0,24588.0,24563.0,25.0,-13.349609375,18.349609375,20.0,DOWN
2024-08-19 14:30:00,24584.25,24592.349609375,24566.900390625,24577.849609375,24577.849609375,0,2024,8,14,19,Monday,30,24592.349609375,24566.900390625,25.44921875,6.400390625,8.099609375,10.94921875,UP
2024-08-19 15:00:00,24578.69921875,24590.30078125,24562.44921875,24579.0,24579.0,0,2024,8,15,19,Monday,0,24590.30078125,24562.44921875,27.8515625,-0.30078125,11.6015625,16.55078125,DOWN
2024-08-20 09:30:00,24622.400390625,24697.94921875,24616.150390625,24695.599609375,24695.599609375,0,2024,8,9,20,Tuesday,30,24697.94921875,24616.150390625,81.798828125,-73.19921875,75.548828125,79.44921875,DOWN
2024-08-20 10:00:00,24695.30078125,24729.0,24695.30078125,24719.0,24719.0,0,2024,8,10,20,Tuesday,0,24729.0,24695.30078125,33.69921875,-23.69921875,33.69921875,23.69921875,DOWN
2024-08-20 10:30:00,24718.150390625,24733.94921875,24684.55078125,24685.5,24685.5,0,2024,8,10,20,Tuesday,30,24733.94921875,24684.55078125,49.3984375,32.650390625,15.798828125,0.94921875,UP
2024-08-20 11:00:00,24685.05078125,24713.30078125,24674.55078125,24709.44921875,24709.44921875,0,2024,8,11,20,Tuesday,0,24713.30078125,24674.55078125,38.75,-24.3984375,28.25,34.8984375,DOWN
2024-08-20 11:30:00,24709.44921875,24717.30078125,24688.05078125,24711.94921875,24711.94921875,0,2024,8,11,20,Tuesday,30,24717.30078125,24688.05078125,29.25,-2.5,7.8515625,23.8984375,DOWN
2024-08-20 12:00:00,24711.19921875,24723.150390625,24704.44921875,24717.849609375,24717.849609375,0,2024,8,12,20,Tuesday,0,24723.150390625,24704.44921875,18.701171875,-6.650390625,11.951171875,13.400390625,DOWN
2024-08-20 12:30:00,24717.44921875,24734.150390625,24701.55078125,24729.400390625,24729.400390625,0,2024,8,12,20,Tuesday,30,24734.150390625,24701.55078125,32.599609375,-11.951171875,16.701171875,27.849609375,DOWN
2024-08-20 13:00:00,24729.5,24731.650390625,24705.599609375,24711.25,24711.25,0,2024,8,13,20,Tuesday,0,24731.650390625,24705.599609375,26.05078125,18.25,2.150390625,5.650390625,UP
2024-08-20 13:30:00,24709.19921875,24729.099609375,24702.5,24721.30078125,24721.30078125,0,2024,8,13,20,Tuesday,30,24729.099609375,24702.5,26.599609375,-12.1015625,19.900390625,18.80078125,DOWN
2024-08-20 14:00:00,24721.400390625,24727.349609375,24699.400390625,24715.099609375,24715.099609375,0,2024,8,14,20,Tuesday,0,24727.349609375,24699.400390625,27.94921875,6.30078125,5.94921875,15.69921875,UP
2024-08-20 14:30:00,24715.19921875,24729.30078125,24710.099609375,24720.849609375,24720.849609375,0,2024,8,14,20,Tuesday,30,24729.30078125,24710.099609375,19.201171875,-5.650390625,14.1015625,10.75,DOWN
2024-08-20 15:00:00,24719.69921875,24719.69921875,24670.849609375,24672.849609375,24672.849609375,0,2024,8,15,20,Tuesday,0,24719.69921875,24670.849609375,48.849609375,46.849609375,0.0,2.0,UP
2024-08-21 09:30:00,24677.69921875,24713.099609375,24660.69921875,24690.349609375,24690.349609375,0,2024,8,9,21,Wednesday,30,24713.099609375,24660.69921875,52.400390625,-12.650390625,35.400390625,29.650390625,DOWN
2024-08-21 10:00:00,24688.400390625,24753.900390625,24688.400390625,24741.19921875,24741.19921875,0,2024,8,10,21,Wednesday,0,24753.900390625,24688.400390625,65.5,-52.798828125,65.5,52.798828125,DOWN
2024-08-21 10:30:00,24741.44921875,24745.599609375,24712.0,24724.650390625,24724.650390625,0,2024,8,10,21,Wednesday,30,24745.599609375,24712.0,33.599609375,16.798828125,4.150390625,12.650390625,UP
2024-08-21 11:00:00,24724.55078125,24742.30078125,24678.80078125,24738.0,24738.0,0,2024,8,11,21,Wednesday,0,24742.30078125,24678.80078125,63.5,-13.44921875,17.75,59.19921875,DOWN
2024-08-21 11:30:00,24738.099609375,24740.44921875,24697.599609375,24716.099609375,24716.099609375,0,2024,8,11,21,Wednesday,30,24740.44921875,24697.599609375,42.849609375,22.0,2.349609375,18.5,UP
2024-08-21 12:00:00,24717.25,24735.05078125,24714.900390625,24724.849609375,24724.849609375,0,2024,8,12,21,Wednesday,0,24735.05078125,24714.900390625,20.150390625,-7.599609375,17.80078125,9.94921875,DOWN
2024-08-21 12:30:00,24724.650390625,24739.099609375,24716.30078125,24722.900390625,24722.900390625,0,2024,8,12,21,Wednesday,30,24739.099609375,24716.30078125,22.798828125,1.75,14.44921875,6.599609375,UP
2024-08-21 13:00:00,24721.849609375,24733.650390625,24696.80078125,24714.599609375,24714.599609375,0,2024,8,13,21,Wednesday,0,24733.650390625,24696.80078125,36.849609375,7.25,11.80078125,17.798828125,UP
2024-08-21 13:30:00,24718.0,24731.94921875,24709.05078125,24724.599609375,24724.599609375,0,2024,8,13,21,Wednesday,30,24731.94921875,24709.05078125,22.8984375,-6.599609375,13.94921875,15.548828125,DOWN
2024-08-21 14:00:00,24724.650390625,24747.30078125,24720.94921875,24740.349609375,24740.349609375,0,2024,8,14,21,Wednesday,0,24747.30078125,24720.94921875,26.3515625,-15.69921875,22.650390625,19.400390625,DOWN
2024-08-21 14:30:00,24740.400390625,24753.75,24722.75,24751.55078125,24751.55078125,0,2024,8,14,21,Wednesday,30,24753.75,24722.75,31.0,-11.150390625,13.349609375,28.80078125,DOWN
2024-08-21 15:00:00,24752.19921875,24786.19921875,24751.69921875,24781.900390625,24781.900390625,0,2024,8,15,21,Wednesday,0,24786.19921875,24751.69921875,34.5,-29.701171875,34.0,30.201171875,DOWN
2024-08-22 09:30:00,24827.150390625,24839.55078125,24785.0,24809.25,24809.25,0,2024,8,9,22,Thursday,30,24839.55078125,24785.0,54.55078125,17.900390625,12.400390625,24.25,UP
2024-08-22 10:00:00,24809.44921875,24823.19921875,24793.05078125,24808.849609375,24808.849609375,0,2024,8,10,22,Thursday,0,24823.19921875,24793.05078125,30.1484375,0.599609375,13.75,15.798828125,UP
2024-08-22 10:30:00,24808.55078125,24830.099609375,24806.849609375,24826.099609375,24826.099609375,0,2024,8,10,22,Thursday,30,24830.099609375,24806.849609375,23.25,-17.548828125,21.548828125,19.25,DOWN
2024-08-22 11:00:00,24826.099609375,24829.400390625,24810.55078125,24824.400390625,24824.400390625,0,2024,8,11,22,Thursday,0,24829.400390625,24810.55078125,18.849609375,1.69921875,3.30078125,13.849609375,UP
2024-08-22 11:30:00,24824.349609375,24847.80078125,24818.44921875,24839.849609375,24839.849609375,0,2024,8,11,22,Thursday,30,24847.80078125,24818.44921875,29.3515625,-15.5,23.451171875,21.400390625,DOWN
2024-08-22 12:00:00,24840.349609375,24842.05078125,24826.80078125,24829.5,24829.5,0,2024,8,12,22,Thursday,0,24842.05078125,24826.80078125,15.25,10.849609375,1.701171875,2.69921875,UP
2024-08-22 12:30:00,24829.849609375,24835.599609375,24822.650390625,24826.900390625,24826.900390625,0,2024,8,12,22,Thursday,30,24835.599609375,24822.650390625,12.94921875,2.94921875,5.75,4.25,UP
2024-08-22 13:00:00,24827.25,24829.849609375,24800.849609375,24811.099609375,24811.099609375,0,2024,8,13,22,Thursday,0,24829.849609375,24800.849609375,29.0,16.150390625,2.599609375,10.25,UP
2024-08-22 13:30:00,24812.099609375,24833.400390625,24802.849609375,24826.30078125,24826.30078125,0,2024,8,13,22,Thursday,30,24833.400390625,24802.849609375,30.55078125,-14.201171875,21.30078125,23.451171875,DOWN
2024-08-22 14:00:00,24827.30078125,24837.69921875,24804.19921875,24809.650390625,24809.650390625,0,2024,8,14,22,Thursday,0,24837.69921875,24804.19921875,33.5,17.650390625,10.3984375,5.451171875,UP
2024-08-22 14:30:00,24811.400390625,24815.900390625,24796.900390625,24810.05078125,24810.05078125,0,2024,8,14,22,Thursday,30,24815.900390625,24796.900390625,19.0,1.349609375,4.5,13.150390625,UP
2024-08-22 15:00:00,24810.30078125,24822.75,24796.650390625,24810.900390625,24810.900390625,0,2024,8,15,22,Thursday,0,24822.75,24796.650390625,26.099609375,-0.599609375,12.44921875,14.25,DOWN
2024-08-23 09:30:00,24829.150390625,24835.55078125,24771.80078125,24822.25,24822.25,0,2024,8,9,23,Friday,30,24835.55078125,24771.80078125,63.75,6.900390625,6.400390625,50.44921875,UP
2024-08-23 10:00:00,24822.150390625,24824.75,24797.0,24817.900390625,24817.900390625,0,2024,8,10,23,Friday,0,24824.75,24797.0,27.75,4.25,2.599609375,20.900390625,UP
2024-08-23 10:30:00,24817.650390625,24848.94921875,24814.19921875,24836.94921875,24836.94921875,0,2024,8,10,23,Friday,30,24848.94921875,24814.19921875,34.75,-19.298828125,31.298828125,22.75,DOWN
2024-08-23 11:00:00,24835.75,24853.75,24832.650390625,24847.849609375,24847.849609375,0,2024,8,11,23,Friday,0,24853.75,24832.650390625,21.099609375,-12.099609375,18.0,15.19921875,DOWN
2024-08-23 11:30:00,24848.05078125,24848.5,24819.30078125,24834.75,24834.75,0,2024,8,11,23,Friday,30,24848.5,24819.30078125,29.19921875,13.30078125,0.44921875,15.44921875,UP
2024-08-23 12:00:00,24834.5,24847.650390625,24832.900390625,24839.55078125,24839.55078125,0,2024,8,12,23,Friday,0,24847.650390625,24832.900390625,14.75,-5.05078125,13.150390625,6.650390625,DOWN
2024-08-23 12:30:00,24839.25,24844.44921875,24829.94921875,24836.5,24836.5,0,2024,8,12,23,Friday,30,24844.44921875,24829.94921875,14.5,2.75,5.19921875,6.55078125,UP
2024-08-23 13:00:00,24834.55078125,24843.05078125,24818.900390625,24823.0,24823.0,0,2024,8,13,23,Friday,0,24843.05078125,24818.900390625,24.150390625,11.55078125,8.5,4.099609375,UP
2024-08-23 13:30:00,24822.94921875,24839.5,24819.650390625,24836.650390625,24836.650390625,0,2024,8,13,23,Friday,30,24839.5,24819.650390625,19.849609375,-13.701171875,16.55078125,17.0,DOWN
2024-08-23 14:00:00,24835.650390625,24848.849609375,24822.400390625,24842.75,24842.75,0,2024,8,14,23,Friday,0,24848.849609375,24822.400390625,26.44921875,-7.099609375,13.19921875,20.349609375,DOWN
2024-08-23 14:30:00,24839.80078125,24848.5,24811.849609375,24824.44921875,24824.44921875,0,2024,8,14,23,Friday,30,24848.5,24811.849609375,36.650390625,15.3515625,8.69921875,12.599609375,UP
2024-08-23 15:00:00,24823.30078125,24841.75,24794.69921875,24831.849609375,24831.849609375,0,2024,8,15,23,Friday,0,24841.75,24794.69921875,47.05078125,-8.548828125,18.44921875,37.150390625,DOWN
2024-08-26 09:30:00,24917.599609375,24995.69921875,24907.05078125,24981.19921875,24981.19921875,0,2024,8,9,26,Monday,30,24995.69921875,24907.05078125,88.6484375,-63.599609375,78.099609375,74.1484375,DOWN
2024-08-26 10:00:00,24980.599609375,25043.650390625,24966.25,25002.5,25002.5,0,2024,8,10,26,Monday,0,25043.650390625,24966.25,77.400390625,-21.900390625,63.05078125,36.25,DOWN
2024-08-26 10:30:00,25001.30078125,25012.5,24971.25,24985.599609375,24985.599609375,0,2024,8,10,26,Monday,30,25012.5,24971.25,41.25,15.701171875,11.19921875,14.349609375,UP
2024-08-26 11:00:00,24985.05078125,24992.099609375,24973.099609375,24991.849609375,24991.849609375,0,2024,8,11,26,Monday,0,24992.099609375,24973.099609375,19.0,-6.798828125,7.048828125,18.75,DOWN
2024-08-26 11:30:00,24991.650390625,25020.25,24990.25,25002.80078125,25002.80078125,0,2024,8,11,26,Monday,30,25020.25,24990.25,30.0,-11.150390625,28.599609375,12.55078125,DOWN
2024-08-26 12:00:00,25003.30078125,25015.25,24995.30078125,25007.30078125,25007.30078125,0,2024,8,12,26,Monday,0,25015.25,24995.30078125,19.94921875,-4.0,11.94921875,12.0,DOWN
2024-08-26 12:30:00,25006.94921875,25034.75,25006.0,25022.69921875,25022.69921875,0,2024,8,12,26,Monday,30,25034.75,25006.0,28.75,-15.75,27.80078125,16.69921875,DOWN
2024-08-26 13:00:00,25023.599609375,25034.05078125,25016.900390625,25023.150390625,25023.150390625,0,2024,8,13,26,Monday,0,25034.05078125,25016.900390625,17.150390625,0.44921875,10.451171875,6.25,UP
2024-08-26 13:30:00,25022.900390625,25030.30078125,25001.650390625,25027.94921875,25027.94921875,0,2024,8,13,26,Monday,30,25030.30078125,25001.650390625,28.650390625,-5.048828125,7.400390625,26.298828125,DOWN
2024-08-26 14:00:00,25027.900390625,25030.55078125,25005.55078125,25023.349609375,25023.349609375,0,2024,8,14,26,Monday,0,25030.55078125,25005.55078125,25.0,4.55078125,2.650390625,17.798828125,UP
2024-08-26 14:30:00,25023.650390625,25033.19921875,25013.44921875,25018.349609375,25018.349609375,0,2024,8,14,26,Monday,30,25033.19921875,25013.44921875,19.75,5.30078125,9.548828125,4.900390625,UP
2024-08-26 15:00:00,25020.19921875,25022.05078125,25002.80078125,25011.44921875,25011.44921875,0,2024,8,15,26,Monday,0,25022.05078125,25002.80078125,19.25,8.75,1.8515625,8.6484375,UP
2024-08-27 09:30:00,25002.150390625,25043.650390625,24973.900390625,25028.099609375,25028.099609375,0,2024,8,9,27,Tuesday,30,25043.650390625,24973.900390625,69.75,-25.94921875,41.5,54.19921875,DOWN
2024-08-27 10:00:00,25028.349609375,25041.30078125,24993.05078125,24993.599609375,24993.599609375,0,2024,8,10,27,Tuesday,0,25041.30078125,24993.05078125,48.25,34.75,12.951171875,0.548828125,UP
2024-08-27 10:30:00,24991.650390625,25029.30078125,24983.5,25025.75,25025.75,0,2024,8,10,27,Tuesday,30,25029.30078125,24983.5,45.80078125,-34.099609375,37.650390625,42.25,DOWN
2024-08-27 11:00:00,25024.900390625,25072.650390625,25024.900390625,25068.900390625,25068.900390625,0,2024,8,11,27,Tuesday,0,25072.650390625,25024.900390625,47.75,-44.0,47.75,44.0,DOWN
2024-08-27 11:30:00,25069.650390625,25073.05078125,25039.5,25041.80078125,25041.80078125,0,2024,8,11,27,Tuesday,30,25073.05078125,25039.5,33.55078125,27.849609375,3.400390625,2.30078125,UP
2024-08-27 12:00:00,25041.5,25058.5,25033.650390625,25043.599609375,25043.599609375,0,2024,8,12,27,Tuesday,0,25058.5,25033.650390625,24.849609375,-2.099609375,17.0,9.94921875,DOWN
2024-08-27 12:30:00,25042.0,25060.19921875,25040.44921875,25043.55078125,25043.55078125,0,2024,8,12,27,Tuesday,30,25060.19921875,25040.44921875,19.75,-1.55078125,18.19921875,3.1015625,DOWN
2024-08-27 13:00:00,25043.650390625,25059.94921875,25040.900390625,25047.900390625,25047.900390625,0,2024,8,13,27,Tuesday,0,25059.94921875,25040.900390625,19.048828125,-4.25,16.298828125,7.0,DOWN
2024-08-27 13:30:00,25050.05078125,25067.099609375,25047.80078125,25058.400390625,25058.400390625,0,2024,8,13,27,Tuesday,30,25067.099609375,25047.80078125,19.298828125,-8.349609375,17.048828125,10.599609375,DOWN
2024-08-27 14:00:00,25057.19921875,25060.55078125,25038.900390625,25046.94921875,25046.94921875,0,2024,8,14,27,Tuesday,0,25060.55078125,25038.900390625,21.650390625,10.25,3.3515625,8.048828125,UP
2024-08-27 14:30:00,25047.0,25053.099609375,24998.0,25016.05078125,25016.05078125,0,2024,8,14,27,Tuesday,30,25053.099609375,24998.0,55.099609375,30.94921875,6.099609375,18.05078125,UP
2024-08-27 15:00:00,25016.75,25032.05078125,24988.400390625,24997.05078125,24997.05078125,0,2024,8,15,27,Tuesday,0,25032.05078125,24988.400390625,43.650390625,19.69921875,15.30078125,8.650390625,UP
2024-08-28 09:30:00,25012.55078125,25025.75,24964.849609375,25023.099609375,25023.099609375,0,2024,8,9,28,Wednesday,30,25025.75,24964.849609375,60.900390625,-10.548828125,13.19921875,58.25,DOWN
2024-08-28 10:00:00,25022.150390625,25029.400390625,24987.94921875,25010.349609375,25010.349609375,0,2024,8,10,28,Wednesday,0,25029.400390625,24987.94921875,41.451171875,11.80078125,7.25,22.400390625,UP
2024-08-28 10:30:00,25010.599609375,25032.19921875,24999.94921875,25023.849609375,25023.849609375,0,2024,8,10,28,Wednesday,30,25032.19921875,24999.94921875,32.25,-13.25,21.599609375,23.900390625,DOWN
2024-08-28 11:00:00,25023.25,25078.19921875,25020.5,25061.0,25061.0,0,2024,8,11,28,Wednesday,0,25078.19921875,25020.5,57.69921875,-37.75,54.94921875,40.5,DOWN
2024-08-28 11:30:00,25059.55078125,25113.80078125,25056.75,25094.30078125,25094.30078125,0,2024,8,11,28,Wednesday,30,25113.80078125,25056.75,57.05078125,-34.75,54.25,37.55078125,DOWN
2024-08-28 12:00:00,25092.94921875,25102.19921875,25080.80078125,25100.80078125,25100.80078125,0,2024,8,12,28,Wednesday,0,25102.19921875,25080.80078125,21.3984375,-7.8515625,9.25,20.0,DOWN
2024-08-28 12:30:00,25099.80078125,25110.05078125,25088.25,25098.099609375,25098.099609375,0,2024,8,12,28,Wednesday,30,25110.05078125,25088.25,21.80078125,1.701171875,10.25,9.849609375,UP
2024-08-28 13:00:00,25097.75,25113.349609375,25090.55078125,25106.44921875,25106.44921875,0,2024,8,13,28,Wednesday,0,25113.349609375,25090.55078125,22.798828125,-8.69921875,15.599609375,15.8984375,DOWN
2024-08-28 13:30:00,25106.05078125,25114.849609375,25093.69921875,25108.69921875,25108.69921875,0,2024,8,13,28,Wednesday,30,25114.849609375,25093.69921875,21.150390625,-2.6484375,8.798828125,15.0,DOWN
2024-08-28 14:00:00,25107.900390625,25128.099609375,25107.69921875,25114.650390625,25114.650390625,0,2024,8,14,28,Wednesday,0,25128.099609375,25107.69921875,20.400390625,-6.75,20.19921875,6.951171875,DOWN
2024-08-28 14:30:00,25114.099609375,25115.55078125,25049.80078125,25060.05078125,25060.05078125,0,2024,8,14,28,Wednesday,30,25115.55078125,25049.80078125,65.75,54.048828125,1.451171875,10.25,UP
2024-08-28 15:00:00,25061.44921875,25068.349609375,25032.099609375,25044.849609375,25044.849609375,0,2024,8,15,28,Wednesday,0,25068.349609375,25032.099609375,36.25,16.599609375,6.900390625,12.75,UP
2024-08-29 09:30:00,25054.849609375,25109.30078125,25043.69921875,25098.0,25098.0,0,2024,8,9,29,Thursday,30,25109.30078125,25043.69921875,65.6015625,-43.150390625,54.451171875,54.30078125,DOWN
2024-08-29 10:00:00,25098.0,25117.599609375,25086.55078125,25110.900390625,25110.900390625,0,2024,8,10,29,Thursday,0,25117.599609375,25086.55078125,31.048828125,-12.900390625,19.599609375,24.349609375,DOWN
2024-08-29 10:30:00,25110.44921875,25115.80078125,25077.05078125,25089.349609375,25089.349609375,0,2024,8,10,29,Thursday,30,25115.80078125,25077.05078125,38.75,21.099609375,5.3515625,12.298828125,UP
2024-08-29 11:00:00,25089.5,25106.5,25085.25,25100.099609375,25100.099609375,0,2024,8,11,29,Thursday,0,25106.5,25085.25,21.25,-10.599609375,17.0,14.849609375,DOWN
2024-08-29 11:30:00,25100.099609375,25103.25,25072.150390625,25078.849609375,25078.849609375,0,2024,8,11,29,Thursday,30,25103.25,25072.150390625,31.099609375,21.25,3.150390625,6.69921875,UP
2024-08-29 12:00:00,25079.19921875,25143.05078125,25070.150390625,25142.900390625,25142.900390625,0,2024,8,12,29,Thursday,0,25143.05078125,25070.150390625,72.900390625,-63.701171875,63.8515625,72.75,DOWN
2024-08-29 12:30:00,25143.849609375,25174.0,25133.44921875,25138.150390625,25138.150390625,0,2024,8,12,29,Thursday,30,25174.0,25133.44921875,40.55078125,5.69921875,30.150390625,4.701171875,UP
2024-08-29 13:00:00,25138.5,25166.75,25135.94921875,25148.44921875,25148.44921875,0,2024,8,13,29,Thursday,0,25166.75,25135.94921875,30.80078125,-9.94921875,28.25,12.5,DOWN
2024-08-29 13:30:00,25147.650390625,25157.400390625,25120.55078125,25138.650390625,25138.650390625,0,2024,8,13,29,Thursday,30,25157.400390625,25120.55078125,36.849609375,9.0,9.75,18.099609375,UP
2024-08-29 14:00:00,25138.599609375,25147.150390625,24999.400390625,25035.25,25035.25,0,2024,8,14,29,Thursday,0,25147.150390625,24999.400390625,147.75,103.349609375,8.55078125,35.849609375,UP
2024-08-29 14:30:00,25033.80078125,25187.25,25001.650390625,25173.75,25173.75,0,2024,8,14,29,Thursday,30,25187.25,25001.650390625,185.599609375,-139.94921875,153.44921875,172.099609375,DOWN
2024-08-29 15:00:00,25175.099609375,25192.599609375,25117.69921875,25156.75,25156.75,0,2024,8,15,29,Thursday,0,25192.599609375,25117.69921875,74.900390625,18.349609375,17.5,39.05078125,UP
2024-08-30 09:30:00,25252.75,25256.44921875,25206.44921875,25225.349609375,25225.349609375,0,2024,8,9,30,Friday,30,25256.44921875,25206.44921875,50.0,27.400390625,3.69921875,18.900390625,UP
2024-08-30 10:00:00,25224.900390625,25236.650390625,25199.69921875,25218.599609375,25218.599609375,0,2024,8,10,30,Friday,0,25236.650390625,25199.69921875,36.951171875,6.30078125,11.75,18.900390625,UP
2024-08-30 10:30:00,25217.44921875,25235.94921875,25210.80078125,25224.69921875,25224.69921875,0,2024,8,10,30,Friday,30,25235.94921875,25210.80078125,25.1484375,-7.25,18.5,13.8984375,DOWN
2024-08-30 11:00:00,25224.44921875,25247.55078125,25217.75,25229.44921875,25229.44921875,0,2024,8,11,30,Friday,0,25247.55078125,25217.75,29.80078125,-5.0,23.1015625,11.69921875,DOWN
2024-08-30 11:30:00,25229.05078125,25250.55078125,25224.0,25240.19921875,25240.19921875,0,2024,8,11,30,Friday,30,25250.55078125,25224.0,26.55078125,-11.1484375,21.5,16.19921875,DOWN
2024-08-30 12:00:00,25239.44921875,25257.94921875,25232.75,25252.150390625,25252.150390625,0,2024,8,12,30,Friday,0,25257.94921875,25232.75,25.19921875,-12.701171875,18.5,19.400390625,DOWN
2024-08-30 12:30:00,25252.5,25258.150390625,25233.69921875,25238.94921875,25238.94921875,0,2024,8,12,30,Friday,30,25258.150390625,25233.69921875,24.451171875,13.55078125,5.650390625,5.25,UP
2024-08-30 13:00:00,25239.05078125,25250.75,25228.650390625,25235.5,25235.5,0,2024,8,13,30,Friday,0,25250.75,25228.650390625,22.099609375,3.55078125,11.69921875,6.849609375,UP
2024-08-30 13:30:00,25234.849609375,25246.80078125,25231.150390625,25238.099609375,25238.099609375,0,2024,8,13,30,Friday,30,25246.80078125,25231.150390625,15.650390625,-3.25,11.951171875,6.94921875,DOWN
2024-08-30 14:00:00,25238.19921875,25262.150390625,25237.400390625,25245.400390625,25245.400390625,0,2024,8,14,30,Friday,0,25262.150390625,25237.400390625,24.75,-7.201171875,23.951171875,8.0,DOWN
2024-08-30 14:30:00,25245.599609375,25246.349609375,25223.19921875,25234.69921875,25234.69921875,0,2024,8,14,30,Friday,30,25246.349609375,25223.19921875,23.150390625,10.900390625,0.75,11.5,UP
2024-08-30 15:00:00,25233.05078125,25265.05078125,25206.80078125,25247.0,25247.0,0,2024,8,15,30,Friday,0,25265.05078125,25206.80078125,58.25,-13.94921875,32.0,40.19921875,DOWN
