,Date,PNL,% Change,open %change,low %change,high %change
0,01-NOV-2023,-562.5,1.88,,,
1,01-NOV-2023,-585.0,1.88,,,
2,01-NOV-2023,-453.75,1.88,,,
3,01-NOV-2023,-821.25,1.88,,,
4,01-NOV-2023,3922.5,1.88,,,
5,02-NOV-2023,-487.5,-8.07,1.8816067653276969,1.8816067653276969,-1.247357293868929
6,02-NOV-2023,-877.5,-8.07,1.8816067653276969,1.8816067653276969,-1.247357293868929
7,02-NOV-2023,2865.0,-8.07,1.8816067653276969,1.8816067653276969,-1.247357293868929
8,07-NOV-2023,-566.25,0.79,2.044566965311281,6.662072134160346,-1.6080863772111087
9,15-NOV-2023,-472.5,-0.47,-1.4100022031284436,6.036571932143648,-3.9215686274509833
10,15-NOV-2023,1972.5,-0.47,-1.4100022031284436,6.036571932143648,-3.9215686274509833
11,16-NOV-2023,1500.0,4.6,-0.4692737430167616,24.491620111731844,-2.525139664804475
12,17-NOV-2023,1500.0,1.55,4.602604400538851,9.250112258643926,-1.4369106421194286
13,20-NOV-2023,1500.0,2.71,1.5453960077269775,14.058810903627398,-2.2537025112685063
14,21-NOV-2023,-547.5,0.7,2.705559078418941,8.01099133375609,-4.417670682730916
15,21-NOV-2023,-607.5,0.7,2.705559078418941,8.01099133375609,-4.417670682730916
16,21-NOV-2023,-480.0,0.7,2.705559078418941,8.01099133375609,-4.417670682730916
17,21-NOV-2023,3135.0,0.7,2.705559078418941,8.01099133375609,-4.417670682730916
18,22-NOV-2023,-555.0,-3.0,0.6997324552376956,12.162996501337716,-1.66700967277218
19,22-NOV-2023,-498.75,-3.0,0.6997324552376956,12.162996501337716,-1.66700967277218
20,22-NOV-2023,-753.75,-3.0,0.6997324552376956,12.162996501337716,-1.66700967277218
21,22-NOV-2023,-506.25,-3.0,0.6997324552376956,12.162996501337716,-1.66700967277218
22,22-NOV-2023,3813.75,-3.0,0.6997324552376956,12.162996501337716,-1.66700967277218
23,23-NOV-2023,1500.0,-4.64,-3.00429184549356,6.887390149192719,-6.887390149192719
24,24-NOV-2023,1500.0,0.13,-4.635482511588712,2.865571007163926,-6.953223767383069
25,28-NOV-2023,-495.0,7.46,0.1325673884224531,23.44233318603624,-1.193106495802031
26,28-NOV-2023,-645.0,7.46,0.1325673884224531,23.44233318603624,-1.193106495802031
27,28-NOV-2023,2640.0,7.46,0.1325673884224531,23.44233318603624,-1.193106495802031
28,29-NOV-2023,1500.0,4.37,7.458075904677852,9.79699911738748,-2.802294792586046
29,30-NOV-2023,-731.25,-0.14,4.373716632443522,11.293634496919918,-14.394250513347032
30,30-NOV-2023,-491.25,-0.14,4.373716632443522,11.293634496919918,-14.394250513347032
31,30-NOV-2023,-480.0,-0.14,4.373716632443522,11.293634496919918,-14.394250513347032
32,30-NOV-2023,-483.75,-0.14,4.373716632443522,11.293634496919918,-14.394250513347032
33,30-NOV-2023,3686.25,-0.14,4.373716632443522,11.293634496919918,-14.394250513347032
34,01-DEC-2023,1500.0,-2.42,-0.137713948455637,7.298839268148733,-5.213456620106234
35,04-DEC-2023,-1350.0,4.93,-2.423167848699757,4.767533490937749,-2.9353821907013438
36,04-DEC-2023,-922.5,4.93,-2.423167848699757,4.767533490937749,-2.9353821907013438
37,04-DEC-2023,-506.25,4.93,-2.423167848699757,4.767533490937749,-2.9353821907013438
38,04-DEC-2023,-506.25,4.93,-2.423167848699757,4.767533490937749,-2.9353821907013438
39,04-DEC-2023,4785.0,4.93,-2.423167848699757,4.767533490937749,-2.9353821907013438
40,05-DEC-2023,-825.0,3.58,4.926307288512008,13.34544720371492,-1.3527155259438757
41,05-DEC-2023,2325.0,3.58,4.926307288512008,13.34544720371492,-1.3527155259438757
42,06-DEC-2023,1500.0,2.1,3.578987877621704,15.258803155666731,-3.2711179526650045
43,07-DEC-2023,-468.75,-7.77,2.099201188928112,7.820917703882594,-2.5822032323982924
44,07-DEC-2023,-757.5,-7.77,2.099201188928112,7.820917703882594,-2.5822032323982924
45,07-DEC-2023,-956.25,-7.77,2.099201188928112,7.820917703882594,-2.5822032323982924
46,07-DEC-2023,-678.75,-7.77,2.099201188928112,7.820917703882594,-2.5822032323982924
47,07-DEC-2023,-720.0,-7.77,2.099201188928112,7.820917703882594,-2.5822032323982924
48,07-DEC-2023,-168.75,-7.77,2.099201188928112,7.820917703882594,-2.5822032323982924
49,08-DEC-2023,-581.25,-1.6,-7.769286754002917,0.9279475982532716,-7.769286754002917
50,08-DEC-2023,-543.75,-1.6,-7.769286754002917,0.9279475982532716,-7.769286754002917
51,08-DEC-2023,2625.0,-1.6,-7.769286754002917,0.9279475982532716,-7.769286754002917
52,11-DEC-2023,-663.75,2.31,-1.597948313276771,2.6435194318406063,-3.195896626553556
53,11-DEC-2023,-1496.25,2.31,-1.597948313276771,2.6435194318406063,-3.195896626553556
54,11-DEC-2023,-607.5,2.31,-1.597948313276771,2.6435194318406063,-3.195896626553556
55,11-DEC-2023,-637.5,2.31,-1.597948313276771,2.6435194318406063,-3.195896626553556
56,11-DEC-2023,105.0,2.31,-1.597948313276771,2.6435194318406063,-3.195896626553556
57,11-DEC-2023,-450.0,2.31,-1.597948313276771,2.6435194318406063,-3.195896626553556
58,12-DEC-2023,-468.75,-0.35,2.305533279871689,4.25020048115478,-2.9270248596631934
59,12-DEC-2023,-450.0,-0.35,2.305533279871689,4.25020048115478,-2.9270248596631934
60,12-DEC-2023,-506.25,-0.35,2.305533279871689,4.25020048115478,-2.9270248596631934
61,12-DEC-2023,2925.0,-0.35,2.305533279871689,4.25020048115478,-2.9270248596631934
62,13-DEC-2023,-645.0,-5.09,-0.3527336860670188,7.99529688418577,-1.2149715853419507
63,13-DEC-2023,-491.25,-5.09,-0.3527336860670188,7.99529688418577,-1.2149715853419507
64,13-DEC-2023,2636.25,-5.09,-0.3527336860670188,7.99529688418577,-1.2149715853419507
65,14-DEC-2023,-506.25,2.11,-5.09341199606687,4.129793510324486,-5.91937069813177
66,14-DEC-2023,2006.25,2.11,-5.09341199606687,4.129793510324486,-5.91937069813177
67,15-DEC-2023,-461.25,6.55,2.1135515955242505,10.940737670949028,-1.595524243680058
68,15-DEC-2023,-472.5,6.55,2.1135515955242505,10.940737670949028,-1.595524243680058
69,15-DEC-2023,-487.5,6.55,2.1135515955242505,10.940737670949028,-1.595524243680058
70,15-DEC-2023,-866.25,6.55,2.1135515955242505,10.940737670949028,-1.595524243680058
71,15-DEC-2023,-701.25,6.55,2.1135515955242505,10.940737670949028,-1.595524243680058
72,15-DEC-2023,4488.75,6.55,2.1135515955242505,10.940737670949028,-1.595524243680058
73,18-DEC-2023,1500.0,5.88,6.55438311688311,18.89204545454545,-1.745129870129869
74,19-DEC-2023,-566.25,-0.23,5.884593410778906,5.903637402399546,-1.656827270995996
75,19-DEC-2023,2066.25,-0.23,5.884593410778906,5.903637402399546,-1.656827270995996
76,20-DEC-2023,1500.0,4.2,-0.2338129496402923,2.2661870503597084,-1.8165467625899243
77,21-DEC-2023,-476.25,-4.79,4.2004687218316175,12.060573282855596,-3.028664142779881
78,21-DEC-2023,-581.25,-4.79,4.2004687218316175,12.060573282855596,-3.028664142779881
79,21-DEC-2023,-2812.5,-4.79,4.2004687218316175,12.060573282855596,-3.028664142779881
80,21-DEC-2023,570.0,-4.79,4.2004687218316175,12.060573282855596,-3.028664142779881
81,21-DEC-2023,-450.0,-4.79,4.2004687218316175,12.060573282855596,-3.028664142779881
82,22-DEC-2023,-521.25,-0.36,-4.792387543252588,10.207612456747404,-8.667820069204149
83,22-DEC-2023,2021.25,-0.36,-4.792387543252588,10.207612456747404,-8.667820069204149
84,26-DEC-2023,-686.25,7.08,-0.3634381246592819,10.775940396147556,-2.035253498091958
85,26-DEC-2023,-577.5,7.08,-0.3634381246592819,10.775940396147556,-2.035253498091958
86,26-DEC-2023,2763.75,7.08,-0.3634381246592819,10.775940396147556,-2.035253498091958
87,27-DEC-2023,1500.0,6.0,7.076418019332486,7.076418019332486,-1.98796279409082
88,28-DEC-2023,-547.5,-2.68,5.995571452904098,7.40929994890137,-1.1923011412025255
89,28-DEC-2023,-1001.25,-2.68,5.995571452904098,7.40929994890137,-1.1923011412025255
90,28-DEC-2023,-1410.0,-2.68,5.995571452904098,7.40929994890137,-1.1923011412025255
91,28-DEC-2023,626.25,-2.68,5.995571452904098,7.40929994890137,-1.1923011412025255
92,28-DEC-2023,-967.5,-2.68,5.995571452904098,7.40929994890137,-1.1923011412025255
93,28-DEC-2023,-450.0,-2.68,5.995571452904098,7.40929994890137,-1.1923011412025255
94,29-DEC-2023,1500.0,-4.21,-2.683593122288277,1.140928812469871,-8.548931383577042
95,01-JAN-2024,-648.75,1.22,-4.210700132100404,0.8586525759577213,-6.109643328929992
96,01-JAN-2024,-555.0,1.22,-4.210700132100404,0.8586525759577213,-6.109643328929992
97,01-JAN-2024,-487.5,1.22,-4.210700132100404,0.8586525759577213,-6.109643328929992
98,01-JAN-2024,3191.25,1.22,-4.210700132100404,0.8586525759577213,-6.109643328929992
99,02-JAN-2024,-502.5,-0.68,1.2239269091535956,2.430615411136005,-1.292880537838304
100,02-JAN-2024,-461.25,-0.68,1.2239269091535956,2.430615411136005,-1.292880537838304
101,02-JAN-2024,-660.0,-0.68,1.2239269091535956,2.430615411136005,-1.292880537838304
102,02-JAN-2024,3123.75,-0.68,1.2239269091535956,2.430615411136005,-1.292880537838304
103,03-JAN-2024,-487.5,-3.31,-0.6811989100817415,2.299046321525888,-3.40599455040872
104,03-JAN-2024,-521.25,-3.31,-0.6811989100817415,2.299046321525888,-3.40599455040872
105,03-JAN-2024,2508.75,-3.31,-0.6811989100817415,2.299046321525888,-3.40599455040872
106,04-JAN-2024,-476.25,-5.44,-3.309327846364883,0.5144032921810651,-4.681069958847731
107,04-JAN-2024,-498.75,-5.44,-3.309327846364883,0.5144032921810651,-4.681069958847731
108,04-JAN-2024,-592.5,-5.44,-3.309327846364883,0.5144032921810651,-4.681069958847731
109,04-JAN-2024,3067.5,-5.44,-3.309327846364883,0.5144032921810651,-4.681069958847731
110,05-JAN-2024,-648.75,-5.25,-5.444227699946799,0.833481113672635,-6.224507891470115
111,05-JAN-2024,2148.75,-5.25,-5.444227699946799,0.833481113672635,-6.224507891470115
112,08-JAN-2024,-536.25,6.59,-5.251312828207047,1.069017254313579,-6.282820705176283
113,08-JAN-2024,-562.5,6.59,-5.251312828207047,1.069017254313579,-6.282820705176283
114,08-JAN-2024,2598.75,6.59,-5.251312828207047,1.069017254313579,-6.282820705176283
115,09-JAN-2024,-761.25,-1.49,6.5914489311163855,6.5914489311163855,-1.0490894695170252
116,09-JAN-2024,-802.5,-1.49,6.5914489311163855,6.5914489311163855,-1.0490894695170252
117,09-JAN-2024,-528.75,-1.49,6.5914489311163855,6.5914489311163855,-1.0490894695170252
118,09-JAN-2024,3592.5,-1.49,6.5914489311163855,6.5914489311163855,-1.0490894695170252
119,10-JAN-2024,1500.0,-2.21,-1.4856081708449476,3.621169916434532,-1.8012999071495002
120,11-JAN-2024,-573.75,-1.56,-2.2054665409990477,1.2064090480678615,-11.969839773798292
121,11-JAN-2024,2073.75,-1.56,-2.2054665409990477,1.2064090480678615,-11.969839773798292
122,12-JAN-2024,-472.5,2.6,-1.5612952968388631,1.060138781804158,-3.257517347725516
123,12-JAN-2024,1972.5,2.6,-1.5612952968388631,1.060138781804158,-3.257517347725516
124,15-JAN-2024,-558.75,5.23,2.60426865087135,5.326023105541411,-1.448991580184065
125,15-JAN-2024,2058.75,5.23,2.60426865087135,5.326023105541411,-1.448991580184065
126,16-JAN-2024,-750.0,-1.54,5.2290076335877895,15.24809160305344,-0.7633587786259515
127,16-JAN-2024,-701.25,-1.54,5.2290076335877895,15.24809160305344,-0.7633587786259515
128,16-JAN-2024,-468.75,-1.54,5.2290076335877895,15.24809160305344,-0.7633587786259515
129,16-JAN-2024,-603.75,-1.54,5.2290076335877895,15.24809160305344,-0.7633587786259515
130,16-JAN-2024,-566.25,-1.54,5.2290076335877895,15.24809160305344,-0.7633587786259515
131,16-JAN-2024,-588.75,-1.54,5.2290076335877895,15.24809160305344,-0.7633587786259515
132,16-JAN-2024,-71.25,-1.54,5.2290076335877895,15.24809160305344,-0.7633587786259515
133,17-JAN-2024,1500.0,11.11,-1.541530649256441,7.889009793253539,-3.4095030830613027
134,18-JAN-2024,-513.75,-6.7,11.107017867010502,17.424940136305032,-1.1051759071652263
135,18-JAN-2024,2013.75,-6.7,11.107017867010502,17.424940136305032,-1.1051759071652263
136,19-JAN-2024,-603.75,-1.37,-6.6976127320954895,7.22811671087533,-10.842175066312995
137,19-JAN-2024,-487.5,-1.37,-6.6976127320954895,7.22811671087533,-10.842175066312995
138,19-JAN-2024,-502.5,-1.37,-6.6976127320954895,7.22811671087533,-10.842175066312995
139,19-JAN-2024,-723.75,-1.37,-6.6976127320954895,7.22811671087533,-10.842175066312995
140,19-JAN-2024,-491.25,-1.37,-6.6976127320954895,7.22811671087533,-10.842175066312995
141,23-JAN-2024,-472.5,7.61,-0.5404431633939779,5.080165735903441,-3.206629436137635
142,23-JAN-2024,-536.25,7.61,-0.5404431633939779,5.080165735903441,-3.206629436137635
143,23-JAN-2024,-562.5,7.61,-0.5404431633939779,5.080165735903441,-3.206629436137635
144,23-JAN-2024,3071.25,7.61,-0.5404431633939779,5.080165735903441,-3.206629436137635
145,24-JAN-2024,1500.0,-3.21,7.607317514942938,19.253758377105587,-4.002898025719979
146,25-JAN-2024,-926.25,-3.55,-3.214946978623122,2.3228412725130494,-8.56758121528363
147,25-JAN-2024,-1215.0,-3.55,-3.214946978623122,2.3228412725130494,-8.56758121528363
148,25-JAN-2024,-1511.25,-3.55,-3.214946978623122,2.3228412725130494,-8.56758121528363
149,25-JAN-2024,-97.5,-3.55,-3.214946978623122,2.3228412725130494,-8.56758121528363
150,29-JAN-2024,1500.0,13.09,-3.5478260869565204,3.513043478260875,-10.243478260869567
151,30-JAN-2024,1500.0,2.69,13.090515686981604,13.595384060584204,-1.2080778939776446
152,31-JAN-2024,-487.5,-0.34,2.6945153061224456,7.110969387755092,-3.013392857142858
153,31-JAN-2024,1987.5,-0.34,2.6945153061224456,7.110969387755092,-3.013392857142858
154,01-FEB-2024,-596.25,-9.92,-0.3415618692749556,1.5370284117373,-3.01195466542462
155,01-FEB-2024,-513.75,-9.92,-0.3415618692749556,1.5370284117373,-3.01195466542462
156,01-FEB-2024,-776.25,-9.92,-0.3415618692749556,1.5370284117373,-3.01195466542462
157,01-FEB-2024,-472.5,-9.92,-0.3415618692749556,1.5370284117373,-3.01195466542462
158,01-FEB-2024,-521.25,-9.92,-0.3415618692749556,1.5370284117373,-3.01195466542462
159,02-FEB-2024,1500.0,1.68,-9.9236641221374,0.5919925221997236,-10.29755413615829
160,05-FEB-2024,1500.0,6.26,1.67762020062262,4.652369422345205,-3.0093393289519232
161,06-FEB-2024,-982.5,1.07,6.259567953733628,6.259567953733628,-2.94267732607587
162,06-FEB-2024,2482.5,1.07,6.259567953733628,6.259567953733628,-2.94267732607587
163,07-FEB-2024,-727.5,-1.77,1.0725148071074144,4.466143748999518,-1.2646070113654542
164,07-FEB-2024,2227.5,-1.77,1.0725148071074144,4.466143748999518,-1.2646070113654542
165,08-FEB-2024,-558.75,2.08,-1.7738359201773797,4.84637313905607,-3.246753246753231
166,08-FEB-2024,-525.0,2.08,-1.7738359201773797,4.84637313905607,-3.246753246753231
167,08-FEB-2024,2583.75,2.08,-1.7738359201773797,4.84637313905607,-3.246753246753231
168,09-FEB-2024,1500.0,-2.4,2.079974201870362,3.772976459206713,-1.2899064817800665
169,12-FEB-2024,-581.25,3.98,-2.4008845364081552,1.1530563891960146,-5.591533722950559
170,12-FEB-2024,2081.25,3.98,-2.4008845364081552,1.1530563891960146,-5.591533722950559
171,13-FEB-2024,1500.0,-1.59,3.981226735717755,3.981226735717755,-3.0587473701246166
172,14-FEB-2024,1500.0,-2.36,-1.5875486381323003,0.3424124513618659,-4.747081712062264
173,15-FEB-2024,-611.25,-1.36,-2.3564763561600426,0.6009805472086076,-4.823659655226956
174,15-FEB-2024,-1372.5,-1.36,-2.3564763561600426,0.6009805472086076,-4.823659655226956
175,15-FEB-2024,-1740.0,-1.36,-2.3564763561600426,0.6009805472086076,-4.823659655226956
176,15-FEB-2024,-26.25,-1.36,-2.3564763561600426,0.6009805472086076,-4.823659655226956
177,16-FEB-2024,-495.0,-0.02,-1.3605442176870803,0.728862973760926,-2.834467120181406
178,16-FEB-2024,-596.25,-0.02,-1.3605442176870803,0.728862973760926,-2.834467120181406
179,16-FEB-2024,-562.5,-0.02,-1.3605442176870803,0.728862973760926,-2.834467120181406
180,19-FEB-2024,1500.0,5.22,-0.0164203612479441,2.101806239737276,-2.1674876847290645
181,20-FEB-2024,1500.0,0.34,5.2225324355394855,15.22417474133683,-0.6569223189357952
182,21-FEB-2024,-513.75,-0.9,0.3433744342126004,11.61229904791635,-1.7949118152021095
183,21-FEB-2024,-525.0,-0.9,0.3433744342126004,11.61229904791635,-1.7949118152021095
184,21-FEB-2024,-513.75,-0.9,0.3433744342126004,11.61229904791635,-1.7949118152021095
185,21-FEB-2024,-742.5,-0.9,0.3433744342126004,11.61229904791635,-1.7949118152021095
186,21-FEB-2024,-596.25,-0.9,0.3433744342126004,11.61229904791635,-1.7949118152021095
187,21-FEB-2024,-476.25,-0.9,0.3433744342126004,11.61229904791635,-1.7949118152021095
188,21-FEB-2024,-382.5,-0.9,0.3433744342126004,11.61229904791635,-1.7949118152021095
189,22-FEB-2024,-742.5,-4.58,-0.9021620780836916,1.5398973401773244,-2.3798413439103965
190,22-FEB-2024,2242.5,-4.58,-0.9021620780836916,1.5398973401773244,-2.3798413439103965
191,23-FEB-2024,-510.0,-1.48,-4.583267932820596,0.4080991994977209,-5.98022288494741
192,23-FEB-2024,-581.25,-1.48,-4.583267932820596,0.4080991994977209,-5.98022288494741
193,23-FEB-2024,-873.75,-1.48,-4.583267932820596,0.4080991994977209,-5.98022288494741
194,23-FEB-2024,-701.25,-1.48,-4.583267932820596,0.4080991994977209,-5.98022288494741
195,23-FEB-2024,-495.0,-1.48,-4.583267932820596,0.4080991994977209,-5.98022288494741
196,23-FEB-2024,-465.0,-1.48,-4.583267932820596,0.4080991994977209,-5.98022288494741
197,26-FEB-2024,-555.0,4.19,-1.4805066622799778,0.8718539233426569,-3.09261391676263
198,26-FEB-2024,2055.0,4.19,-1.4805066622799778,0.8718539233426569,-3.09261391676263
199,27-FEB-2024,-536.25,0.82,4.191016864251123,12.305894139255296,-2.4044080814827264
200,27-FEB-2024,-521.25,0.82,4.191016864251123,12.305894139255296,-2.4044080814827264
201,27-FEB-2024,-731.25,0.82,4.191016864251123,12.305894139255296,-2.4044080814827264
202,27-FEB-2024,-652.5,0.82,4.191016864251123,12.305894139255296,-2.4044080814827264
203,28-FEB-2024,-660.0,3.83,0.8173076923076891,1.2660256410256396,-1.7307692307692395
204,28-FEB-2024,-1023.75,3.83,0.8173076923076891,1.2660256410256396,-1.7307692307692395
205,28-FEB-2024,3183.75,3.83,0.8173076923076891,1.2660256410256396,-1.7307692307692395
206,29-FEB-2024,1500.0,-4.64,3.830869496105543,6.4854554124940265,-2.6068987442378013
207,01-MAR-2024,1500.0,-2.17,-4.638701775872618,1.2400489895897158,-6.001224739742797
208,04-MAR-2024,1500.0,-0.47,-1.5917295700689185,9.599606170003284,-2.773219560223166
209,05-MAR-2024,-528.75,-3.64,-0.466900116725031,0.6670001667500394,-2.534600633650164
210,05-MAR-2024,2028.75,-3.64,-0.466900116725031,0.6670001667500394,-2.534600633650164
211,06-MAR-2024,-1132.5,-0.59,-3.635449824091128,1.357011224660751,-5.260512648684861
212,06-MAR-2024,-1027.5,-0.59,-3.635449824091128,1.357011224660751,-5.260512648684861
213,06-MAR-2024,-551.25,-0.59,-3.635449824091128,1.357011224660751,-5.260512648684861
214,06-MAR-2024,-667.5,-0.59,-3.635449824091128,1.357011224660751,-5.260512648684861
215,06-MAR-2024,-450.0,-0.59,-3.635449824091128,1.357011224660751,-5.260512648684861
216,06-MAR-2024,78.75,-0.59,-3.635449824091128,1.357011224660751,-5.260512648684861
217,07-MAR-2024,-723.75,-4.77,-0.5910987482614802,2.7121001390820623,-2.8859527121001456
218,07-MAR-2024,-1065.0,-4.77,-0.5910987482614802,2.7121001390820623,-2.8859527121001456
219,07-MAR-2024,-1008.75,-4.77,-0.5910987482614802,2.7121001390820623,-2.8859527121001456
220,07-MAR-2024,-558.75,-4.77,-0.5910987482614802,2.7121001390820623,-2.8859527121001456
221,07-MAR-2024,-393.75,-4.77,-0.5910987482614802,2.7121001390820623,-2.8859527121001456
222,11-MAR-2024,1500.0,2.81,-4.774396642182576,0.3672612801678924,-5.736271423574666
223,12-MAR-2024,-1515.0,-2.55,2.8099173553718897,2.8099173553718897,-4.095500459136829
224,12-MAR-2024,3015.0,-2.55,2.8099173553718897,2.8099173553718897,-4.095500459136829
225,13-MAR-2024,1500.0,5.83,-2.554483744194355,0.4287245444801624,-3.9835655591282673
226,14-MAR-2024,1500.0,-5.61,5.829514207149404,6.599450045829504,-4.197983501374898
227,15-MAR-2024,-588.75,0.5,-5.61233327559327,0.6928806513078098,-7.344534903862801
228,15-MAR-2024,2088.75,0.5,-5.61233327559327,0.6928806513078098,-7.344534903862801
229,18-MAR-2024,-907.5,1.5,0.4955037621581868,0.7340796476417665,-4.716461736098367
230,18-MAR-2024,2407.5,1.5,0.4955037621581868,0.7340796476417665,-4.716461736098367
231,19-MAR-2024,1500.0,1.57,1.497443389335282,1.497443389335282,-5.2593133674214805
232,20-MAR-2024,-577.5,-4.53,1.5653112630442687,1.7092479309104045,-2.392947103274556
233,20-MAR-2024,-596.25,-4.53,1.5653112630442687,1.7092479309104045,-2.392947103274556
234,20-MAR-2024,-877.5,-4.53,1.5653112630442687,1.7092479309104045,-2.392947103274556
235,20-MAR-2024,-525.0,-4.53,1.5653112630442687,1.7092479309104045,-2.392947103274556
236,20-MAR-2024,4076.25,-4.53,1.5653112630442687,1.7092479309104045,-2.392947103274556
237,21-MAR-2024,-453.75,-7.13,-4.534986713906116,2.745792736935336,-5.739592559787425
238,21-MAR-2024,-1267.5,-7.13,-4.534986713906116,2.745792736935336,-5.739592559787425
239,21-MAR-2024,-495.0,-7.13,-4.534986713906116,2.745792736935336,-5.739592559787425
240,21-MAR-2024,-596.25,-7.13,-4.534986713906116,2.745792736935336,-5.739592559787425
241,21-MAR-2024,-532.5,-7.13,-4.534986713906116,2.745792736935336,-5.739592559787425
242,21-MAR-2024,-405.0,-7.13,-4.534986713906116,2.745792736935336,-5.739592559787425
243,22-MAR-2024,1500.0,-2.34,-7.125626275746898,1.261829652996845,-7.125626275746898
244,26-MAR-2024,-528.75,4.91,-2.337662337662327,3.2767232767232777,-6.613386613386604
245,26-MAR-2024,-1106.25,4.91,-2.337662337662327,3.2767232767232777,-6.613386613386604
246,26-MAR-2024,-1117.5,4.91,-2.337662337662327,3.2767232767232777,-6.613386613386604
247,26-MAR-2024,-712.5,4.91,-2.337662337662327,3.2767232767232777,-6.613386613386604
248,26-MAR-2024,-285.0,4.91,-2.337662337662327,3.2767232767232777,-6.613386613386604
249,27-MAR-2024,1500.0,-0.92,4.909983633387886,6.014729950900159,-2.3117839607201214
250,28-MAR-2024,1500.0,1.02,-0.9165366614664564,1.3260530421216845,-2.3985959438377478
251,01-APR-2024,-885.0,-5.84,1.023420586498713,4.506986813619364,-2.7356819523715816
252,01-APR-2024,-930.0,-5.84,1.023420586498713,4.506986813619364,-2.7356819523715816
253,01-APR-2024,-637.5,-5.84,1.023420586498713,4.506986813619364,-2.7356819523715816
254,01-APR-2024,-517.5,-5.84,1.023420586498713,4.506986813619364,-2.7356819523715816
255,01-APR-2024,-525.0,-5.84,1.023420586498713,4.506986813619364,-2.7356819523715816
256,01-APR-2024,-255.0,-5.84,1.023420586498713,4.506986813619364,-2.7356819523715816
257,02-APR-2024,-753.75,-3.56,-5.844535359438924,0.6039353204753461,-9.935710111046175
258,02-APR-2024,2253.75,-3.56,-5.844535359438924,0.6039353204753461,-9.935710111046175
259,03-APR-2024,-686.25,-2.4,-3.5588661286985293,0.4552038071591121,-5.400372439478584
260,03-APR-2024,-498.75,-2.4,-3.5588661286985293,0.4552038071591121,-5.400372439478584
261,03-APR-2024,2685.0,-2.4,-3.5588661286985293,0.4552038071591121,-5.400372439478584
262,04-APR-2024,-1383.75,-1.34,-2.402917828792099,0.5149109633125981,-3.9047414717871702
263,04-APR-2024,-603.75,-1.34,-2.402917828792099,0.5149109633125981,-3.9047414717871702
264,05-APR-2024,-637.5,1.05,-1.3409540558364463,3.1655308859090017,-5.429764783468891
265,05-APR-2024,-513.75,1.05,-1.3409540558364463,3.1655308859090017,-5.429764783468891
266,05-APR-2024,-521.25,1.05,-1.3409540558364463,3.1655308859090017,-5.429764783468891
267,05-APR-2024,-772.5,1.05,-1.3409540558364463,3.1655308859090017,-5.429764783468891
268,05-APR-2024,-498.75,1.05,-1.3409540558364463,3.1655308859090017,-5.429764783468891
269,08-APR-2024,-450.0,2.4,1.0472370766488388,2.696078431372551,-3.074866310160417
270,08-APR-2024,1950.0,2.4,1.0472370766488388,2.696078431372551,-3.074866310160417
271,09-APR-2024,-532.5,-2.2,2.403528114663718,4.211686879823587,-1.1686879823594292
272,09-APR-2024,-611.25,-2.2,2.403528114663718,4.211686879823587,-1.1686879823594292
273,09-APR-2024,2643.75,-2.2,2.403528114663718,4.211686879823587,-1.1686879823594292
274,10-APR-2024,-926.25,-2.18,-2.19638242894056,6.352282515073219,-2.217915590008616
275,10-APR-2024,-562.5,-2.18,-2.19638242894056,6.352282515073219,-2.217915590008616
276,10-APR-2024,-656.25,-2.18,-2.19638242894056,6.352282515073219,-2.217915590008616
277,10-APR-2024,-637.5,-2.18,-2.19638242894056,6.352282515073219,-2.217915590008616
278,10-APR-2024,-502.5,-2.18,-2.19638242894056,6.352282515073219,-2.217915590008616
279,12-APR-2024,-495.0,3.83,-2.1796565389696214,1.0788199031263803,-2.1796565389696214
280,12-APR-2024,-1218.75,3.83,-2.1796565389696214,1.0788199031263803,-2.1796565389696214
281,12-APR-2024,3213.75,3.83,-2.1796565389696214,1.0788199031263803,-2.1796565389696214
282,15-APR-2024,-1031.25,8.11,3.826243529146979,3.826243529146979,-0.652712131442717
283,15-APR-2024,-1758.75,8.11,3.826243529146979,3.826243529146979,-0.652712131442717
284,15-APR-2024,-806.25,8.11,3.826243529146979,3.826243529146979,-0.652712131442717
285,15-APR-2024,-153.75,8.11,3.826243529146979,3.826243529146979,-0.652712131442717
286,16-APR-2024,-600.0,1.18,8.107522219813559,10.058530240624323,-2.3412096249729144
287,16-APR-2024,-577.5,1.18,8.107522219813559,10.058530240624323,-2.3412096249729144
288,16-APR-2024,-483.75,1.18,8.107522219813559,10.058530240624323,-2.3412096249729144
289,16-APR-2024,-652.5,1.18,8.107522219813559,10.058530240624323,-2.3412096249729144
290,16-APR-2024,-738.75,1.18,8.107522219813559,10.058530240624323,-2.3412096249729144
291,16-APR-2024,-495.0,1.18,8.107522219813559,10.058530240624323,-2.3412096249729144
292,18-APR-2024,-705.0,3.37,1.1830759975937506,2.205734910768,-2.48646480850211
293,18-APR-2024,-663.75,3.37,1.1830759975937506,2.205734910768,-2.48646480850211
294,18-APR-2024,2868.75,3.37,1.1830759975937506,2.205734910768,-2.48646480850211
295,19-APR-2024,-671.25,3.2,3.3690051525961078,8.026159334126035,-2.754657154181531
296,19-APR-2024,-450.0,3.2,3.3690051525961078,8.026159334126035,-2.754657154181531
297,19-APR-2024,-592.5,3.2,3.3690051525961078,8.026159334126035,-2.754657154181531
298,19-APR-2024,3213.75,3.2,3.3690051525961078,8.026159334126035,-2.754657154181531
299,22-APR-2024,-543.75,-5.63,3.201687116564421,11.828987730061352,-7.323619631901841
300,22-APR-2024,-630.0,-5.63,3.201687116564421,11.828987730061352,-7.323619631901841
301,22-APR-2024,-498.75,-5.63,3.201687116564421,11.828987730061352,-7.323619631901841
302,22-APR-2024,-660.0,-5.63,3.201687116564421,11.828987730061352,-7.323619631901841
303,22-APR-2024,-600.0,-5.63,3.201687116564421,11.828987730061352,-7.323619631901841
304,22-APR-2024,3873.75,-5.63,3.201687116564421,11.828987730061352,-7.323619631901841
305,23-APR-2024,-562.5,-19.72,-5.628831506594838,0.6501950585175448,-5.628831506594838
306,23-APR-2024,-637.5,-19.72,-5.628831506594838,0.6501950585175448,-5.628831506594838
307,23-APR-2024,-776.25,-19.72,-5.628831506594838,0.6501950585175448,-5.628831506594838
308,23-APR-2024,-690.0,-19.72,-5.628831506594838,0.6501950585175448,-5.628831506594838
309,23-APR-2024,-690.0,-19.72,-5.628831506594838,0.6501950585175448,-5.628831506594838
310,23-APR-2024,-393.75,-19.72,-5.628831506594838,0.6501950585175448,-5.628831506594838
311,24-APR-2024,1500.0,0.78,-19.724409448818893,2.6574803149606328,-19.724409448818893
312,25-APR-2024,1500.0,4.43,0.7846983815595888,3.236880823933301,-8.410985777341834
313,26-APR-2024,-517.5,1.82,4.428223844282239,4.574209245742098,-7.080291970802912
314,26-APR-2024,2017.5,1.82,4.428223844282239,4.574209245742098,-7.080291970802912
315,29-APR-2024,-690.0,11.99,1.817334575955268,3.1453867660764248,-3.63466915191052
316,29-APR-2024,-495.0,11.99,1.817334575955268,3.1453867660764248,-3.63466915191052
317,29-APR-2024,2685.0,11.99,1.817334575955268,3.1453867660764248,-3.63466915191052
318,30-APR-2024,-750.0,5.19,11.990846681922186,11.990846681922186,-2.311212814645321
319,30-APR-2024,2250.0,5.19,11.990846681922186,11.990846681922186,-2.311212814645321
320,02-MAY-2024,-851.25,4.47,5.190028606456885,5.190028606456885,-2.7993461381283296
321,02-MAY-2024,-502.5,4.47,5.190028606456885,5.190028606456885,-2.7993461381283296
322,02-MAY-2024,-1545.0,4.47,5.190028606456885,5.190028606456885,-2.7993461381283296
323,02-MAY-2024,-450.0,4.47,5.190028606456885,5.190028606456885,-2.7993461381283296
324,02-MAY-2024,-401.25,4.47,5.190028606456885,5.190028606456885,-2.7993461381283296
325,03-MAY-2024,-480.0,8.72,4.467754467754476,4.467754467754476,-3.904428904428901
326,03-MAY-2024,1980.0,8.72,4.467754467754476,4.467754467754476,-3.904428904428901
327,06-MAY-2024,-1155.0,13.56,8.720714020081811,8.720714020081811,-5.169207883971739
328,06-MAY-2024,2655.0,13.56,8.720714020081811,8.720714020081811,-5.169207883971739
329,07-MAY-2024,-840.0,2.45,13.562510689242355,13.562510689242355,-2.479904224388556
330,07-MAY-2024,-615.0,2.45,13.562510689242355,13.562510689242355,-2.479904224388556
331,07-MAY-2024,-660.0,2.45,13.562510689242355,13.562510689242355,-2.479904224388556
332,07-MAY-2024,-1545.0,2.45,13.562510689242355,13.562510689242355,-2.479904224388556
333,07-MAY-2024,-90.0,2.45,13.562510689242355,13.562510689242355,-2.479904224388556
334,08-MAY-2024,-821.25,0.43,2.4548192771084265,2.4548192771084265,-3.8253012048192647
335,08-MAY-2024,-896.25,0.43,2.4548192771084265,2.4548192771084265,-3.8253012048192647
336,08-MAY-2024,-521.25,0.43,2.4548192771084265,2.4548192771084265,-3.8253012048192647
337,08-MAY-2024,-1211.25,0.43,2.4548192771084265,2.4548192771084265,-3.8253012048192647
338,08-MAY-2024,-300.0,0.43,2.4548192771084265,2.4548192771084265,-3.8253012048192647
339,09-MAY-2024,1500.0,6.56,0.4262825224165693,3.6307511392032903,-7.276201675731299
340,10-MAY-2024,1500.0,1.5,6.557377049180333,6.557377049180333,-5.693793911007028
341,13-MAY-2024,1500.0,11.52,1.497252747252752,2.623626373626369,-2.9395604395604407
342,14-MAY-2024,1500.0,-1.97,11.517120043307626,11.517120043307626,-4.790905399918787
343,15-MAY-2024,-487.5,0.38,-1.9660194174757333,0.4004854368932018,-8.15533980582524
344,15-MAY-2024,-1110.0,0.38,-1.9660194174757333,0.4004854368932018,-8.15533980582524
345,15-MAY-2024,-622.5,0.38,-1.9660194174757333,0.4004854368932018,-8.15533980582524
346,15-MAY-2024,-1327.5,0.38,-1.9660194174757333,0.4004854368932018,-8.15533980582524
347,15-MAY-2024,-202.5,0.38,-1.9660194174757333,0.4004854368932018,-8.15533980582524
348,16-MAY-2024,1500.0,-1.37,0.3837583560287227,1.9930675909878677,-1.906412478336212
349,17-MAY-2024,-540.0,-0.99,-1.3688494265630773,5.080774448144043,-5.5123936366999615
350,17-MAY-2024,-543.75,-0.99,-1.3688494265630773,5.080774448144043,-5.5123936366999615
351,17-MAY-2024,-720.0,-0.99,-1.3688494265630773,5.080774448144043,-5.5123936366999615
352,17-MAY-2024,-708.75,-0.99,-1.3688494265630773,5.080774448144043,-5.5123936366999615
353,17-MAY-2024,-498.75,-0.99,-1.3688494265630773,5.080774448144043,-5.5123936366999615
354,21-MAY-2024,-881.25,6.26,3.6747064023235216,16.100517742139157,-2.12147998484658
355,21-MAY-2024,-832.5,6.26,3.6747064023235216,16.100517742139157,-2.12147998484658
356,21-MAY-2024,-476.25,6.26,3.6747064023235216,16.100517742139157,-2.12147998484658
357,21-MAY-2024,-547.5,6.26,3.6747064023235216,16.100517742139157,-2.12147998484658
358,21-MAY-2024,-562.5,6.26,3.6747064023235216,16.100517742139157,-2.12147998484658
359,21-MAY-2024,-450.0,6.26,3.6747064023235216,16.100517742139157,-2.12147998484658
360,22-MAY-2024,-566.25,-1.57,6.26065773447016,6.26065773447016,-2.399512789281363
361,22-MAY-2024,2066.25,-1.57,6.26065773447016,6.26065773447016,-2.399512789281363
362,23-MAY-2024,-517.5,-0.41,-1.570380559376422,15.050435580009184,-3.7826685006877545
363,23-MAY-2024,-615.0,-0.41,-1.570380559376422,15.050435580009184,-3.7826685006877545
364,24-MAY-2024,-618.75,1.54,-0.4075928729474886,11.83183882613252,-13.206009083498316
365,24-MAY-2024,-577.5,1.54,-0.4075928729474886,11.83183882613252,-13.206009083498316
366,24-MAY-2024,-847.5,1.54,-0.4075928729474886,11.83183882613252,-13.206009083498316
367,24-MAY-2024,-615.0,1.54,-0.4075928729474886,11.83183882613252,-13.206009083498316
368,24-MAY-2024,-686.25,1.54,-0.4075928729474886,11.83183882613252,-13.206009083498316
369,24-MAY-2024,-405.0,1.54,-0.4075928729474886,11.83183882613252,-13.206009083498316
370,27-MAY-2024,-667.5,6.83,1.543498596819466,5.238540692235739,-0.8769878391019645
371,27-MAY-2024,-453.75,6.83,1.543498596819466,5.238540692235739,-0.8769878391019645
372,27-MAY-2024,-547.5,6.83,1.543498596819466,5.238540692235739,-0.8769878391019645
373,27-MAY-2024,3168.75,6.83,1.543498596819466,5.238540692235739,-0.8769878391019645
374,28-MAY-2024,-487.5,4.32,6.828650391524635,21.91386457853524,-13.8300322432059
375,28-MAY-2024,-513.75,4.32,6.828650391524635,21.91386457853524,-13.8300322432059
376,28-MAY-2024,-476.25,4.32,6.828650391524635,21.91386457853524,-13.8300322432059
377,28-MAY-2024,-532.5,4.32,6.828650391524635,21.91386457853524,-13.8300322432059
378,28-MAY-2024,-525.0,4.32,6.828650391524635,21.91386457853524,-13.8300322432059
379,28-MAY-2024,-705.0,4.32,6.828650391524635,21.91386457853524,-13.8300322432059
380,29-MAY-2024,-622.5,-0.08,4.322518055405848,9.356472997736343,-1.207286838417597
381,29-MAY-2024,-663.75,-0.08,4.322518055405848,9.356472997736343,-1.207286838417597
382,29-MAY-2024,2786.25,-0.08,4.322518055405848,9.356472997736343,-1.207286838417597
383,30-MAY-2024,-701.25,0.0,-0.082661706964247,2.603843769373833,-2.4695184955569336
384,30-MAY-2024,2201.25,0.0,-0.082661706964247,2.603843769373833,-2.4695184955569336
385,31-MAY-2024,1500.0,1.77,0.0,5.884177869700101,-1.427094105480864
386,03-JUN-2024,1500.0,-14.9,1.7683557394002003,8.293691830403304,-0.8583247156153032
387,04-JUN-2024,1500.0,27.75,-14.896860075195606,7.407783761812831,-14.896860075195606
388,05-JUN-2024,-506.25,-29.4,27.74925373134328,37.94626865671642,-23.70149253731344
389,05-JUN-2024,-765.0,-29.4,27.74925373134328,37.94626865671642,-23.70149253731344
390,05-JUN-2024,-1252.5,-29.4,27.74925373134328,37.94626865671642,-23.70149253731344
391,05-JUN-2024,-765.0,-29.4,27.74925373134328,37.94626865671642,-23.70149253731344
392,05-JUN-2024,-821.25,-29.4,27.74925373134328,37.94626865671642,-23.70149253731344
393,05-JUN-2024,180.0,-29.4,27.74925373134328,37.94626865671642,-23.70149253731344
394,06-JUN-2024,1950.0,-11.04,-29.39527058603607,0.8505467800729142,-30.0588840078512
395,06-JUN-2024,-450.0,-11.04,-29.39527058603607,0.8505467800729142,-30.0588840078512
396,07-JUN-2024,1500.0,0.49,-11.040508339952346,1.2840879004500911,-11.040508339952346
397,10-JUN-2024,-536.25,-2.87,0.491071428571426,3.035714285714295,-1.5624999999999956
398,10-JUN-2024,2036.25,-2.87,0.491071428571426,3.035714285714295,-1.5624999999999956
399,11-JUN-2024,-476.25,-9.96,-2.872797275285055,1.347549237375976,-5.049607581815485
400,11-JUN-2024,-461.25,-9.96,-2.872797275285055,1.347549237375976,-5.049607581815485
401,11-JUN-2024,2437.5,-9.96,-2.872797275285055,1.347549237375976,-5.049607581815485
402,12-JUN-2024,1500.0,-2.56,-9.955785942979114,0.5488641561213591,-9.955785942979114
403,13-JUN-2024,-723.75,-6.26,-2.556721977649856,8.27971554351507,-2.556721977649856
404,13-JUN-2024,-896.25,-6.26,-2.556721977649856,8.27971554351507,-2.556721977649856
405,13-JUN-2024,-705.0,-6.26,-2.556721977649856,8.27971554351507,-2.556721977649856
406,13-JUN-2024,-558.75,-6.26,-2.556721977649856,8.27971554351507,-2.556721977649856
407,13-JUN-2024,-708.75,-6.26,-2.556721977649856,8.27971554351507,-2.556721977649856
408,13-JUN-2024,-157.5,-6.26,-2.556721977649856,8.27971554351507,-2.556721977649856
409,14-JUN-2024,1500.0,-4.93,-6.255430060816672,1.2163336229365818,-6.255430060816672
410,18-JUN-2024,-836.25,1.11,-4.930491195551443,1.241890639481004,-4.930491195551443
411,18-JUN-2024,-761.25,1.11,-4.930491195551443,1.241890639481004,-4.930491195551443
412,18-JUN-2024,-667.5,1.11,-4.930491195551443,1.241890639481004,-4.930491195551443
413,18-JUN-2024,-476.25,1.11,-4.930491195551443,1.241890639481004,-4.930491195551443
414,18-JUN-2024,-453.75,1.11,-4.930491195551443,1.241890639481004,-4.930491195551443
415,19-JUN-2024,-712.5,5.77,1.1113277441996496,2.6515890037044247,-3.548449990251511
416,19-JUN-2024,-577.5,5.77,1.1113277441996496,2.6515890037044247,-3.548449990251511
417,19-JUN-2024,2790.0,5.77,1.1113277441996496,2.6515890037044247,-3.548449990251511
418,20-JUN-2024,-746.25,-2.68,5.765522560740459,16.06247589664481,-0.7905900501349723
419,20-JUN-2024,-1882.5,-2.68,5.765522560740459,16.06247589664481,-0.7905900501349723
420,20-JUN-2024,-960.0,-2.68,5.765522560740459,16.06247589664481,-0.7905900501349723
421,20-JUN-2024,-161.25,-2.68,5.765522560740459,16.06247589664481,-0.7905900501349723
422,21-JUN-2024,-558.75,-1.24,-2.680036463081128,1.768459434822253,-5.214220601640838
423,21-JUN-2024,-495.0,-1.24,-2.680036463081128,1.768459434822253,-5.214220601640838
424,21-JUN-2024,-506.25,-1.24,-2.680036463081128,1.768459434822253,-5.214220601640838
425,21-JUN-2024,-461.25,-1.24,-2.680036463081128,1.768459434822253,-5.214220601640838
426,21-JUN-2024,-513.75,-1.24,-2.680036463081128,1.768459434822253,-5.214220601640838
427,21-JUN-2024,4035.0,-1.24,-2.680036463081128,1.768459434822253,-5.214220601640838
428,24-JUN-2024,-686.25,6.66,-1.2364181341326408,5.282877482203072,-3.072311727238667
429,24-JUN-2024,-828.75,6.66,-1.2364181341326408,5.282877482203072,-3.072311727238667
430,24-JUN-2024,-472.5,6.66,-1.2364181341326408,5.282877482203072,-3.072311727238667
431,24-JUN-2024,3487.5,6.66,-1.2364181341326408,5.282877482203072,-3.072311727238667
432,25-JUN-2024,-761.25,1.81,6.657814871016689,6.885432473444604,-1.5933232169954543
433,25-JUN-2024,-892.5,1.81,6.657814871016689,6.885432473444604,-1.5933232169954543
434,25-JUN-2024,-461.25,1.81,6.657814871016689,6.885432473444604,-1.5933232169954543
435,25-JUN-2024,-783.75,1.81,6.657814871016689,6.885432473444604,-1.5933232169954543
436,25-JUN-2024,-483.75,1.81,6.657814871016689,6.885432473444604,-1.5933232169954543
437,25-JUN-2024,-367.5,1.81,6.657814871016689,6.885432473444604,-1.5933232169954543
438,26-JUN-2024,-1057.5,-1.87,1.813978303396769,3.343410990574431,-1.0136937577805447
439,26-JUN-2024,-570.0,-1.87,1.813978303396769,3.343410990574431,-1.0136937577805447
440,26-JUN-2024,-633.75,-1.87,1.813978303396769,3.343410990574431,-1.0136937577805447
441,26-JUN-2024,3761.25,-1.87,1.813978303396769,3.343410990574431,-1.0136937577805447
442,27-JUN-2024,-978.75,0.77,-1.8689956331877733,0.4192139737991301,-3.510917030567682
443,27-JUN-2024,-963.75,0.77,-1.8689956331877733,0.4192139737991301,-3.510917030567682
444,27-JUN-2024,3442.5,0.77,-1.8689956331877733,0.4192139737991301,-3.510917030567682
445,28-JUN-2024,1500.0,-2.47,0.7653969384122459,1.6909932360270612,-3.2573869704521154
446,01-JUL-2024,1500.0,0.2,-2.4730612965907057,0.8125772831655199,-3.444621091679908
447,02-JUL-2024,1500.0,-1.37,0.1992392682485047,0.2716899112479597,-2.879913059228394
448,03-JUL-2024,-918.75,-3.19,-1.3738250180766414,2.295733911785978,-2.6934201012292025
449,03-JUL-2024,-825.0,-3.19,-1.3738250180766414,2.295733911785978,-2.6934201012292025
450,03-JUL-2024,3243.75,-3.19,-1.3738250180766414,2.295733911785978,-2.6934201012292025
451,04-JUL-2024,-457.5,-2.65,-3.189149560117305,2.456011730205285,-3.7390029325513177
452,04-JUL-2024,1957.5,-2.65,-3.189149560117305,2.456011730205285,-3.7390029325513177
453,05-JUL-2024,-450.0,-1.24,-2.6505111700113564,4.5248012116622505,-2.6505111700113564
454,05-JUL-2024,1950.0,-1.24,-2.6505111700113564,4.5248012116622505,-2.6505111700113564
455,08-JUL-2024,-708.75,7.13,-1.2446518864255165,4.784130688448076,-2.2948269155970435
456,08-JUL-2024,-645.0,7.13,-1.2446518864255165,4.784130688448076,-2.2948269155970435
457,08-JUL-2024,-585.0,7.13,-1.2446518864255165,4.784130688448076,-2.2948269155970435
458,08-JUL-2024,-1035.0,7.13,-1.2446518864255165,4.784130688448076,-2.2948269155970435
459,08-JUL-2024,-476.25,7.13,-1.2446518864255165,4.784130688448076,-2.2948269155970435
460,08-JUL-2024,-300.0,7.13,-1.2446518864255165,4.784130688448076,-2.2948269155970435
461,09-JUL-2024,-592.5,5.0,7.128790862544304,7.128790862544304,-1.2406459235919705
462,09-JUL-2024,-491.25,5.0,7.128790862544304,7.128790862544304,-1.2406459235919705
463,09-JUL-2024,2583.75,5.0,7.128790862544304,7.128790862544304,-1.2406459235919705
464,10-JUL-2024,-618.75,1.07,4.999999999999998,10.955882352941178,-0.9007352941176509
465,10-JUL-2024,-663.75,1.07,4.999999999999998,10.955882352941178,-0.9007352941176509
466,10-JUL-2024,-465.0,1.07,4.999999999999998,10.955882352941178,-0.9007352941176509
467,10-JUL-2024,-675.0,1.07,4.999999999999998,10.955882352941178,-0.9007352941176509
468,10-JUL-2024,3922.5,1.07,4.999999999999998,10.955882352941178,-0.9007352941176509
469,11-JUL-2024,1511.25,-3.03,1.0679271708683462,7.177871148459373,-3.3788515406162465
470,12-JUL-2024,1500.0,-1.93,-3.031352849471679,9.111380564697727,-3.031352849471679
471,15-JUL-2024,-663.75,3.37,-1.9292604501607689,3.5905680600214334,-2.3401214719542733
472,15-JUL-2024,-513.75,3.37,-1.9292604501607689,3.5905680600214334,-2.3401214719542733
473,15-JUL-2024,-570.0,3.37,-1.9292604501607689,3.5905680600214334,-2.3401214719542733
474,15-JUL-2024,-472.5,3.37,-1.9292604501607689,3.5905680600214334,-2.3401214719542733
475,15-JUL-2024,-941.25,3.37,-1.9292604501607689,3.5905680600214334,-2.3401214719542733
476,15-JUL-2024,277.5,3.37,-1.9292604501607689,3.5905680600214334,-2.3401214719542733
477,16-JUL-2024,-498.75,0.25,3.3697632058287823,4.517304189435331,-1.11111111111111
478,16-JUL-2024,1998.75,0.25,3.3697632058287823,4.517304189435331,-1.11111111111111
479,18-JUL-2024,1500.0,2.02,0.2466960352422917,2.9603524229074885,-2.572687224669605
480,19-JUL-2024,1500.0,2.17,2.0214448936544183,5.34364563192125,-1.4062225347161263
481,19-JUL-2024,1500.0,2.17,0.0,12.2157133011716,-3.1357684355616824
482,22-JUL-2024,1500.0,4.13,2.170916609235007,14.386629910406606,-0.9648518263266752
483,23-JUL-2024,1500.0,-17.43,4.131534569983142,15.66610455311973,-1.2647554806070826
484,24-JUL-2024,-742.5,-7.73,-17.425101214574894,1.004048582995959,-21.489878542510127
485,24-JUL-2024,-551.25,-7.73,-17.425101214574894,1.004048582995959,-21.489878542510127
486,24-JUL-2024,-678.75,-7.73,-17.425101214574894,1.004048582995959,-21.489878542510127
487,24-JUL-2024,3472.5,-7.73,-17.425101214574894,1.004048582995959,-21.489878542510127
488,25-JUL-2024,-1428.75,7.27,-7.727005295155923,1.1374779368503594,-17.846636595410867
489,25-JUL-2024,-705.0,7.27,-7.727005295155923,1.1374779368503594,-17.846636595410867
490,25-JUL-2024,-600.0,7.27,-7.727005295155923,1.1374779368503594,-17.846636595410867
491,25-JUL-2024,-570.0,7.27,-7.727005295155923,1.1374779368503594,-17.846636595410867
492,25-JUL-2024,-446.25,7.27,-7.727005295155923,1.1374779368503594,-17.846636595410867
493,25-JUL-2024,0.0,7.27,-7.727005295155923,1.1374779368503594,-17.846636595410867
494,26-JUL-2024,1500.0,-2.93,7.268862911795966,11.413390010626989,-5.100956429330497
495,29-JUL-2024,-517.5,5.7,-2.93243510996631,2.139885080245701,-7.033881513770552
496,29-JUL-2024,2017.5,5.7,-2.93243510996631,2.139885080245701,-7.033881513770552
497,30-JUL-2024,1500.0,-0.5,5.695039804041639,7.491324760155137,-2.5311288017962887
498,02-AUG-2024,1500.0,10.75,-2.415094339622644,7.150943396226414,-2.8301886792452837
499,05-AUG-2024,1500.0,42.23,10.750193348801242,20.320959010054136,-1.469450889404482
500,06-AUG-2024,-1473.75,-7.98,42.23114525139665,45.111731843575406,-19.44832402234637
501,06-AUG-2024,-622.5,-7.98,42.23114525139665,45.111731843575406,-19.44832402234637
502,06-AUG-2024,-652.5,-7.98,42.23114525139665,45.111731843575406,-19.44832402234637
503,06-AUG-2024,-615.0,-7.98,42.23114525139665,45.111731843575406,-19.44832402234637
504,06-AUG-2024,-502.5,-7.98,42.23114525139665,45.111731843575406,-19.44832402234637
505,06-AUG-2024,116.25,-7.98,42.23114525139665,45.111731843575406,-19.44832402234637
506,07-AUG-2024,2388.75,-13.73,-7.978396955934699,19.02540812569044,-7.978396955934699
507,07-AUG-2024,-888.75,-13.73,-7.978396955934699,19.02540812569044,-7.978396955934699
508,08-AUG-2024,-495.0,2.67,-13.725490196078422,13.058556756035756,-13.725490196078422
509,08-AUG-2024,2445.0,2.67,-13.725490196078422,13.058556756035756,-13.725490196078422
510,08-AUG-2024,-450.0,2.67,-13.725490196078422,13.058556756035756,-13.725490196078422
511,09-AUG-2024,1500.0,-7.63,2.674706246134801,13.744588744588734,-3.880643166357459
512,12-AUG-2024,-487.5,3.47,-7.634392410781499,11.459117602770675,-7.634392410781499
513,12-AUG-2024,-765.0,3.47,-7.634392410781499,11.459117602770675,-7.634392410781499
514,12-AUG-2024,-817.5,3.47,-7.634392410781499,11.459117602770675,-7.634392410781499
515,12-AUG-2024,3570.0,3.47,-7.634392410781499,11.459117602770675,-7.634392410781499
516,13-AUG-2024,-783.75,1.89,3.4724486468862006,16.12324747310075,-4.499510922725799
517,13-AUG-2024,-487.5,1.89,3.4724486468862006,16.12324747310075,-4.499510922725799
518,13-AUG-2024,-540.0,1.89,3.4724486468862006,16.12324747310075,-4.499510922725799
519,13-AUG-2024,-675.0,1.89,3.4724486468862006,16.12324747310075,-4.499510922725799
520,13-AUG-2024,-671.25,1.89,3.4724486468862006,16.12324747310075,-4.499510922725799
521,13-AUG-2024,-498.75,1.89,3.4724486468862006,16.12324747310075,-4.499510922725799
522,13-AUG-2024,-93.75,1.89,3.4724486468862006,16.12324747310075,-4.499510922725799
523,14-AUG-2024,-570.0,-4.53,1.890657003308654,12.25775957145108,-1.30770442728848
524,14-AUG-2024,-487.5,-4.53,1.890657003308654,12.25775957145108,-1.30770442728848
525,14-AUG-2024,-551.25,-4.53,1.890657003308654,12.25775957145108,-1.30770442728848
526,14-AUG-2024,-667.5,-4.53,1.890657003308654,12.25775957145108,-1.30770442728848
527,14-AUG-2024,-607.5,-4.53,1.890657003308654,12.25775957145108,-1.30770442728848
528,14-AUG-2024,-603.75,-4.53,1.890657003308654,12.25775957145108,-1.30770442728848
529,14-AUG-2024,-262.5,-4.53,1.890657003308654,12.25775957145108,-1.30770442728848
530,16-AUG-2024,1500.0,-6.69,-4.53069429410855,9.9737126952219,-4.855419823720417
531,19-AUG-2024,-750.0,-0.61,-6.689342403628122,9.41043083900227,-6.689342403628122
532,19-AUG-2024,2250.0,-0.61,-6.689342403628122,9.41043083900227,-6.689342403628122
533,20-AUG-2024,1500.0,-3.46,-0.6075334143377911,7.759069605971184,-3.575768095816702
534,21-AUG-2024,-450.0,-3.53,-3.4579112818721565,16.730702060775407,-3.4579112818721565
535,21-AUG-2024,-633.75,-3.53,-3.4579112818721565,16.730702060775407,-3.4579112818721565
536,21-AUG-2024,-686.25,-3.53,-3.4579112818721565,16.730702060775407,-3.4579112818721565
537,21-AUG-2024,-731.25,-3.53,-3.4579112818721565,16.730702060775407,-3.4579112818721565
538,21-AUG-2024,-510.0,-3.53,-3.4579112818721565,16.730702060775407,-3.4579112818721565
539,21-AUG-2024,-472.5,-3.53,-3.4579112818721565,16.730702060775407,-3.4579112818721565
540,21-AUG-2024,-266.25,-3.53,-3.4579112818721565,16.730702060775407,-3.4579112818721565
541,22-AUG-2024,-543.75,-2.49,-3.527496382054998,10.926193921852386,-5.155571635311146
542,22-AUG-2024,-513.75,-2.49,-3.527496382054998,10.926193921852386,-5.155571635311146
543,22-AUG-2024,-502.5,-2.49,-3.527496382054998,10.926193921852386,-5.155571635311146
544,22-AUG-2024,-457.5,-2.49,-3.527496382054998,10.926193921852386,-5.155571635311146
545,22-AUG-2024,-521.25,-2.49,-3.527496382054998,10.926193921852386,-5.155571635311146
546,23-AUG-2024,-753.75,4.25,-2.493905869116817,15.319707481717613,-5.869116819801243
547,23-AUG-2024,-517.5,4.25,-2.493905869116817,15.319707481717613,-5.869116819801243
548,23-AUG-2024,-480.0,4.25,-2.493905869116817,15.319707481717613,-5.869116819801243
549,23-AUG-2024,-663.75,4.25,-2.493905869116817,15.319707481717613,-5.869116819801243
550,23-AUG-2024,438.75,4.25,-2.493905869116817,15.319707481717613,-5.869116819801243
551,26-AUG-2024,1500.0,1.79,4.250000000000002,20.86538461538462,-0.5192307692307616
552,27-AUG-2024,1500.0,-1.18,1.78933776056078,13.171001660210294,-1.4572957019000168
553,28-AUG-2024,1500.0,2.33,-1.177963030083361,6.6872055092424745,-2.7364987314244256
554,29-AUG-2024,-491.25,-1.16,2.32899321474417,14.047313405464877,-0.9902805794975356
555,29-AUG-2024,1991.25,-1.16,2.32899321474417,14.047313405464877,-0.9902805794975356
556,30-AUG-2024,-577.5,-2.86,-1.1648745519713235,9.354838709677418,-2.4910394265232987
557,30-AUG-2024,-476.25,-2.86,-1.1648745519713235,9.354838709677418,-2.4910394265232987
558,30-AUG-2024,-573.75,-2.86,-1.1648745519713235,9.354838709677418,-2.4910394265232987
559,30-AUG-2024,-506.25,-2.86,-1.1648745519713235,9.354838709677418,-2.4910394265232987
560,30-AUG-2024,-562.5,-2.86,-1.1648745519713235,9.354838709677418,-2.4910394265232987
561,30-AUG-2024,-498.75,-2.86,-1.1648745519713235,9.354838709677418,-2.4910394265232987
562,02-SEP-2024,-498.75,4.98,-2.8649138712601965,6.183136899365374,-3.717135086128735
563,02-SEP-2024,-735.0,4.98,-2.8649138712601965,6.183136899365374,-3.717135086128735
564,02-SEP-2024,2733.75,4.98,-2.8649138712601965,6.183136899365374,-3.717135086128735
565,03-SEP-2024,-465.0,-1.55,4.984132910210942,10.696285234272922,-1.4187044987866306
566,03-SEP-2024,-626.25,-1.55,4.984132910210942,10.696285234272922,-1.4187044987866306
567,03-SEP-2024,-765.0,-1.55,4.984132910210942,10.696285234272922,-1.4187044987866306
568,04-SEP-2024,-536.25,3.86,-1.5469416785206338,8.197012802275959,-2.187055476529168
569,04-SEP-2024,-686.25,3.86,-1.5469416785206338,8.197012802275959,-2.187055476529168
570,04-SEP-2024,-585.0,3.86,-1.5469416785206338,8.197012802275959,-2.187055476529168
571,04-SEP-2024,3307.5,3.86,-1.5469416785206338,8.197012802275959,-2.187055476529168
572,05-SEP-2024,-896.25,-1.18,3.864908795376559,11.359942206971285,-1.28228282463428
573,05-SEP-2024,2396.25,-1.18,3.864908795376559,11.359942206971285,-1.28228282463428
574,06-SEP-2024,1500.0,7.11,-1.182403060337332,6.068509824378361,-1.182403060337332
575,09-SEP-2024,-997.5,-6.44,7.108921344360372,20.16540559563611,-3.202533872954426
576,09-SEP-2024,-611.25,-6.44,7.108921344360372,20.16540559563611,-3.202533872954426
577,09-SEP-2024,-480.0,-6.44,7.108921344360372,20.16540559563611,-3.202533872954426
578,09-SEP-2024,-663.75,-6.44,7.108921344360372,20.16540559563611,-3.202533872954426
579,09-SEP-2024,-517.5,-6.44,7.108921344360372,20.16540559563611,-3.202533872954426
580,10-SEP-2024,-510.0,-6.16,-6.43995400032856,0.8378511582060213,-8.70708066370954
581,10-SEP-2024,2010.0,-6.16,-6.43995400032856,0.8378511582060213,-8.70708066370954
582,11-SEP-2024,-708.75,2.0,-6.163301141352072,8.375768217734848,-6.163301141352072
583,11-SEP-2024,-630.0,2.0,-6.163301141352072,8.375768217734848,-6.163301141352072
584,11-SEP-2024,-502.5,2.0,-6.163301141352072,8.375768217734848,-6.163301141352072
585,11-SEP-2024,-1005.0,2.0,-6.163301141352072,8.375768217734848,-6.163301141352072
586,11-SEP-2024,-768.75,2.0,-6.163301141352072,8.375768217734848,-6.163301141352072
587,11-SEP-2024,5115.0,2.0,-6.163301141352072,8.375768217734848,-6.163301141352072
588,12-SEP-2024,1500.0,-3.27,2.0022455089820363,17.234281437125752,-1.029191616766475
589,13-SEP-2024,1500.0,-4.8,-3.265455879655112,14.988075582461924,-3.265455879655112
590,16-SEP-2024,-615.0,-0.72,-4.798027688223012,0.6258296984638828,-4.798027688223012
591,16-SEP-2024,-450.0,-0.72,-4.798027688223012,0.6258296984638828,-4.798027688223012
592,16-SEP-2024,-600.0,-0.72,-4.798027688223012,0.6258296984638828,-4.798027688223012
593,16-SEP-2024,-663.75,-0.72,-4.798027688223012,0.6258296984638828,-4.798027688223012
594,16-SEP-2024,-611.25,-0.72,-4.798027688223012,0.6258296984638828,-4.798027688223012
595,17-SEP-2024,-510.0,1.04,-0.7171314741035845,1.1952191235059788,-3.9442231075697145
596,17-SEP-2024,-697.5,1.04,-0.7171314741035845,1.1952191235059788,-3.9442231075697145
597,17-SEP-2024,-603.75,1.04,-0.7171314741035845,1.1952191235059788,-3.9442231075697145
598,17-SEP-2024,-547.5,1.04,-0.7171314741035845,1.1952191235059788,-3.9442231075697145
599,18-SEP-2024,1500.0,6.22,1.0433386837881138,5.678170144462276,-1.2841091492776897
600,19-SEP-2024,1500.0,-6.75,6.215250198570299,8.836378077839562,-3.772835583796661
601,20-SEP-2024,-468.75,2.57,-6.748925032716395,2.7668723125817984,-6.748925032716395
602,20-SEP-2024,-461.25,2.57,-6.748925032716395,2.7668723125817984,-6.748925032716395
603,20-SEP-2024,-502.5,2.57,-6.748925032716395,2.7668723125817984,-6.748925032716395
604,20-SEP-2024,-660.0,2.57,-6.748925032716395,2.7668723125817984,-6.748925032716395
605,20-SEP-2024,3592.5,2.57,-6.748925032716395,2.7668723125817984,-6.748925032716395
606,23-SEP-2024,1500.0,7.78,2.566158781074567,15.13632718524458,-2.566158781074581
607,24-SEP-2024,1500.0,-2.85,7.77951524628617,10.613760750586396,-1.9155590304925665
608,25-SEP-2024,-521.25,-4.85,-2.8472977874501275,4.71527022125499,-5.168661588683355
609,25-SEP-2024,-618.75,-4.85,-2.8472977874501275,4.71527022125499,-5.168661588683355
610,25-SEP-2024,-622.5,-4.85,-2.8472977874501275,4.71527022125499,-5.168661588683355
611,25-SEP-2024,-465.0,-4.85,-2.8472977874501275,4.71527022125499,-5.168661588683355
612,25-SEP-2024,1897.5,-4.85,-2.8472977874501275,4.71527022125499,-5.168661588683355
613,26-SEP-2024,-993.75,-5.81,-4.853462759006909,28.094082508866897,-6.477506066828447
614,26-SEP-2024,-532.5,-5.81,-4.853462759006909,28.094082508866897,-6.477506066828447
615,26-SEP-2024,-892.5,-5.81,-4.853462759006909,28.094082508866897,-6.477506066828447
616,26-SEP-2024,-555.0,-5.81,-4.853462759006909,28.094082508866897,-6.477506066828447
617,26-SEP-2024,4473.75,-5.81,-4.853462759006909,28.094082508866897,-6.477506066828447
618,27-SEP-2024,-626.25,-0.33,-5.807337649597804,5.101039827349424,-5.807337649597804
619,27-SEP-2024,-723.75,-0.33,-5.807337649597804,5.101039827349424,-5.807337649597804
620,27-SEP-2024,-600.0,-0.33,-5.807337649597804,5.101039827349424,-5.807337649597804
621,27-SEP-2024,-498.75,-0.33,-5.807337649597804,5.101039827349424,-5.807337649597804
622,27-SEP-2024,-881.25,-0.33,-5.807337649597804,5.101039827349424,-5.807337649597804
623,30-SEP-2024,1500.0,6.9,-0.3332639033534609,12.164132472401592,-0.97896271610081
624,01-OCT-2024,-450.0,-6.26,6.896551724137925,9.926854754440962,-3.7617554858934255
625,01-OCT-2024,1950.0,-6.26,6.896551724137925,9.926854754440962,-3.7617554858934255
626,03-OCT-2024,1500.0,9.86,-6.256109481915925,2.150537634408605,-6.256109481915925
627,04-OCT-2024,-997.5,7.27,9.864442127215844,12.387904066736178,-6.31908237747654
628,04-OCT-2024,-993.75,7.27,9.864442127215844,12.387904066736178,-6.31908237747654
629,04-OCT-2024,-547.5,7.27,9.864442127215844,12.387904066736178,-6.31908237747654
630,04-OCT-2024,-480.0,7.27,9.864442127215844,12.387904066736178,-6.31908237747654
631,04-OCT-2024,-281.25,7.27,9.864442127215844,12.387904066736178,-6.31908237747654
632,04-OCT-2024,-450.0,7.27,9.864442127215844,12.387904066736178,-6.31908237747654
633,07-OCT-2024,-562.5,6.74,7.270311313591494,13.99012908124525,-2.6765375854214195
634,07-OCT-2024,-607.5,6.74,7.270311313591494,13.99012908124525,-2.6765375854214195
635,08-OCT-2024,-828.75,-3.27,6.742169527517258,10.352150061935944,-2.9729251459918595
636,08-OCT-2024,-626.25,-3.27,6.742169527517258,10.352150061935944,-2.9729251459918595
637,08-OCT-2024,-528.75,-3.27,6.742169527517258,10.352150061935944,-2.9729251459918595
638,08-OCT-2024,-573.75,-3.27,6.742169527517258,10.352150061935944,-2.9729251459918595
639,08-OCT-2024,-570.0,-3.27,6.742169527517258,10.352150061935944,-2.9729251459918595
640,09-OCT-2024,-450.0,-3.19,-3.265915119363393,4.708222811671093,-6.415782493368696
641,09-OCT-2024,-648.75,-3.19,-3.265915119363393,4.708222811671093,-6.415782493368696
642,09-OCT-2024,-603.75,-3.19,-3.265915119363393,4.708222811671093,-6.415782493368696
643,09-OCT-2024,3202.5,-3.19,-3.265915119363393,4.708222811671093,-6.415782493368696
644,10-OCT-2024,-528.75,-4.44,-3.187660668380462,9.751499571550994,-3.187660668380462
645,10-OCT-2024,-1128.75,-4.44,-3.187660668380462,9.751499571550994,-3.187660668380462
646,10-OCT-2024,-1323.75,-4.44,-3.187660668380462,9.751499571550994,-3.187660668380462
647,10-OCT-2024,-318.75,-4.44,-3.187660668380462,9.751499571550994,-3.187660668380462
648,10-OCT-2024,-450.0,-4.44,-3.187660668380462,9.751499571550994,-3.187660668380462
649,11-OCT-2024,-483.75,-2.04,-4.443264294565418,12.51548946716233,-4.443264294565418
650,11-OCT-2024,-513.75,-2.04,-4.443264294565418,12.51548946716233,-4.443264294565418
651,11-OCT-2024,-476.25,-2.04,-4.443264294565418,12.51548946716233,-4.443264294565418
652,11-OCT-2024,-517.5,-2.04,-4.443264294565418,12.51548946716233,-4.443264294565418
653,11-OCT-2024,-678.75,-2.04,-4.443264294565418,12.51548946716233,-4.443264294565418
654,14-OCT-2024,-461.25,-1.7,-2.037791774731372,12.48610596517229,-3.575398295665061
655,14-OCT-2024,1961.25,-1.7,-2.037791774731372,12.48610596517229,-3.575398295665061
656,15-OCT-2024,-570.0,0.06,-1.7019667170953208,0.6051437216338886,-5.597579425113466
657,15-OCT-2024,2070.0,0.06,-1.7019667170953208,0.6051437216338886,-5.597579425113466
658,16-OCT-2024,-472.5,0.38,0.057714505579071,16.006156213928435,-2.770296267795316
659,16-OCT-2024,-457.5,0.38,0.057714505579071,16.006156213928435,-2.770296267795316
660,16-OCT-2024,2430.0,0.38,0.057714505579071,16.006156213928435,-2.770296267795316
661,17-OCT-2024,1500.0,2.57,0.3845414343395555,12.439915400884445,-3.903095558546436
662,18-OCT-2024,-1098.75,-2.61,2.56655813062631,17.812679563302044,-0.593755985443406
663,18-OCT-2024,2598.75,-2.61,2.56655813062631,17.812679563302044,-0.593755985443406
664,21-OCT-2024,1500.0,5.56,-2.614379084967318,1.269841269841269,-7.637721755368821
665,22-OCT-2024,1500.0,4.6,5.560882070949182,9.280920421860014,-3.3173537871524528
666,23-OCT-2024,1500.0,1.58,4.595821980018168,35.78564940962761,-0.8719346049046395
667,24-OCT-2024,-1852.5,-4.46,1.5804098645363036,20.024313997915947,-2.8482111844390423
668,24-OCT-2024,-1665.0,-4.46,1.5804098645363036,20.024313997915947,-2.8482111844390423
669,24-OCT-2024,-232.5,-4.46,1.5804098645363036,20.024313997915947,-2.8482111844390423
670,25-OCT-2024,1500.0,4.74,-4.462301248076593,8.719439220379554,-6.34296460933493
671,28-OCT-2024,-1113.75,-2.34,4.74230493915533,9.18038654259127,-3.203292770221902
672,28-OCT-2024,-618.75,-2.34,4.74230493915533,9.18038654259127,-3.203292770221902
673,28-OCT-2024,3232.5,-2.34,4.74230493915533,9.18038654259127,-3.203292770221902
674,29-OCT-2024,-491.25,1.57,-2.340679993165905,5.159747138219709,-8.115496326670083
675,29-OCT-2024,-1218.75,1.57,-2.340679993165905,5.159747138219709,-8.115496326670083
676,29-OCT-2024,3210.0,1.57,-2.340679993165905,5.159747138219709,-8.115496326670083
677,30-OCT-2024,1500.0,6.85,1.5745276417074978,6.700489853044096,-3.5864240727781618
678,31-OCT-2024,-858.75,0.26,6.854977609369612,8.473992421632797,-1.308990699276607
679,31-OCT-2024,-630.0,0.26,6.854977609369612,8.473992421632797,-1.308990699276607
680,31-OCT-2024,2988.75,0.26,6.854977609369612,8.473992421632797,-1.308990699276607
